;Achromobacter;Acidiferrobacter;Acidipila;Acidisphaera;Acidobacterium;Acidovorax;Actinoallomurus;Actinocorallia;Actinokineospora;Actinomadura;Actinophytocola;Actinoplanes;Actinospica;Actinotalea;Adhaeribacter;Advenella;Aeromicrobium;Afifella;Afipia;Aggregicoccus;Agrobacterium;Agromyces;Albidiferax;Allokutzneria;Alsobacter;Altererythrobacter;Amaricoccus;Ammoniphilus;Amnibacterium;Amphiplicatus;Amycolatopsis;Anaeromyxobacter;Anaplasma;Ancalomicrobium;Ancylobacter;Aneurinibacillus;Angustibacter;Aquabacterium;Aquamicrobium;Aquicella;Aquihabitans;Aquimonas;Aquincola;Aquisphaera;Archangium;Arenimonas;Aridibacter;Arthrobacter;Asticcacaulis;Azoarcus;Azohydromonas;Azomonas;Azonexus;Azospira;Azospirillum;Azotobacter;Bacillus;Bacteriovorax;Bauldia;Bdellovibrio;Belnapia;Bhargavaea;Blastocatella;Blastococcus;Blastopirellula;Bosea;Bradyrhizobium;Brevibacillus;Brevundimonas;Bryobacter;Burkholderia;Byssovorax;Ca.Caedibacter;Ca.Glomeribacter;Caenimonas;Carnobacterium;Catellatospora;Catelliglobosispora;Catenulispora;Catenuloplanes;Caulobacter;Cellulomonas;Cellvibrio;Chelativorans;Chelatococcus;Chitinimonas;Chitinophaga;Chryseobacterium;Citrobacter;Clostridium;Cnuella;Cohnella;Collimonas;Conexibacter;Coxiella;Craurococcus;Crenobacter;Cryptosporangium;Cupriavidus;Curtobacterium;Curvibacter;Cystobacter;Cytophaga;Dactylosporangium;Dechloromonas;Defluviimonas;Deinococcus;Delftia;Denitratisoma;Desulfobacca;Desulfoglaeba;Desulfosporosinus;Devosia;Diaphorobacter;Diplorickettsia;Dokdonella;Dongia;Duganella;Dyadobacter;Edaphobacter;Effusibacillus;Elusimicrobium;Ensifer;Enterobacter;Enterococcus;Falsibacillus;Ferribacterium;Ferritrophicum;Ferrovibrio;Ferruginibacter;Fervidicella;Fictibacillus;Filimonas;Fimbriimonas;Flavisolibacter;Flavitalea;Flavobacterium;Fontimonas;Frankia;Frigoribacterium;Gaiella;Gallionella;Geminicoccus;Gemmata;Gemmatimonas;Geobacter;Geodermatophilus;Georgfuchsia;Gracilibacter;Granulicella;Haliangium;Haliscomenobacter;Halobacteriovorax;Hamadaea;Heliimonas;Herbaspirillum;Herbidospora;Herpetosiphon;Hoeflea;Hoyosella;Humibacillus;Hyalangium;Hydrocarboniphaga;Hydrogenophaga;Hyphomicrobium;Iamia;Ideonella;Ignavibacterium;Ilumatobacter;Inhella;Inquilinus;Intrasporangium;Jahnella;Janthinobacterium;Jatrophihabitans;Kaistia;Kallotenue;Kibdelosporangium;Kineosporia;Kinneretia;Kitasatospora;Kluyvera;Knoellia;Kofleria;Kribbella;Ktedonobacter;Kutzneria;Labilithrix;Labrys;Lacibacter;Lacibacterium;Larkinella;Lautropia;Lechevalieria;Leeia;Leifsonia;Lentzea;Leptonema;Leptothrix;Limnobacter;Limnohabitans;Litorilinea;Luedemannella;Luteibacter;Luteimonas;Luteolibacter;Lysinibacillus;Lysinimonas;Lysobacter;Magnetospirillum;Marmoricola;Massilia;Melioribacter;Mesorhizobium;Methylibium;Methylobacillus;Methylobacterium;Methylocapsa;Methyloceanibacter;Methylophilus;Methylosinus;Methylotenera;Methylovirgula;Methylovorus;Microbacterium;Micromonospora;Microvirga;Millisia;Minicystis;Mitsuaria;Mizugakiibacter;Mobilitalea;Modestobacter;Mucilaginibacter;Mycobacterium;Mycoplana;Myxococcus;Nakamurella;Nannocystis;Neochlamydia;Neorhizobium;Niastella;Nitratireductor;Nitrobacter;Nitrolancea;Nitrosomonas;Nitrosospira;Nitrospira;Nitrospirillum;Nocardioides;NotAssigned;Noviherbaspirillum;Novosphingobium;Oceanibaculum;Oleomonas;Oligoflexus;Oligotropha;Opitutus;Orientia;Ornithinimicrobium;Oryzihumus;Oscillochloris;Ottowia;Owenweeksia;Oxalicibacterium;Oxalobacter;Paenibacillus;Panacagrimonas;Pandoraea;Pantoea;Parablastomonas;Parachlamydia;Parafilimonas;Parasegetibacter;Parvibaculum;Paucibacter;Paucimonas;Pedobacter;Pedomicrobium;Pelobacter;Pelomonas;Peredibacter;Permianibacter;Phaselicystis;Phenylobacterium;Phreatobacter;Phycicoccus;Phycisphaera;Phyllobacterium;Phytohabitans;Pilimelia;Pirellula;Piscinibacter;Planctopirus;Planococcus;Planosporangium;Plantactinospora;Plasticicumulans;Pleomorphomonas;Polaromonas;Polyangium;Polymorphospora;Povalibacter;Propionicimonas;Propionivibrio;Prosthecobacter;Prosthecomicrobium;Pseudobacteriovorax;Pseudoduganella;Pseudogulbenkiania;Pseudolabrys;Pseudomonas;Pseudonocardia;Pseudorhodoferax;Pseudosporangium;Pseudoxanthomonas;Ralstonia;Ramlibacter;Raoultella;Reyranella;Rhizobacter;Rhizobium;Rhizocola;Rhizomicrobium;Rhizorhabdus;Rhizorhapis;Rhodanobacter;Rhodobacter;Rhodoblastus;Rhodococcus;Rhodocytophaga;Rhodoferax;Rhodomicrobium;Rhodopila;Rhodoplanes;Rhodopseudomonas;Rickettsia;Roseateles;Roseiarcus;Roseiflexus;Roseimicrobium;Roseococcus;Roseomonas;Rubellimicrobium;Rubrivirga;Rubrivivax;Rudaea;Rugosimonospora;Saccharococcus;Sandaracinus;Schlegelella;Schlesneria;Sediminibacterium;Shimazuella;Shinella;Simplicispira;Sinorhizobium;Skermanella;Solimonas;Solirubrobacter;Solitalea;Sorangium;Sphaerisporangium;Sphaerotilus;Sphingobium;Sphingomonas;Sphingopyxis;Sphingorhabdus;Sphingosinicella;Sporichthya;Sporobacter;Sporocytophaga;Staphylococcus;Starkeya;Stella;Stenotrophomonas;Steroidobacter;Sterolibacterium;Streptacidiphilus;Streptomyces;Streptosporangium;Sulfuricurvum;Sulfuritalea;Symbiobacterium;Tahibacter;Taonella;Tardiphaga;Telmatospirillum;Tepidisphaera;Terrabacter;Terriglobus;Terrimicrobium;Terrimonas;Tetrasphaera;Thauera;Thermoflexus;Thermogutta;Thermoleophilum;Thermomonas;Thermosporothrix;Thiobacillus;Thiobacter;Tumebacillus;Turneriella;Uliginosibacterium;Undibacterium;Vampirovibrio;Variibacter;Variovorax;Vasilyevaea;Verrucosispora;Virgisporangium;Vogesella;Vulgatibacter;Williamsia;Xenophilus;Xylophilus;Zavarzinella;Zhizhongheella
Rh-044;0;6;0;0;0;6;0;2;0;0;0;27;0;1;9;0;8;0;0;0;0;0;0;0;13;55;2;0;2;0;0;27;0;0;0;0;0;103;0;0;8;0;2;3;0;69;28;71;16;11;312;0;0;1;177;0;14;15;32;114;0;0;3;16;0;26;26;0;9;0;6;0;0;0;12;0;0;0;0;0;598;0;2;1;0;1;2;1;0;3;0;2;0;9;2;2;0;0;23;0;1;7;0;2;0;2;2;0;0;9;3;0;109;0;2;0;107;1628;0;1;0;37;8;20;0;0;0;1;2;4;0;0;0;1;6;4;25;40;0;1;233;0;0;7;422;4;1;0;0;0;3;4;0;0;0;31;0;0;0;0;0;0;2;1;117;0;25;0;14;0;0;1;0;1;1;0;2;0;2;0;0;0;7;48;0;0;0;19;8;0;0;0;1;2;0;1;1;0;8;0;0;1;0;1;0;3;1;0;82;2;6;340;1;208;0;0;3;0;4;0;0;31;0;0;3;0;138;1;1;8;2;0;0;0;10;0;1;3;8;0;2;30;0;0;0;1;0;48;0;96;13479;220;798;0;0;1;0;64;1;0;1;1;0;0;0;0;405;0;0;0;0;1;0;0;0;0;23;1;27;0;213;26;0;4;198;8;17;13;1;0;0;23;9;1;0;6;1;0;0;1;5;0;12;1;0;0;13;0;30;0;6;2;7;0;1;1;4;1020;0;17;135;156;0;42;0;0;0;2;0;0;0;12;2;0;16;0;0;6;0;4;0;0;1;12;2;1;0;0;1;26;0;0;1;2;3;0;0;1;11;7;7;0;0;0;233;967;1;0;5;19;0;0;1;0;2;0;65;0;0;22;0;0;2;0;2;0;20;0;6;1;0;2;15;4;0;0;0;0;0;0;4;4;12;0;0;2;3;2;13;0;0;1;0;2;0;0;17;3;0
Rh-153;0;4;1;0;2;0;0;0;0;0;1;17;0;0;58;0;0;0;0;1;0;7;0;0;6;43;2;0;0;0;1;110;1;0;0;1;1;14;0;0;5;0;1;1;0;62;30;8;18;6;859;0;122;0;19;0;83;127;9;46;0;0;0;12;0;2;48;0;3;3;151;9;0;0;1;0;1;0;0;0;223;2;1;0;3;0;1;0;0;25;0;0;0;16;0;0;0;1;385;0;0;19;0;10;0;0;0;0;8;8;0;1;56;0;2;3;74;1147;0;11;0;32;0;4;0;0;0;0;1;0;0;1;0;1;15;0;43;1;24;0;342;0;1;4;540;118;7;0;0;1;1;0;0;4;0;64;0;0;0;4;9;0;5;1;11;0;10;0;9;0;0;22;0;0;13;0;0;0;7;0;14;0;0;12;1;2;1;28;18;0;0;0;0;0;0;1;0;0;13;0;3;1;1;0;2;0;0;0;45;19;42;1085;0;133;0;0;0;0;2;1;0;4;0;0;3;12;30;2;1;11;0;0;0;0;25;0;0;1;2;1;0;2;0;0;2;1;5;78;0;44;15738;116;363;1;0;9;0;59;2;0;5;2;1;0;3;0;23;0;0;0;0;4;0;0;0;0;0;0;24;19;53;85;0;0;564;0;9;1;1;2;0;17;0;0;1;1;9;0;0;1;11;7;6;0;0;0;1;0;38;0;6;4;14;0;1;4;1;788;0;55;95;70;15;180;1;0;0;0;1;0;0;3;13;0;33;1;0;3;4;0;0;0;3;0;0;0;1;6;156;17;0;0;0;0;0;0;0;1;0;24;0;0;0;0;3;963;0;0;8;4;0;2;0;0;2;0;25;0;4;74;1;1;0;3;0;0;4;0;6;2;2;4;10;5;0;0;0;0;0;15;0;3;18;0;0;47;3;30;60;1;0;2;0;0;0;0;11;2;0
Rh-124;0;4;1;2;4;0;2;1;0;1;3;16;1;0;63;0;0;0;0;2;0;2;0;0;12;33;0;0;0;0;0;105;1;0;0;1;0;59;0;0;15;0;0;0;0;88;53;3;37;2;130;1;56;0;18;0;76;33;16;35;0;0;0;22;0;1;33;0;0;1;56;17;0;0;1;0;3;0;2;0;151;3;11;0;4;0;1;0;0;21;0;0;0;29;0;0;0;3;56;0;2;31;0;27;0;0;0;0;10;2;0;0;51;0;5;3;146;370;0;14;0;12;0;0;1;0;0;0;2;1;0;0;0;3;16;0;48;6;65;0;508;0;4;9;818;56;10;0;0;0;5;0;0;9;0;15;0;0;0;1;4;0;0;0;27;0;23;0;13;0;1;22;0;3;8;0;1;1;5;0;3;0;0;18;3;11;3;58;20;0;1;0;0;0;0;0;0;0;64;0;1;0;1;0;7;0;0;0;80;1;59;731;1;69;0;0;2;2;0;0;0;7;0;0;4;26;44;3;2;7;0;0;0;0;31;0;0;6;1;0;0;11;0;0;0;0;3;93;0;80;17938;46;143;3;0;4;0;88;4;0;6;2;0;0;0;0;22;0;0;0;0;1;0;0;0;0;0;0;52;5;50;37;0;0;390;0;14;5;0;10;0;24;1;0;4;0;23;0;0;0;5;8;15;0;0;0;0;1;4;0;8;1;37;1;0;1;2;690;0;65;154;15;45;261;2;0;0;0;0;4;0;2;33;2;50;0;0;6;4;1;0;0;2;0;0;1;8;14;72;18;0;0;0;0;2;4;0;0;1;26;0;3;0;0;6;913;0;0;8;17;0;5;0;0;2;0;47;0;4;70;2;4;0;5;2;0;3;0;2;1;2;5;27;11;0;0;1;0;2;18;0;0;36;0;1;89;1;29;32;1;0;2;0;0;0;0;12;0;0
En-147;0;0;28;0;1;6;0;6;0;3;1;37;0;0;0;0;0;16;36;0;0;0;0;0;3;1;0;0;0;0;0;1;3;0;0;1;0;103;0;0;1;0;0;0;0;0;3;0;14;0;451;177;10;0;39;0;15;1;6;6;0;0;1;0;0;1;111;0;7;1;153;1;0;6;1;0;0;0;0;0;163;1;0;4;0;0;7;0;0;8;0;0;0;0;27;0;0;0;113;0;0;0;1;17;0;0;0;0;0;0;0;0;20;0;0;2;82;114;0;11;0;1;0;0;0;0;0;0;2;2;0;0;0;0;2;0;7;0;70;0;6;0;0;19;28;1;0;0;0;0;1;0;0;1;0;63;0;0;87;1;0;0;0;1;15;0;11;0;2;0;0;0;0;2;0;37;0;1;6;0;0;0;0;6;1;35;0;22;8;0;0;0;0;0;0;0;0;0;87;0;0;0;0;0;0;0;0;0;1;0;1;766;0;20812;1;1;2;0;0;2;0;3;1;0;1;2;2;1;0;21;0;0;0;0;3;1;0;0;0;0;18;125;0;0;0;1;0;5;0;3;7298;20;528;0;0;0;0;34;1;0;0;5;0;0;1;0;32;0;1;0;0;2;0;0;0;0;0;0;0;0;49;1;0;0;656;1;1;1;0;0;2;7;0;0;0;0;7;0;0;0;0;10;2;0;0;0;0;0;15;0;6;3;0;0;5;0;5;54;0;7;879;99;0;23;0;0;0;0;0;0;0;1;0;0;1;0;0;4;0;0;0;0;0;0;0;1;0;2;36;4;0;0;0;0;9;0;0;0;0;1;0;0;0;0;4;137;0;0;0;1;0;13;0;0;1;0;8;0;1;232;4;0;0;0;0;0;12;0;2;0;2;1;3;0;0;0;0;0;0;5;0;0;10;0;2;4;0;0;62;12;1;1;0;0;4;0;6;1;0
No-133;0;0;0;0;0;0;0;0;0;0;0;0;0;0;0;0;0;3;1;0;0;0;0;0;0;0;0;0;0;0;0;0;0;0;0;0;0;2;0;0;0;0;0;0;0;1;1;0;0;0;0;34;0;0;0;0;0;0;0;0;0;0;0;0;0;0;0;0;0;0;1;0;0;0;0;0;0;0;0;0;0;0;0;0;0;0;0;0;0;0;0;0;0;0;0;0;0;0;1;0;0;0;0;0;0;0;0;0;0;0;0;0;0;0;0;0;4;0;0;1;0;0;0;0;0;0;0;0;0;0;0;0;0;0;0;0;0;0;0;0;0;0;0;0;2;0;0;0;0;0;0;0;0;0;0;0;0;0;16;0;0;0;0;0;0;0;8;0;1;0;0;0;0;0;0;1;0;0;0;0;0;0;0;0;0;0;0;0;0;0;0;0;0;0;0;0;0;0;0;0;0;0;0;0;0;0;0;0;1;0;0;0;0;35731;0;0;0;0;0;0;0;1;0;0;0;0;0;0;0;2;0;0;0;0;0;0;0;0;0;0;0;2;0;0;0;0;0;0;0;0;469;0;6;0;0;0;0;0;0;0;0;0;0;0;0;0;0;0;0;0;0;0;0;0;0;0;0;0;0;0;6;0;0;0;21;0;0;0;0;0;0;0;0;0;0;0;0;0;0;0;0;0;0;0;0;0;0;0;0;0;0;0;0;0;0;0;0;2;0;1;23;0;0;0;0;0;0;0;0;0;0;0;0;0;0;0;0;0;0;0;0;0;0;0;0;0;0;0;1668;0;0;0;0;0;0;0;0;0;0;0;0;0;0;0;0;2;0;0;0;0;0;0;0;0;0;0;0;0;0;4;0;0;0;0;0;0;0;0;0;0;0;0;0;0;0;0;0;0;0;0;0;0;0;0;0;0;0;0;0;0;0;0;0;0;0;0;1;0;0
Rh-080;0;1;0;0;0;6;0;8;0;0;0;98;0;2;7;0;22;0;1;0;0;0;0;0;14;69;4;1;3;0;0;43;1;0;0;0;0;187;0;0;16;1;1;2;0;100;47;145;28;26;617;0;2;0;210;0;21;17;46;149;0;0;3;33;2;77;28;0;7;0;1;1;0;0;9;0;0;0;0;0;1024;1;5;0;2;3;2;0;0;1;0;3;0;22;4;4;0;3;15;0;0;2;0;8;0;0;1;0;0;9;3;0;145;0;0;0;120;1357;0;0;0;68;11;4;1;0;0;0;8;10;0;0;0;1;5;1;33;67;0;0;409;0;1;8;782;10;1;0;0;0;4;4;0;1;0;86;0;0;0;2;0;0;5;1;189;1;23;0;43;0;0;5;0;2;3;0;0;0;1;0;0;0;8;37;0;0;0;27;15;0;1;0;0;0;0;1;0;0;18;0;0;1;1;5;0;2;1;0;129;4;7;509;0;171;0;0;11;0;2;1;1;16;0;0;2;1;74;1;0;16;4;0;3;0;12;0;1;18;3;0;3;30;0;0;0;5;0;83;0;144;19704;326;1261;0;0;0;0;93;0;0;0;2;0;0;1;0;117;0;0;0;0;9;0;0;0;0;22;0;40;0;582;19;0;4;211;20;35;5;2;0;0;35;14;1;0;1;1;0;0;1;7;0;13;1;0;3;18;3;52;0;6;1;11;0;0;0;6;2344;0;21;226;270;5;59;8;0;0;4;0;0;0;7;1;2;20;0;0;27;0;9;2;0;0;11;2;2;0;2;1;14;0;0;3;3;1;0;0;3;16;7;14;0;3;0;321;1485;2;0;12;54;0;0;0;0;4;0;72;0;0;12;0;0;4;0;7;0;31;0;2;5;0;4;23;7;0;2;0;0;0;2;11;4;16;0;0;1;11;4;16;0;0;1;0;1;0;0;25;2;0
Rh-045;0;2;0;0;0;2;0;1;0;0;0;8;0;0;4;0;6;0;0;0;0;0;0;0;13;70;0;1;1;0;0;17;1;0;0;0;0;109;0;0;10;0;0;2;0;75;31;85;10;10;579;0;0;2;182;0;15;10;15;78;0;0;2;13;2;22;19;0;9;0;1;2;0;0;7;0;0;0;0;0;505;1;1;0;0;2;0;0;0;1;0;1;0;11;6;0;0;2;25;0;2;0;0;5;0;0;1;3;0;2;0;0;113;2;1;0;129;1032;0;0;0;22;8;6;0;0;0;0;2;4;0;0;0;1;4;2;14;52;0;0;200;0;1;9;466;4;1;0;0;0;4;3;0;0;0;17;0;0;0;0;0;0;1;2;139;0;17;0;21;0;0;2;0;1;2;0;1;0;0;0;0;2;4;35;0;0;0;16;6;0;0;0;2;5;0;0;1;0;7;0;1;0;0;3;0;2;1;0;59;0;5;368;1;142;0;0;9;0;2;0;0;11;0;0;1;0;61;2;2;0;0;0;0;0;7;0;0;10;1;0;5;30;0;0;1;2;2;67;0;95;12435;205;1046;0;0;1;0;63;2;0;0;2;0;0;0;0;239;0;0;0;0;4;0;0;0;0;24;0;32;0;241;23;0;1;127;10;16;6;0;1;0;21;6;0;0;0;1;0;0;0;5;0;4;0;0;0;7;4;23;0;2;8;5;0;0;2;24;1107;0;22;144;230;0;27;2;0;0;0;0;1;0;4;3;1;7;0;0;29;0;2;1;0;0;8;0;0;0;0;0;13;0;1;0;2;5;0;0;1;4;5;5;0;2;1;309;829;3;0;10;11;0;1;0;0;2;0;76;0;0;21;0;0;2;0;0;0;18;0;4;3;0;0;22;3;0;0;0;0;0;0;3;0;7;0;0;1;2;2;10;0;0;1;0;0;0;0;17;3;0
En-110;2;0;0;0;0;3;10;6;0;2;1;36;1;0;1;0;0;17;22;0;0;0;0;1;0;1;0;0;0;0;0;0;1;0;0;0;0;7;0;0;0;0;1;0;0;6;1;0;16;0;135;125;0;0;16;0;10;0;9;8;0;0;0;0;0;0;134;0;10;0;229;0;0;2;1;1;0;0;2;0;97;2;0;4;0;0;6;0;0;0;0;0;0;1;1;0;0;0;76;1;6;0;1;8;0;0;0;0;0;1;0;0;19;0;0;2;118;118;0;6;0;0;0;2;0;0;0;0;1;0;0;0;0;0;2;0;0;0;100;0;9;0;0;7;34;0;0;0;0;0;0;0;0;2;0;36;0;0;54;0;0;0;0;1;9;0;18;0;0;0;0;1;0;4;0;22;0;1;3;0;0;0;0;8;3;17;0;25;8;0;1;0;0;1;0;0;1;0;93;0;0;0;0;0;0;0;0;0;6;0;1;149;0;18739;0;0;1;0;0;1;0;30;0;0;0;0;1;1;0;23;0;0;0;0;0;0;0;0;0;0;16;121;0;0;0;0;0;0;0;4;6079;14;461;0;0;0;0;16;0;0;0;8;0;0;1;0;9;0;9;0;0;1;0;0;0;0;0;0;3;0;30;1;0;0;1024;0;0;0;0;0;0;1;1;0;0;0;4;0;0;0;0;5;1;0;0;0;0;0;6;0;0;0;3;0;3;0;13;80;0;8;451;95;1;13;0;0;0;0;0;0;0;0;0;0;0;0;0;6;0;0;0;0;0;0;0;0;0;0;2756;2;0;0;0;0;1;0;0;0;0;1;0;0;0;0;0;159;0;0;0;1;0;2;1;0;0;0;11;0;8;302;11;0;0;0;0;0;6;0;0;0;12;0;2;0;0;0;0;0;0;6;0;0;1;0;0;3;0;0;65;5;0;0;0;0;4;0;5;1;0
En-074;3;0;0;0;0;29;0;1;0;0;0;2246;0;1;1;0;27;6;5;1;0;0;0;0;13;21;0;0;0;0;0;0;1;0;0;0;0;826;0;0;0;0;1;1;0;36;13;3;56;0;166;54;0;0;431;0;2;9;14;299;3;0;1;1;0;102;113;0;1;0;10;0;0;44;3;0;0;0;0;0;573;0;67;7;0;0;3;7;0;0;0;0;0;3;6;0;0;2;5;0;5;0;0;84;0;0;0;0;0;0;1;0;180;0;6;0;161;1882;0;0;0;1;5;54;0;0;0;0;4;4;0;0;0;1;0;0;16;0;1;0;7;0;0;64;21;0;0;0;0;0;22;2;0;0;0;195;0;1;24;0;0;0;0;27;322;0;13;0;20;0;0;0;0;29;1;21;0;0;16;1;0;0;0;92;0;0;0;46;8;0;6;0;0;0;0;0;2;0;47;0;0;0;0;0;0;10;0;0;10;0;0;417;0;6406;0;0;6;0;0;0;0;20;0;0;0;0;2;1;1;150;3;0;0;0;3;1;0;0;4;0;71;355;0;0;0;1;0;2;0;5;17345;86;2730;0;0;1;0;46;2;0;0;0;0;0;7;0;11;0;4;0;1;88;0;1;0;0;1;0;32;0;1721;20;0;0;298;47;0;2;0;0;2;38;24;1;0;0;0;0;0;13;0;28;5;0;0;0;7;0;52;0;1;6;0;0;0;3;7;36;0;30;2493;441;0;12;0;0;0;2;0;0;0;7;0;2;1;1;0;24;0;12;4;0;1;0;0;1;0;0;0;9;0;2;0;0;24;4;0;0;0;1;3;0;0;0;639;193;25;0;1;7;0;2;0;0;2;0;703;0;0;71;0;0;1;0;14;0;63;0;3;0;0;2;3;0;0;0;0;0;0;0;0;0;1;0;0;2;28;0;32;28;0;1;0;0;8;0;33;0;0
No-211;0;0;0;0;0;0;0;0;0;0;0;0;0;0;0;0;0;7;0;0;0;0;0;0;0;0;0;0;0;0;0;0;0;0;0;0;0;0;0;0;0;0;0;0;0;0;0;0;4;0;1;95;0;0;2;0;3;0;0;1;0;0;0;0;0;0;4;0;2;1;3;0;0;0;0;0;0;0;0;0;7;0;0;0;0;0;0;0;0;0;0;0;0;0;0;0;0;0;0;0;0;0;0;1;0;0;0;0;0;0;0;0;0;0;0;0;4;15;0;0;0;0;0;0;0;1;0;0;1;1;0;0;0;0;0;0;0;0;10;0;0;0;0;0;3;0;0;0;0;0;0;0;0;0;0;0;0;0;69;0;0;0;0;0;2;0;0;0;0;0;0;0;0;1;0;4;0;0;0;0;0;0;0;1;0;0;0;0;1;0;0;0;0;0;0;0;0;0;45;0;0;0;0;0;0;0;0;0;0;0;0;3;0;63639;0;0;0;0;0;0;0;4;0;0;0;0;0;0;0;14;0;0;0;0;0;0;0;0;0;0;0;2;0;0;0;0;0;0;0;1;1238;0;25;0;0;0;0;0;0;0;0;2;0;0;0;0;0;0;0;0;0;0;0;0;0;0;0;0;0;0;3;0;0;0;54;0;0;0;0;0;0;0;0;0;0;0;0;0;0;0;0;0;0;0;0;0;0;0;1;0;0;0;1;0;0;0;0;6;0;0;54;0;0;0;0;0;0;0;0;0;0;0;0;0;0;0;0;0;0;0;0;0;0;0;0;1;0;0;2;0;0;0;0;0;0;0;0;0;0;0;0;0;0;0;0;11;0;0;0;0;0;0;0;0;0;0;1;0;0;33;1;0;0;0;0;0;1;0;0;0;0;0;0;0;0;0;0;0;0;1;0;0;0;0;0;0;0;0;3;0;0;0;0;0;1;0;0;0;0
Rh-190;0;1;1;1;2;2;3;3;0;2;0;23;0;0;129;0;0;0;0;0;0;6;0;0;20;61;0;0;0;0;1;100;0;0;0;5;1;23;0;0;12;0;0;1;0;109;61;14;25;3;606;0;159;1;17;0;116;58;21;76;0;1;1;12;1;9;56;0;2;2;94;13;0;0;2;0;2;0;1;0;145;1;5;0;7;0;5;29;0;69;3;0;0;32;0;0;0;2;251;0;1;27;0;10;1;0;0;0;16;6;0;0;67;0;4;3;114;482;0;29;0;23;0;1;1;3;0;0;1;3;1;0;0;3;35;0;47;2;66;0;566;0;2;13;865;178;6;0;0;2;9;0;0;5;1;60;0;0;0;4;10;0;1;0;19;2;16;0;23;0;1;18;0;0;7;0;1;0;6;0;5;0;0;28;9;9;0;47;32;0;0;0;0;3;0;0;0;0;37;0;8;3;0;0;6;0;0;0;50;12;48;683;1;127;0;0;1;0;0;1;0;8;0;0;4;10;65;3;2;6;0;0;0;0;41;0;0;7;3;0;0;19;0;0;1;1;8;203;0;55;22556;83;199;0;0;10;0;102;4;0;5;6;1;0;0;0;18;0;0;0;0;4;0;0;0;0;0;0;62;31;104;66;0;0;559;0;9;3;2;5;0;56;0;1;6;0;14;0;0;1;12;3;10;0;1;0;1;3;31;0;10;4;14;0;1;1;2;848;0;103;168;115;18;297;4;0;0;0;0;1;0;2;22;2;47;0;0;4;11;2;0;0;8;0;0;1;5;5;177;28;0;0;0;1;2;0;0;2;0;29;0;1;0;0;19;1397;0;0;11;5;1;11;0;0;2;1;31;0;3;105;4;1;2;10;1;0;5;2;12;1;2;10;38;13;0;0;1;0;3;37;0;0;22;0;2;29;2;37;93;2;0;0;0;3;0;0;8;0;0
En-055;2;1;0;0;0;44;0;2;0;1;0;493;0;0;0;0;23;0;0;0;1;0;0;0;12;18;0;0;0;0;0;0;0;0;0;0;0;1110;1;0;2;0;2;1;0;20;12;0;63;9;170;23;0;0;305;0;2;14;3;120;0;0;1;0;0;140;72;0;3;0;4;0;0;53;2;0;0;0;0;3;557;0;20;1;0;0;8;1;0;0;0;1;0;0;4;0;0;2;3;0;10;0;0;41;0;0;0;0;0;1;0;0;171;1;1;0;158;1492;4;0;0;3;4;3;0;0;0;0;5;2;0;0;0;1;1;1;4;4;0;0;8;0;0;82;12;0;0;0;0;0;9;2;0;0;0;153;0;0;1;0;0;0;0;23;279;0;27;0;27;0;0;0;0;7;0;2;0;0;12;0;0;0;1;51;0;0;0;33;13;0;9;0;0;2;0;0;1;0;12;0;0;0;0;0;0;3;0;0;13;0;0;204;0;127;0;0;11;0;0;1;0;7;0;0;0;0;5;1;0;65;1;0;0;0;3;0;0;2;1;0;115;359;0;0;0;0;0;4;0;12;13132;36;3679;0;0;2;0;38;2;0;0;1;0;0;2;0;9;0;5;0;1;64;0;1;1;0;0;0;22;0;178;3;0;0;285;28;0;8;0;0;1;14;3;1;0;0;0;0;0;2;0;3;2;0;0;0;6;0;12;0;1;0;3;1;0;0;2;32;0;17;1360;382;0;7;0;0;0;0;0;0;0;7;0;0;1;1;0;23;0;12;0;0;3;0;0;1;0;0;0;20;0;0;0;0;19;3;0;1;0;1;0;0;0;1;724;128;26;0;1;19;0;1;0;0;1;0;506;0;0;69;0;0;0;0;4;0;79;0;4;0;0;0;11;1;0;0;0;0;0;0;1;0;1;0;0;4;4;2;20;1;0;0;0;0;0;0;24;2;0
Rh-172;0;4;3;0;3;2;1;1;0;0;5;14;0;0;34;0;0;0;0;1;0;8;0;0;23;77;1;0;0;0;0;183;0;0;0;1;0;26;0;0;13;0;1;2;0;126;37;8;43;81;1440;0;599;2;133;0;78;160;18;88;0;0;0;25;0;9;66;0;1;2;131;10;0;0;2;0;2;0;0;0;341;6;4;0;1;2;4;0;4;318;2;0;1;41;1;0;0;0;781;0;0;28;3;9;2;0;0;0;80;15;1;2;110;0;15;4;127;1541;0;9;0;42;0;2;0;3;0;0;9;1;0;3;0;2;30;0;38;0;48;0;625;0;2;1;652;514;13;0;0;1;9;0;0;2;1;49;0;1;0;2;6;0;0;5;19;0;18;0;25;0;0;19;0;1;12;0;0;0;3;0;1;1;0;30;2;8;1;48;23;0;0;0;0;0;0;0;0;0;27;0;2;0;0;0;3;0;0;0;21;119;59;591;1;149;0;0;3;1;1;2;0;4;0;0;3;12;45;4;1;63;0;0;0;0;36;0;1;3;1;0;0;19;0;0;0;2;12;121;0;54;27179;95;908;0;0;28;0;132;8;0;13;7;3;0;3;0;37;0;0;0;0;1;0;1;0;0;0;0;54;126;388;55;0;0;1067;0;6;2;0;1;0;41;1;1;6;4;8;0;0;4;26;5;4;0;3;0;3;3;52;0;12;3;20;0;1;1;8;1017;0;71;415;67;24;257;9;0;0;0;0;2;1;4;18;3;62;1;0;6;5;0;0;0;6;0;0;0;7;6;164;26;0;2;2;1;4;0;0;6;0;40;0;1;0;0;5;1491;1;0;11;4;4;10;0;0;1;2;34;0;3;99;2;1;0;18;0;2;10;4;20;1;5;7;24;10;1;0;1;0;1;29;2;0;29;0;1;6;3;37;70;2;0;6;0;0;0;0;15;2;0
Rh-079;1;0;0;0;0;9;0;7;0;0;0;14;0;0;12;0;9;0;1;0;0;0;0;0;8;61;0;1;1;0;0;41;0;0;0;0;0;203;0;0;7;0;1;4;0;94;35;108;27;38;854;0;5;0;220;1;18;29;22;108;0;0;5;15;1;47;17;0;5;0;0;0;0;0;7;0;0;0;0;0;894;0;2;0;3;3;3;2;0;7;0;1;1;17;7;0;0;0;73;0;3;4;0;9;3;0;0;0;0;5;1;0;127;0;0;0;111;1237;0;0;0;38;25;7;0;0;0;0;5;11;0;0;0;1;5;2;23;36;0;1;232;0;0;5;588;20;0;0;0;0;11;9;0;0;0;161;0;1;0;1;0;0;7;2;105;1;19;0;20;0;0;2;0;2;1;0;3;0;0;0;0;0;7;56;0;0;0;11;15;0;0;0;1;6;0;0;0;0;6;0;1;1;0;1;0;3;0;0;106;11;3;535;4;68;0;0;9;0;0;0;0;19;0;0;0;0;89;1;0;2;1;0;0;0;7;0;0;6;1;0;5;52;0;0;0;1;0;79;0;109;14893;250;1525;0;0;4;0;95;0;0;0;1;0;0;1;0;216;0;0;0;0;2;0;1;0;0;13;0;29;0;388;25;0;4;239;16;23;5;0;0;0;19;9;1;0;0;0;0;1;2;4;1;7;1;0;1;16;3;36;0;10;2;10;0;0;3;6;1241;0;26;149;311;0;40;1;0;0;3;0;0;0;7;1;1;12;0;0;22;0;7;0;0;2;15;1;0;0;0;1;7;0;1;1;3;3;0;0;0;11;12;4;0;4;0;392;1048;7;1;5;27;0;0;0;0;4;0;77;0;0;32;0;0;4;0;6;0;19;0;3;2;0;5;11;5;0;0;0;0;0;0;7;3;24;0;0;5;15;3;7;1;0;2;0;0;0;0;19;2;0
No-106;0;0;0;0;0;0;0;0;0;0;0;0;0;0;0;0;1;1;3;0;0;0;0;0;0;0;0;0;0;0;0;0;0;0;0;0;0;65;0;0;0;0;0;0;0;1;0;0;1;0;1;20;0;0;2;0;0;0;2;1;0;0;0;0;0;1;1;0;0;0;0;0;0;0;0;0;0;0;0;0;14;0;0;0;0;0;0;0;0;0;0;0;0;0;0;0;0;0;0;0;0;0;0;0;0;0;0;0;0;0;0;0;0;0;0;0;3;0;0;0;0;0;0;0;0;0;0;0;0;1;0;0;0;0;0;0;0;0;0;0;0;0;0;1;0;0;0;0;0;0;0;0;0;0;0;0;0;0;9;0;0;0;0;0;16;0;0;0;0;0;0;0;0;0;0;1;0;0;0;0;0;0;0;0;0;0;0;0;0;0;0;0;1;1;0;0;0;0;0;0;0;0;0;0;0;0;0;0;0;0;0;1;0;35156;0;0;0;0;0;0;0;0;0;0;0;0;0;0;0;0;0;0;0;0;0;1;0;0;0;0;0;2;0;0;0;0;0;0;0;0;351;0;14;0;0;0;0;0;0;0;0;0;0;0;0;0;11;0;0;0;0;0;0;0;0;0;0;0;0;0;11;0;0;0;1;1;0;0;0;0;0;0;0;0;0;0;0;0;0;0;0;0;0;0;0;0;0;0;0;0;0;0;0;0;0;0;0;3;0;0;27;3;0;0;0;0;0;0;0;0;0;0;0;0;0;0;0;0;0;0;0;0;0;0;0;0;0;0;0;0;0;0;0;0;0;0;0;0;0;0;0;0;0;0;1;4;0;0;0;0;0;0;0;0;0;0;2;0;0;0;0;0;0;0;0;0;0;0;0;0;0;0;0;0;0;0;0;0;0;0;0;0;0;0;0;0;0;0;0;0;0;0;0;0;0;0;0;0;0
No-025;0;0;0;0;0;0;0;0;0;0;0;0;0;0;0;0;0;1;0;0;0;0;0;0;0;0;0;0;0;0;0;0;0;0;0;0;0;16;0;0;0;0;0;0;0;0;0;0;0;0;1;25;0;0;1;0;0;0;0;0;0;0;0;0;0;1;0;0;0;0;0;0;0;0;0;0;0;0;0;0;10;0;0;0;0;0;0;0;0;0;0;0;0;0;0;0;0;0;0;0;0;0;0;0;0;0;0;0;0;0;0;0;2;0;0;0;0;3;0;0;0;0;0;0;0;0;0;0;0;0;0;0;0;0;0;0;0;0;0;0;0;0;0;0;2;0;0;0;0;0;0;0;0;0;0;0;0;0;13;0;0;0;0;0;0;0;0;0;0;0;0;0;0;0;0;0;0;0;0;0;0;0;0;0;0;0;0;0;0;0;0;0;0;0;0;0;0;0;1;0;0;0;0;0;0;0;0;0;0;0;0;1;0;35759;0;0;0;0;0;0;0;0;0;0;0;0;0;0;0;0;0;0;0;0;0;0;0;0;0;0;0;0;0;0;0;0;0;0;0;0;204;0;17;0;0;0;0;1;0;0;0;0;0;0;0;0;1;0;0;0;0;0;0;0;0;0;0;0;0;0;6;0;0;0;3;0;0;0;0;0;0;0;0;0;0;0;0;0;0;0;0;0;0;0;0;0;0;0;0;0;0;0;0;0;0;0;0;1;0;0;8;2;0;0;0;0;0;0;0;1;0;0;0;0;0;0;0;0;0;0;0;0;0;0;0;0;0;0;0;0;0;0;0;0;0;0;0;0;0;0;0;0;0;0;3;1;0;0;0;0;0;0;0;0;0;0;1;0;0;1;0;0;0;0;0;0;0;0;0;0;0;0;0;0;0;0;0;0;0;0;0;0;0;0;0;0;0;0;0;2;0;0;0;0;0;0;0;0;0
No-028;0;0;0;0;0;0;0;0;0;0;0;0;0;0;0;0;0;3;1;0;0;0;0;0;0;0;0;0;0;0;0;0;0;0;0;0;0;36;0;0;0;0;0;0;0;0;0;0;1;0;0;31;0;0;1;0;0;0;0;0;0;0;0;0;0;1;0;0;0;0;0;0;0;0;0;0;0;0;0;0;6;0;0;0;0;0;0;0;0;0;0;0;0;0;0;0;0;0;0;0;0;0;0;0;0;0;0;0;0;0;0;0;2;0;0;0;1;5;0;0;0;0;0;0;0;0;0;0;0;0;0;0;0;0;0;0;0;0;0;0;0;0;0;1;0;0;0;0;0;0;0;0;0;0;0;1;0;0;27;0;0;0;0;0;3;0;0;0;1;0;0;0;0;0;0;3;0;0;0;0;0;0;0;1;0;0;0;0;0;0;0;0;0;0;0;0;0;0;0;0;0;0;0;0;0;0;0;0;3;0;0;1;0;46010;0;0;0;0;0;0;0;0;0;0;0;0;0;0;0;0;0;0;0;0;0;0;0;0;0;0;0;3;0;0;0;0;0;0;0;1;521;0;25;0;0;0;0;1;0;0;0;0;0;0;0;0;3;0;0;0;0;1;0;0;0;0;0;0;0;0;8;0;0;0;0;0;0;0;0;0;0;0;0;0;0;0;0;0;0;0;0;0;0;0;0;0;0;0;1;0;0;0;0;0;0;0;0;2;0;1;44;1;0;0;0;0;0;0;0;0;0;0;0;0;0;0;0;0;0;0;0;0;0;0;0;0;0;0;0;0;0;0;0;0;0;0;0;0;0;0;0;0;0;0;1;0;1;0;0;1;0;0;0;0;0;0;4;0;0;0;0;0;0;0;0;0;0;0;0;0;0;0;1;0;0;0;0;0;0;0;0;0;0;0;0;0;0;0;0;2;0;0;0;0;0;0;0;0;0
En-056;2;0;0;0;0;24;0;1;6;0;0;2633;0;0;0;0;12;0;0;0;0;0;0;0;16;12;0;0;0;0;0;9;0;0;0;0;0;648;0;4;0;0;5;1;0;30;10;1;43;0;1766;15;0;0;302;0;2;28;0;223;14;0;1;2;0;213;65;0;5;0;16;0;0;3;6;0;0;4;0;0;725;0;54;1;0;0;10;11;0;0;0;0;0;1;2;1;0;3;0;0;12;0;0;116;0;0;0;0;0;1;2;0;175;0;1;1;211;587;2;0;0;0;2;2;0;0;0;0;40;0;0;0;0;3;0;0;43;0;0;0;5;0;1;129;15;0;0;0;0;0;20;0;0;0;0;78;0;4;0;1;0;0;0;22;432;0;5;0;10;0;0;0;0;1;0;0;0;0;22;0;0;1;0;52;0;0;0;237;9;0;19;24;0;2;0;0;0;0;56;0;0;0;0;0;0;0;0;0;110;0;0;410;0;230;0;0;36;0;0;0;0;7;0;0;0;0;7;0;0;131;3;0;0;0;3;0;0;0;0;0;61;294;0;1;0;0;0;7;0;9;15513;46;2210;0;0;3;0;53;3;0;0;0;1;0;2;0;6;0;0;0;0;5;0;0;1;0;0;0;41;0;188;34;0;0;279;19;0;0;0;0;0;17;4;2;0;0;0;0;0;5;0;6;3;0;0;0;3;0;43;0;0;1;3;0;0;0;3;40;0;34;2353;452;1;16;0;0;3;0;0;0;0;11;0;0;1;6;0;112;0;7;6;0;15;2;0;3;0;0;1;23;0;2;0;0;25;6;0;0;1;0;0;0;0;0;196;288;14;0;2;10;0;0;0;0;0;0;517;0;0;26;0;0;0;0;34;0;303;0;0;0;14;18;7;1;0;0;0;0;0;0;4;0;2;0;0;2;8;5;21;1;0;2;0;0;0;0;35;1;0
Rh-208;0;8;3;1;1;0;1;1;0;5;2;35;0;0;50;0;0;0;1;1;0;3;0;0;7;55;0;0;1;0;1;108;0;1;0;1;1;30;0;0;10;0;1;0;0;76;42;3;33;17;411;0;193;0;40;0;61;55;27;74;0;0;0;19;2;3;49;0;1;1;88;11;0;0;0;0;3;0;2;0;199;7;3;0;5;3;3;2;0;64;2;0;0;48;2;0;0;1;83;0;1;53;0;21;0;0;0;0;21;13;0;0;93;0;4;7;161;232;0;22;0;22;0;0;2;1;0;0;2;0;0;0;0;4;30;0;64;5;53;0;570;0;3;9;806;230;4;0;0;0;9;0;0;7;0;77;0;0;0;5;8;0;0;1;27;1;23;1;13;0;0;26;0;2;16;0;2;1;2;0;9;0;0;27;3;6;1;51;24;0;0;0;0;1;0;1;0;0;27;0;3;2;2;0;5;0;0;0;53;20;43;513;1;132;0;0;3;0;1;12;0;7;0;0;3;24;38;5;2;18;0;0;0;0;31;0;0;3;3;0;0;30;0;0;1;0;9;142;0;64;22692;105;230;2;0;4;0;101;2;0;7;7;1;0;1;0;20;0;0;0;0;4;0;1;0;0;0;0;50;48;76;53;0;0;627;0;4;8;0;10;0;45;0;2;2;1;16;0;1;0;16;3;15;0;4;0;1;0;14;0;14;37;20;0;1;3;2;801;0;142;509;66;26;294;6;0;1;0;0;0;0;0;18;1;64;0;0;2;4;0;0;0;5;0;0;1;0;7;79;12;0;1;0;0;1;2;0;0;2;37;0;4;0;0;7;1237;0;0;10;7;3;21;0;0;1;0;64;0;2;68;0;2;3;5;1;0;5;4;19;3;4;15;38;11;1;0;0;0;1;41;0;1;19;1;1;28;4;38;52;1;0;6;0;1;0;0;6;4;0
En-094;3;5;0;0;0;14;0;1;0;0;0;29;0;0;0;0;18;12;7;0;0;0;0;0;2;5;0;0;0;0;0;0;0;0;0;0;0;454;0;0;0;0;1;0;0;15;7;0;45;17;54;115;1;0;414;0;1;1;34;177;0;0;2;1;0;55;79;0;2;0;2;1;0;22;2;0;0;0;0;0;400;0;9;5;0;0;4;0;0;0;0;1;0;1;1;0;0;7;4;0;0;0;0;29;0;0;0;0;0;0;0;0;101;0;1;0;207;355;1;0;0;0;1;0;0;0;0;0;7;7;0;0;0;1;0;0;5;2;0;0;3;0;0;27;6;2;0;0;0;0;5;0;0;0;0;122;0;2;47;0;0;0;0;1;131;0;1;0;7;0;0;0;0;0;0;22;0;0;6;0;0;1;0;76;0;0;0;25;13;0;1;0;4;0;0;0;0;0;22;0;0;0;0;0;0;1;0;0;19;0;1;144;0;14634;0;0;5;0;0;0;0;6;0;0;1;0;7;1;0;5;2;0;0;0;9;1;0;1;0;0;51;205;1;1;0;0;0;0;0;8;14712;40;1278;0;0;4;0;41;0;0;0;3;0;0;1;0;14;0;2;0;0;13;0;2;0;0;0;0;22;0;148;4;0;0;165;31;1;1;0;0;0;9;3;0;0;0;0;0;1;0;0;10;5;0;0;0;6;1;13;0;4;0;1;0;0;0;1;58;0;21;1704;342;0;3;0;0;0;0;0;0;0;9;0;2;0;6;0;33;0;12;5;0;0;0;0;2;0;0;0;17;0;3;1;0;11;2;0;0;0;2;0;0;0;0;214;113;17;0;2;7;0;0;0;0;0;0;634;0;0;48;0;0;1;0;4;0;24;0;2;0;0;2;6;0;0;0;0;0;0;0;0;0;0;0;0;0;0;0;13;30;0;1;0;1;1;0;14;4;0
En-202;0;0;3;0;0;4;0;3;0;2;0;39;0;0;0;0;0;18;10;0;0;0;0;0;2;0;0;0;0;0;0;1;2;0;0;0;0;5;0;0;0;0;0;0;0;2;1;0;11;0;33;93;1;0;30;0;3;1;4;0;0;0;1;0;0;1;69;0;2;0;126;4;0;19;0;0;1;0;0;0;57;0;7;3;0;0;0;0;0;2;0;0;0;0;1;0;0;0;64;2;2;0;0;31;0;0;0;0;0;1;0;0;22;0;0;0;57;60;0;2;0;0;0;0;0;0;0;0;1;0;0;0;0;0;2;0;0;0;19;0;3;0;0;6;16;1;0;0;0;0;1;0;0;1;0;33;0;0;91;1;0;0;0;0;50;0;49;0;0;0;0;0;0;0;0;13;0;0;6;0;0;0;0;5;0;2;0;15;4;0;1;0;0;0;0;0;0;0;47;1;0;0;0;0;0;0;0;0;1;0;1;138;0;13530;1;0;3;0;0;1;0;5;0;0;0;2;0;0;0;15;0;0;0;0;1;1;1;0;0;0;10;42;0;0;0;0;0;2;0;1;4520;11;358;0;0;0;0;13;0;0;0;2;0;0;1;0;11;0;0;0;0;2;0;0;0;0;0;0;0;1;41;0;0;0;474;0;0;0;0;0;0;1;0;0;0;0;1;0;0;1;0;0;0;0;0;0;0;0;5;0;2;0;1;0;3;0;1;37;0;2;461;66;0;3;0;0;0;0;0;0;0;0;0;0;0;0;0;1;1;0;0;0;0;0;0;1;0;1;18;8;0;0;0;0;5;0;0;0;0;0;0;0;0;0;0;69;0;0;0;0;0;4;0;0;0;0;23;0;0;537;3;0;0;0;0;1;8;0;0;0;2;0;1;0;0;0;0;0;0;3;1;0;0;0;0;0;0;0;36;5;0;0;0;0;10;0;1;0;0
No-050;0;0;0;0;0;1;0;0;0;0;0;0;0;0;0;0;0;3;0;0;0;0;0;0;0;0;0;0;0;0;0;0;0;0;0;0;0;27;0;0;0;0;0;0;0;0;1;0;0;0;0;33;0;0;0;0;0;0;0;1;0;0;0;0;0;1;0;0;0;0;0;0;0;0;0;0;0;0;0;0;19;0;0;0;0;0;0;0;0;0;0;0;0;0;0;0;0;0;0;0;0;0;0;0;0;0;0;0;0;0;0;0;2;0;0;0;0;6;0;0;0;0;0;0;0;0;0;0;0;0;0;0;0;0;0;0;0;0;0;0;0;0;0;0;0;0;0;0;0;0;0;0;0;0;0;0;0;0;12;0;0;0;0;0;7;0;0;0;0;0;0;0;0;0;0;1;0;0;0;0;0;0;0;0;0;0;0;0;0;0;0;0;0;0;0;0;0;0;0;0;0;0;0;0;0;0;0;0;0;0;0;0;0;35363;0;0;0;0;0;0;0;0;0;0;0;0;1;0;0;0;0;0;0;0;0;1;0;0;0;0;0;3;0;0;0;0;0;0;0;0;439;0;39;0;0;0;0;0;0;0;0;0;0;0;0;0;18;0;0;0;0;0;0;0;0;0;0;0;0;0;11;0;0;0;0;3;0;0;0;0;0;0;0;0;0;0;0;0;0;0;0;0;0;0;0;0;0;0;0;0;0;0;0;0;0;0;0;0;0;0;22;5;0;0;0;0;0;0;0;0;0;1;0;0;0;0;0;0;0;0;0;0;0;0;0;0;0;0;0;0;0;0;0;0;0;0;0;0;0;0;0;0;0;0;0;0;0;0;0;0;0;0;0;0;0;0;1;0;0;3;0;0;0;0;0;0;0;0;0;0;0;0;0;0;0;0;0;0;0;0;0;0;0;0;0;0;0;0;0;3;0;0;0;0;0;0;0;0;0
Rh-084;1;1;0;0;0;8;0;3;0;0;0;34;0;0;10;0;35;0;1;1;0;0;0;0;8;41;3;0;3;0;0;13;0;0;0;0;0;261;0;1;12;0;0;4;0;96;30;92;62;20;730;0;0;0;286;0;28;20;28;167;0;0;3;24;1;74;39;0;16;0;3;0;0;0;22;0;0;0;0;0;1505;1;1;0;2;1;2;0;0;1;0;0;0;27;14;1;0;1;213;0;0;7;0;12;1;1;1;0;0;9;5;0;161;0;0;0;232;1901;0;0;0;41;23;21;1;0;0;0;9;7;0;0;0;1;4;3;40;59;3;0;267;0;0;9;532;4;2;0;0;0;7;4;0;1;0;25;0;0;0;0;0;0;5;3;193;1;46;0;34;0;0;2;0;1;6;0;1;0;2;0;0;2;7;56;0;0;0;30;13;0;1;0;3;2;0;0;4;0;16;0;2;0;0;1;0;5;2;0;120;0;6;742;4;283;0;0;9;0;3;0;0;31;0;0;2;1;156;4;6;14;2;0;2;0;6;1;2;5;0;0;4;27;0;0;0;2;2;65;0;118;19398;276;1703;0;0;9;0;91;4;0;0;4;0;0;1;0;84;3;0;0;0;0;0;0;0;0;19;0;29;0;708;40;0;4;313;27;30;7;4;0;0;18;9;1;0;0;2;0;0;0;4;3;10;1;0;0;18;6;50;0;2;10;13;0;0;2;17;1773;0;28;233;464;0;71;5;1;0;4;0;1;0;17;1;0;19;0;0;17;0;3;2;0;1;10;3;11;0;0;4;19;0;0;2;4;9;0;0;2;20;10;10;0;2;0;374;1254;11;1;16;55;0;1;0;0;2;0;106;0;0;31;0;0;2;0;1;0;75;0;9;1;0;1;18;6;0;0;0;1;0;0;6;4;14;0;0;5;6;2;20;0;0;2;0;0;0;0;50;3;0
No-103;0;0;0;0;0;0;0;0;0;0;0;0;0;0;0;0;0;2;3;0;0;0;0;0;0;0;0;0;0;0;0;0;0;0;0;0;0;134;0;0;0;0;0;0;0;0;1;0;4;0;2;29;0;0;2;0;0;0;0;0;0;0;0;0;0;1;3;0;0;0;2;0;0;0;0;0;0;0;0;0;24;0;0;1;0;0;0;0;0;0;0;0;0;0;0;0;0;0;1;0;0;0;0;0;0;0;0;0;0;0;0;0;4;0;0;0;1;17;0;0;0;0;0;0;0;0;0;0;0;0;0;0;0;0;0;0;0;0;0;0;0;0;0;0;0;0;0;0;0;0;0;0;0;0;0;1;0;0;14;0;0;0;0;0;4;0;1;0;0;0;0;0;0;0;0;2;0;0;0;0;0;0;0;2;0;0;0;0;0;0;0;0;0;0;0;0;0;0;3;0;0;0;0;0;0;0;0;0;0;0;0;0;0;43025;0;0;0;0;0;0;0;0;0;0;0;0;1;0;0;0;0;0;0;0;0;0;0;0;0;0;0;3;0;0;0;0;0;0;0;0;460;0;39;0;0;0;0;0;0;0;0;0;0;0;0;0;6;0;0;0;0;2;0;0;0;0;0;0;0;0;21;0;0;0;2;1;0;0;0;0;0;0;0;0;0;0;0;0;0;0;0;0;0;0;0;0;0;0;0;0;0;0;0;0;0;0;0;2;0;0;28;6;0;0;0;0;0;0;0;0;0;1;0;0;0;0;0;0;0;0;0;0;0;0;0;0;0;0;0;0;0;0;0;0;0;0;0;0;0;0;0;0;0;0;7;3;2;0;0;0;0;0;0;0;0;0;2;0;0;0;0;0;0;0;1;0;0;0;0;0;0;0;0;0;0;0;0;0;0;0;0;0;1;0;0;0;0;0;0;1;0;0;0;0;0;0;0;0;0
No-212;1;0;0;0;0;0;0;1;0;0;0;0;2;0;0;0;0;8;3;0;0;0;0;0;0;0;0;0;0;0;1;0;0;0;0;0;0;0;0;0;0;0;0;0;0;0;0;0;1;0;0;47;0;0;2;0;1;0;4;0;0;0;0;0;0;1;1;0;1;0;3;0;0;0;0;0;0;0;0;0;3;0;0;1;0;0;0;0;0;0;0;0;0;0;0;0;0;0;3;0;0;0;0;0;0;0;0;0;0;0;0;0;1;0;0;0;1;2;0;0;0;0;0;0;0;0;0;0;0;0;0;0;0;0;0;0;0;0;1;0;1;0;0;0;2;0;0;0;0;0;0;0;0;0;0;1;0;0;44;0;0;0;0;0;1;0;0;0;0;0;0;0;0;4;0;1;0;0;0;0;0;0;0;0;0;0;0;0;1;0;0;0;0;0;0;0;0;0;6;0;0;0;0;0;0;0;0;0;0;0;0;13;0;61176;0;0;0;0;0;0;0;0;0;0;0;1;0;0;0;16;0;0;0;0;0;0;0;0;0;0;1;2;0;0;0;0;0;0;0;0;837;0;13;0;0;0;0;0;0;0;0;0;0;0;0;0;0;0;0;0;0;0;0;0;0;0;0;0;0;0;3;0;0;0;42;0;0;0;0;0;0;0;0;0;0;0;0;0;0;1;0;0;0;0;0;0;0;0;1;0;0;0;0;0;1;0;1;5;0;0;85;4;0;2;0;0;0;0;0;0;0;0;0;0;0;0;0;1;0;0;0;0;0;0;0;0;0;0;3694;0;0;0;0;0;2;0;0;0;0;0;0;0;0;0;0;9;0;0;0;0;0;0;0;0;0;0;0;0;0;43;0;0;0;0;0;0;1;0;0;0;0;0;0;0;0;0;0;0;0;0;0;0;0;0;0;2;0;0;6;0;0;0;0;0;0;0;0;0;0
No-213;0;0;0;0;0;1;0;0;0;0;0;0;0;0;0;0;0;11;2;0;0;0;0;0;0;0;0;0;0;0;0;0;0;0;0;0;0;0;0;0;0;0;0;0;0;0;0;0;1;0;0;86;0;0;1;0;0;0;1;1;0;0;0;1;0;0;3;0;0;0;6;0;0;0;0;0;0;0;0;0;1;0;0;0;0;0;0;0;0;0;0;0;0;0;0;0;0;0;5;0;0;0;0;0;0;0;0;0;0;0;0;0;2;0;0;0;4;12;0;1;0;0;0;0;0;0;0;0;0;0;0;0;0;0;0;0;0;0;1;0;3;0;0;0;4;0;0;0;0;0;0;0;0;0;0;3;0;0;79;0;0;0;0;0;0;0;1;0;0;0;0;0;0;0;0;5;0;0;0;0;1;0;0;0;0;0;0;0;0;0;0;0;0;0;0;0;0;0;1;0;0;0;0;0;0;0;0;0;0;0;0;13;0;66407;0;0;0;0;0;0;0;1;0;0;0;0;0;0;0;3;0;0;0;0;1;0;0;0;0;0;0;2;0;0;0;0;0;0;0;1;1048;1;20;0;0;0;0;0;0;0;0;0;0;0;0;0;0;0;0;0;0;0;0;0;0;0;0;0;0;0;4;0;0;0;39;0;0;0;0;0;0;0;0;0;0;0;0;0;0;0;0;0;0;0;0;0;0;0;1;0;0;0;1;0;0;0;2;4;0;0;229;0;0;0;1;0;0;0;0;0;0;0;0;0;0;0;0;0;0;0;0;0;0;0;0;0;0;0;2499;0;0;0;0;0;4;0;0;0;0;0;0;0;0;0;0;10;0;0;0;0;0;0;2;0;0;0;0;0;0;15;0;0;0;0;0;0;0;0;0;0;0;0;0;0;0;0;0;0;0;0;0;0;2;0;0;0;0;0;18;1;0;0;0;0;0;0;0;0;0
No-088;0;0;0;0;0;0;0;0;0;0;0;0;0;0;0;0;1;1;0;0;0;0;0;0;0;0;0;0;0;0;0;0;0;0;0;0;0;44;0;0;0;0;0;0;0;0;0;0;3;0;0;34;0;0;0;0;0;0;0;1;0;0;0;0;0;3;1;0;0;0;0;0;0;0;0;0;0;0;0;0;10;0;0;0;0;0;0;0;0;0;0;0;0;0;0;0;0;0;0;0;0;0;0;0;0;0;0;0;0;0;0;0;0;0;0;0;2;3;0;0;0;0;0;0;0;0;0;0;0;0;0;0;0;0;0;0;0;0;0;0;0;0;0;0;1;0;0;0;0;0;0;0;0;0;0;0;0;0;6;0;0;0;0;0;6;0;0;0;0;0;0;1;0;0;0;0;0;0;0;0;0;0;0;0;0;0;0;0;0;0;0;0;0;0;0;0;0;0;0;0;0;0;0;0;0;1;0;0;0;0;0;0;0;38425;0;0;0;0;0;0;0;0;0;0;0;0;0;0;0;0;0;0;0;0;0;0;0;0;0;0;0;3;0;0;0;0;0;0;0;0;297;0;32;0;0;0;0;0;0;0;0;0;0;0;0;0;0;0;0;0;0;0;0;0;0;0;0;0;1;0;16;0;0;0;2;0;0;0;0;0;0;0;0;0;0;0;0;0;0;0;0;0;0;0;0;0;0;0;0;0;0;0;0;0;0;0;0;0;0;0;16;3;0;0;0;0;0;0;0;0;0;0;0;0;0;0;0;0;0;0;0;0;0;0;0;0;0;0;0;0;0;0;0;0;0;0;0;0;0;0;0;0;0;0;4;0;0;0;0;0;0;0;0;0;0;0;4;0;0;0;0;0;0;0;0;0;0;0;0;0;0;0;0;0;0;0;0;0;0;0;0;0;0;0;0;0;0;0;0;0;0;0;0;0;0;0;0;0;0
No-052;0;0;0;0;0;1;0;0;0;0;0;0;0;0;0;0;0;0;0;0;0;0;0;0;0;0;0;0;0;0;0;0;0;0;0;0;0;130;0;0;0;0;0;0;0;0;0;0;11;0;0;34;0;0;0;0;0;0;0;1;0;0;0;0;0;0;3;0;0;0;0;0;0;0;0;0;0;0;0;0;8;0;0;0;0;0;0;0;0;0;0;0;0;0;0;0;0;0;0;0;0;0;0;0;0;0;0;0;0;0;0;0;2;0;0;0;2;1;0;0;0;0;0;0;0;0;0;0;0;0;0;0;0;0;0;0;0;0;0;0;0;0;0;0;1;0;0;0;0;0;0;0;0;0;0;0;0;0;5;0;0;0;0;0;14;0;0;0;1;0;0;0;0;0;0;3;0;0;0;0;0;0;0;0;0;0;0;0;1;0;0;0;0;0;0;0;0;0;0;0;0;0;0;1;0;0;0;0;0;0;0;0;0;55016;0;0;0;0;0;0;0;1;0;0;0;0;3;0;0;0;0;0;0;0;0;0;0;0;0;0;1;3;0;0;0;0;0;0;0;1;392;0;55;0;0;0;0;2;0;0;0;0;0;0;0;0;2;0;1;0;0;0;0;0;0;0;0;0;0;0;14;0;0;0;2;1;0;0;0;0;0;0;0;0;0;0;0;0;0;0;0;0;0;0;0;0;0;0;0;0;0;0;0;0;0;0;0;2;0;0;23;0;0;0;0;0;0;0;0;0;0;1;0;0;0;0;0;0;0;0;0;0;0;0;0;0;0;0;0;0;0;0;0;0;0;0;0;0;0;0;0;0;0;0;12;4;1;0;0;1;0;0;0;0;0;0;1;0;0;0;0;0;0;0;0;0;0;0;0;0;0;0;0;0;0;0;0;0;0;0;0;0;0;0;0;0;0;0;0;2;0;0;0;0;0;0;0;0;0
No-051;0;0;0;0;0;0;0;0;0;0;0;0;0;0;0;0;0;5;0;0;0;0;0;0;0;0;0;0;0;0;0;0;0;0;0;0;0;5;0;0;0;0;0;0;0;1;0;0;1;0;0;54;0;0;1;0;0;0;0;0;0;0;0;0;0;2;5;0;0;0;0;0;0;0;1;0;0;0;0;0;16;0;0;0;0;0;0;0;0;0;0;0;0;0;0;0;0;0;0;0;0;0;0;3;0;0;0;0;0;0;0;0;2;0;0;0;3;17;0;0;0;0;0;0;0;0;0;0;0;1;0;0;0;0;0;0;0;0;0;0;0;0;0;0;1;0;0;0;0;0;0;0;0;0;0;1;0;0;7;0;0;0;0;0;10;0;0;0;0;0;0;0;0;0;0;2;0;0;0;0;0;0;0;0;0;0;0;1;0;0;0;0;0;0;0;0;0;0;2;0;0;0;0;0;0;1;0;0;0;0;0;0;0;41733;0;0;0;0;0;0;0;0;0;0;0;0;1;0;0;0;0;0;0;0;0;1;0;0;0;0;0;1;0;0;0;0;0;0;0;1;488;0;38;0;0;0;0;0;0;0;0;0;0;0;0;0;14;0;0;0;0;1;0;0;0;0;0;0;0;0;20;0;0;0;0;1;0;0;0;0;0;0;0;0;0;0;0;0;0;0;0;0;0;0;0;0;0;0;0;0;0;0;0;0;0;0;0;1;0;1;83;1;0;0;0;0;0;0;0;0;0;0;0;0;0;0;0;0;0;0;0;0;0;0;0;0;0;0;0;0;0;0;0;0;0;0;0;0;0;0;0;0;0;0;7;4;2;0;0;0;0;0;0;0;0;0;2;0;0;3;0;0;0;0;0;0;4;0;0;0;0;0;0;0;0;0;0;0;0;0;0;0;0;0;0;0;0;0;0;1;0;0;0;0;0;0;0;0;0
Rh-152;0;2;1;0;1;0;1;1;0;1;2;7;0;0;34;0;1;0;0;0;0;1;0;0;9;31;0;0;0;0;1;123;0;0;0;0;1;6;0;0;4;0;0;0;0;54;15;1;16;28;933;0;182;1;27;0;29;46;4;21;0;0;2;9;0;2;21;0;1;2;65;8;0;0;0;0;0;0;1;0;142;0;1;0;2;0;1;0;0;129;0;0;0;10;0;0;0;1;134;0;0;10;0;2;0;0;0;1;18;5;0;0;43;0;2;3;55;446;0;12;0;7;0;1;0;1;0;0;2;0;0;0;0;0;9;0;16;1;27;0;182;0;1;5;349;297;3;0;0;3;2;0;0;3;0;69;0;0;0;2;1;0;0;0;7;0;9;0;5;0;0;7;0;0;3;0;1;0;1;0;11;0;0;11;3;4;2;18;6;0;0;0;0;0;0;0;0;0;2;0;4;1;1;0;2;0;0;0;19;29;25;507;0;101;0;0;3;0;1;1;0;2;0;0;1;11;26;1;0;64;0;0;0;1;10;0;0;0;4;0;0;7;0;0;0;0;1;43;0;22;10486;62;256;0;0;2;0;33;1;0;3;0;1;0;1;0;18;0;0;1;0;1;0;0;0;0;0;0;17;43;18;29;0;0;381;0;4;2;0;1;1;15;0;0;1;0;7;0;0;0;2;2;4;0;1;0;0;1;26;0;1;3;9;0;0;0;2;542;0;26;74;34;6;112;2;0;0;0;0;0;0;1;1;1;19;0;0;5;2;2;0;0;4;0;0;1;1;1;92;3;0;0;0;0;1;1;0;1;1;12;0;0;0;0;12;573;1;0;4;1;0;4;0;0;2;0;21;0;0;31;1;0;0;1;0;1;0;0;5;0;0;6;11;4;0;0;0;0;0;7;0;0;7;0;1;21;1;9;51;0;0;1;0;0;0;0;11;0;0
No-178;0;0;0;0;0;0;0;0;0;0;0;1;0;0;0;0;0;6;2;0;0;0;0;0;0;0;0;0;0;0;0;0;0;0;0;0;0;0;0;0;0;0;0;0;0;1;0;0;5;0;10;50;1;0;3;0;1;0;1;0;0;0;0;0;0;0;2;0;1;0;1;0;0;0;0;0;0;0;0;0;8;0;0;3;0;1;1;0;1;0;0;0;0;1;0;0;0;0;1;0;1;0;0;0;0;0;0;0;0;0;0;0;2;0;0;0;4;16;0;1;0;0;0;0;0;0;0;0;0;0;0;0;0;0;0;0;0;0;2;0;0;0;0;0;3;0;0;0;0;0;0;0;0;1;0;2;0;0;37;0;0;0;0;0;5;0;0;0;1;0;0;0;0;1;0;3;0;0;0;0;0;0;0;0;1;0;0;0;0;0;0;0;0;0;0;0;0;0;7;0;0;0;0;0;0;0;0;0;0;0;1;20;0;60375;0;0;0;0;0;0;0;0;0;0;0;0;0;0;0;16;0;0;0;0;0;0;0;0;0;0;0;2;0;0;0;0;0;0;0;0;964;0;22;0;0;0;0;1;0;0;0;1;0;0;0;0;0;0;0;0;0;0;0;0;0;0;0;0;0;0;10;0;0;0;49;0;0;0;0;0;0;0;0;0;0;0;0;0;0;0;0;0;1;0;0;0;0;0;0;0;0;0;1;0;0;0;0;6;0;0;34;1;0;0;0;0;0;0;0;0;0;0;1;0;0;0;0;0;0;0;0;0;0;0;0;0;0;0;1;0;0;0;0;0;2;0;0;0;0;0;0;0;0;0;0;4;0;0;0;1;0;0;0;0;0;0;0;0;0;5;0;0;0;0;0;0;1;0;0;0;0;0;0;0;0;0;0;0;0;0;0;0;0;0;0;0;0;0;2;0;0;0;0;0;0;0;0;0;0
En-148;1;0;2;0;0;7;1;4;0;2;0;68;0;0;3;0;0;36;19;0;0;0;0;0;2;2;0;0;0;0;3;1;5;0;0;0;0;9;0;1;2;0;0;0;0;3;1;0;22;2;66;164;10;0;45;0;10;3;2;6;0;0;0;0;0;4;232;0;4;2;291;3;0;0;0;1;0;0;1;0;74;0;10;4;0;0;2;0;1;3;0;0;0;3;11;0;0;0;140;1;23;1;2;9;0;0;0;0;0;0;0;0;29;0;0;2;101;89;0;6;0;1;3;8;0;0;0;0;3;0;0;0;0;0;4;0;7;0;105;0;6;0;0;4;29;2;4;0;0;0;3;0;0;1;0;101;0;0;73;0;0;0;0;1;34;0;27;0;0;0;0;0;0;1;0;38;0;1;4;0;0;1;0;4;0;2;1;20;7;0;0;0;0;2;0;0;0;0;108;1;1;0;0;0;0;1;0;0;5;0;2;181;0;18104;0;0;0;0;0;0;0;4;0;0;0;3;2;0;0;71;0;0;0;0;0;1;0;0;0;0;16;152;0;0;0;0;1;1;0;0;7473;11;562;0;0;0;0;32;0;0;0;4;0;0;0;0;6;0;3;0;0;1;0;1;0;0;0;0;2;0;140;1;0;0;1606;0;0;0;0;0;0;3;0;0;0;0;3;0;0;1;0;4;2;0;0;0;0;0;16;0;0;0;8;0;3;0;6;1057;0;6;1712;69;3;12;0;0;0;0;0;0;0;1;1;0;0;3;0;1;2;0;0;0;0;0;0;1;0;0;621;2;0;0;0;0;10;0;0;0;0;0;0;0;0;0;2;198;0;0;0;0;0;6;0;0;0;0;16;0;0;456;6;0;0;0;0;0;10;0;0;0;6;1;2;0;0;0;0;0;0;4;0;0;10;0;0;1;4;3;103;11;0;0;0;0;12;0;10;1;1
En-075;10;0;0;0;0;47;0;1;0;0;0;47;0;0;0;0;21;7;8;1;1;0;0;0;10;13;0;0;0;0;0;2;0;0;0;0;0;850;1;1;2;0;0;0;0;35;5;4;62;1;116;72;0;0;242;0;1;15;15;282;0;0;6;0;1;103;120;0;11;0;8;0;0;8;13;2;0;0;0;6;1076;0;31;6;0;0;2;0;4;0;0;0;0;1;8;0;0;2;49;0;4;0;0;115;0;0;0;1;0;0;2;0;160;0;0;0;370;1423;1;0;0;5;7;174;0;0;0;0;12;5;0;0;0;1;1;0;22;0;32;0;8;0;0;23;20;0;0;0;0;0;11;1;0;0;0;287;0;0;13;0;0;0;1;23;225;0;16;0;15;0;0;0;0;26;0;8;0;0;9;0;0;2;0;89;0;0;0;23;10;0;1;0;1;0;0;0;4;0;71;0;1;0;0;0;0;2;0;0;17;0;0;424;0;3709;0;0;4;0;0;0;0;34;0;0;0;0;7;0;4;668;1;0;0;0;0;2;0;0;0;0;136;396;0;0;0;2;0;9;0;11;17534;89;2226;0;0;7;0;40;2;0;0;0;0;0;14;0;6;0;3;0;1;6;0;0;1;0;0;0;15;0;759;39;0;0;291;32;1;0;1;1;1;18;0;1;0;0;0;0;1;13;0;2;10;0;0;0;8;2;13;0;5;0;1;0;0;1;20;40;0;14;3064;740;0;6;1;0;0;0;0;0;0;20;0;1;0;3;0;79;0;10;1;0;4;0;1;25;0;0;0;2;0;1;0;1;23;12;0;0;0;0;1;0;1;1;746;209;35;0;1;9;0;1;0;0;0;0;908;0;0;209;0;0;0;0;4;0;297;0;6;0;0;1;9;0;0;0;0;0;0;0;3;0;0;0;0;1;0;3;17;14;0;0;0;0;2;0;33;4;0
En-092;1;2;0;0;0;21;0;1;0;0;0;188;0;0;0;0;18;3;5;1;0;0;0;0;2;26;0;0;1;0;0;0;0;0;0;0;0;328;0;0;2;0;4;0;0;28;25;2;56;0;84;55;0;0;186;0;2;24;9;147;0;0;2;3;0;78;97;0;5;0;7;0;0;32;7;1;0;0;0;0;558;0;67;1;0;0;3;1;0;0;0;0;0;3;3;0;0;5;9;0;5;0;0;82;0;0;0;0;0;3;1;0;101;0;1;0;183;770;0;0;0;1;3;10;0;0;0;0;3;6;0;0;0;0;3;0;15;2;0;0;10;0;0;20;13;0;0;0;0;0;7;2;0;0;0;119;0;3;14;0;0;0;0;8;321;0;8;0;14;0;0;0;0;12;0;9;0;0;29;0;0;0;0;99;0;0;0;52;15;0;1;0;0;1;0;0;2;0;10;0;0;0;0;3;0;3;0;0;10;0;1;297;0;3328;0;0;11;0;0;0;0;33;0;0;0;0;12;1;0;14;2;0;0;0;3;0;0;0;1;0;113;254;0;0;0;0;0;3;0;9;13654;53;2092;0;0;4;0;40;0;0;0;2;0;0;1;0;29;0;1;0;2;28;0;0;1;0;0;0;20;0;465;14;0;0;226;28;0;2;2;0;2;16;2;1;0;0;2;0;1;2;0;1;7;0;0;0;8;1;23;0;0;4;4;0;0;0;3;46;0;22;1423;281;0;11;0;0;0;3;0;0;0;10;0;0;2;1;0;29;0;17;1;0;0;2;0;1;0;0;0;8;0;1;0;0;13;11;0;0;0;1;0;0;0;0;941;199;71;0;0;15;0;0;0;0;0;0;551;0;0;55;0;0;0;0;15;0;123;0;4;0;0;5;7;1;0;0;0;0;0;0;1;0;0;0;0;1;1;1;20;5;0;2;0;0;0;0;20;2;0
En-096;10;5;0;0;0;21;0;7;0;0;0;42;0;1;0;0;29;0;12;0;0;0;0;0;10;7;0;0;0;0;0;0;1;0;0;0;0;634;0;0;2;0;1;1;0;35;18;3;98;3;111;78;1;0;176;0;7;16;6;319;0;0;1;2;1;74;115;0;2;0;23;2;0;59;6;0;0;0;0;0;555;0;6;9;1;0;6;0;0;4;0;1;0;3;6;0;0;8;23;0;8;0;0;44;0;0;1;0;0;0;2;0;167;0;7;0;237;849;0;0;0;1;4;13;0;0;0;0;8;5;0;0;0;0;0;0;3;3;2;0;19;0;0;66;26;2;0;0;0;0;6;4;0;0;0;105;0;2;0;1;0;0;0;10;329;0;10;0;25;0;0;1;0;6;0;15;0;0;15;0;0;1;0;154;0;0;0;51;23;0;1;0;1;1;0;0;5;0;29;0;2;0;0;1;0;2;1;0;64;0;0;251;0;13823;0;0;6;0;0;0;0;34;0;0;0;0;11;1;0;8;2;0;0;0;3;0;0;1;0;0;53;409;1;0;0;0;0;4;0;3;17178;59;2833;0;0;2;0;80;1;0;0;2;0;0;1;0;29;0;14;0;0;36;0;0;1;0;0;0;31;0;244;13;0;0;290;27;1;4;1;0;0;25;5;4;0;1;0;0;0;0;0;0;5;0;0;0;10;0;18;0;3;3;7;0;0;0;20;81;0;24;1421;330;0;7;0;0;0;1;0;0;0;9;0;1;3;0;0;24;2;24;0;0;0;2;0;7;0;1;0;18;0;3;0;1;9;4;0;0;0;1;0;0;0;0;545;230;43;0;1;11;0;1;0;0;0;0;670;0;0;50;0;0;1;0;23;0;21;0;6;0;0;3;8;1;0;0;0;0;0;3;0;0;2;0;0;1;1;2;8;23;1;0;0;3;0;0;41;10;0
No-108;0;0;0;0;0;0;0;0;0;0;0;0;0;0;0;0;1;1;0;0;0;0;0;0;0;0;0;0;0;0;0;0;0;0;0;0;0;46;0;0;0;0;0;0;0;0;0;0;3;0;0;23;0;0;1;0;0;0;0;0;0;0;0;0;0;0;0;0;0;0;0;0;0;0;1;0;0;0;0;0;9;0;0;0;0;0;0;0;0;0;0;0;0;0;0;0;0;0;0;0;0;0;0;0;0;0;0;0;0;0;0;0;1;0;0;0;0;4;0;0;0;0;0;0;0;0;0;0;0;1;0;0;0;0;0;0;0;0;0;0;0;0;0;0;1;0;0;0;0;0;0;0;0;0;0;1;0;0;6;0;0;0;0;0;11;0;0;0;0;0;0;0;0;0;0;0;0;0;0;0;0;0;0;0;0;0;0;0;0;0;0;0;0;0;0;0;0;0;0;0;0;0;0;0;0;0;0;0;0;0;0;0;0;37454;0;0;0;0;0;0;0;1;0;0;0;0;0;0;0;0;0;0;0;0;1;0;0;0;0;0;0;1;0;0;0;0;0;0;0;0;449;0;19;0;0;0;0;0;0;0;0;0;0;0;0;0;10;0;0;0;0;0;0;0;0;0;0;0;0;0;23;0;0;0;0;0;0;0;0;0;0;1;0;0;0;0;0;0;0;0;0;0;0;0;0;0;0;0;0;0;0;0;0;0;0;0;0;0;0;0;28;2;0;0;0;0;0;0;0;0;0;2;0;0;0;0;0;0;0;0;0;0;0;0;0;0;0;0;1;0;0;0;0;0;0;0;0;0;0;0;0;0;0;0;1;9;2;0;0;1;0;0;0;0;0;0;0;0;0;7;0;0;0;0;0;0;0;0;0;0;0;0;0;0;0;0;0;0;0;0;0;0;0;0;0;0;0;0;0;0;0;0;0;0;0;0;0;0;0
Rh-187;0;0;0;0;2;0;2;1;0;1;1;15;0;0;66;0;2;0;0;1;0;6;0;0;9;23;1;0;0;0;0;58;0;0;0;0;0;17;0;0;9;0;1;1;1;46;29;2;31;5;587;0;90;1;20;0;75;38;10;78;0;0;1;12;0;3;30;0;1;2;87;6;0;0;0;0;1;0;1;0;115;1;5;0;1;1;3;0;0;32;0;0;0;16;1;0;0;1;112;0;1;33;2;14;1;0;2;0;6;10;0;1;46;0;4;1;105;472;0;27;0;27;0;1;0;0;0;0;1;1;1;1;0;0;11;0;37;7;52;0;298;0;0;7;514;52;3;0;0;1;4;0;0;5;0;75;0;0;0;1;5;0;0;0;8;0;42;1;7;0;0;11;0;0;4;0;1;0;3;0;10;0;0;13;3;9;0;34;17;0;0;0;0;0;0;0;1;0;60;0;2;6;0;0;4;0;0;0;41;4;23;669;2;92;0;0;1;1;0;48;0;6;0;0;2;13;46;6;2;17;0;0;0;0;25;0;1;1;0;1;0;17;0;0;1;0;7;127;0;36;16123;77;180;1;0;6;0;60;0;0;8;3;0;0;1;0;9;0;0;0;0;0;0;0;0;0;0;0;31;7;71;42;0;0;508;0;5;1;0;5;0;31;0;0;5;1;4;0;0;0;10;3;4;0;0;0;2;3;18;0;8;4;15;0;1;5;2;698;0;69;190;45;18;198;0;0;0;0;1;0;0;2;19;1;19;0;0;1;2;0;0;0;1;0;0;0;1;9;70;18;0;0;0;0;4;0;0;0;0;16;1;1;0;0;8;988;0;0;8;3;1;18;0;0;2;0;26;0;7;33;1;2;2;7;0;0;3;1;8;0;4;8;19;7;0;0;0;0;2;16;0;1;34;0;1;38;0;21;59;1;1;1;0;0;0;0;10;2;0
En-004;3;0;0;0;0;37;0;0;0;0;0;60;0;0;1;0;13;0;6;1;0;0;0;0;11;21;0;0;0;0;0;0;2;0;0;0;0;463;3;0;1;0;7;0;0;14;4;2;52;0;105;46;0;0;229;0;5;19;4;223;0;0;3;2;0;113;100;0;7;1;11;1;0;28;3;1;0;1;1;0;631;0;42;2;0;0;0;0;0;1;0;1;0;0;3;0;0;4;2;0;7;0;0;128;0;0;1;0;0;2;0;0;162;0;0;0;169;1750;0;0;0;1;8;2;0;0;0;0;3;4;0;0;0;0;1;1;82;2;0;0;14;0;0;24;19;0;0;0;0;0;8;0;0;0;0;263;0;0;0;0;0;0;1;34;277;0;10;0;14;0;0;0;0;15;0;2;0;0;35;1;0;0;0;58;0;0;0;33;8;0;0;0;0;5;0;0;1;0;10;0;1;0;0;1;0;8;0;0;54;0;2;544;0;2045;0;0;8;0;1;0;0;36;0;0;2;0;16;0;0;58;4;0;0;0;0;0;0;0;2;0;164;326;0;0;0;3;0;5;0;10;16030;101;4298;0;0;1;0;31;0;0;0;0;0;0;5;0;130;0;4;0;0;23;0;0;2;0;1;0;14;0;359;29;0;0;406;36;4;2;0;0;1;11;1;0;0;0;0;0;0;23;0;1;77;0;0;1;5;2;43;0;1;10;2;0;0;2;4;56;0;26;2819;560;6;6;0;0;0;3;0;0;0;13;0;0;1;2;0;37;0;7;5;0;0;0;0;4;0;0;0;6;0;0;0;0;36;15;0;0;0;0;1;1;0;0;913;236;37;0;0;7;0;0;0;0;0;0;782;0;0;131;0;0;0;0;8;0;35;0;7;0;0;0;4;0;0;0;0;0;0;0;2;0;3;0;0;0;1;0;36;7;0;0;0;0;0;0;38;2;0
En-093;3;1;0;0;0;20;0;44;0;0;0;121;0;0;0;0;19;1;8;0;5;0;0;0;8;20;0;0;0;0;0;0;2;0;0;0;0;1046;0;3;1;2;0;2;0;29;1;1;43;7;54;56;0;0;178;0;3;22;14;303;0;0;1;0;1;90;115;0;6;0;13;0;0;66;4;1;2;0;0;0;547;0;94;5;0;0;3;0;0;0;0;0;0;1;6;0;0;0;14;0;7;0;0;42;0;0;0;0;0;0;1;0;192;0;2;0;204;784;0;0;0;2;1;18;0;0;0;0;3;3;0;1;0;1;2;0;9;5;0;0;9;0;0;89;8;1;0;0;0;0;12;2;0;0;0;131;0;0;11;0;0;0;0;28;251;0;10;0;17;0;0;0;0;5;0;17;0;0;9;1;0;0;0;135;0;0;0;35;8;0;1;0;0;4;0;0;11;0;3;0;2;0;1;2;0;1;0;0;63;0;0;306;0;5738;0;0;5;0;1;0;0;33;0;0;0;0;10;0;0;5;2;0;0;0;1;2;0;0;0;0;112;349;0;0;0;0;0;3;0;7;15528;46;3298;0;0;3;0;49;0;0;0;3;0;0;1;0;15;0;2;0;1;12;0;1;0;0;0;0;17;0;271;38;0;0;310;44;2;3;1;0;0;10;0;0;0;2;1;0;0;6;0;17;10;0;0;0;9;3;33;0;0;11;3;0;0;1;9;64;0;16;1320;424;1;7;0;0;0;2;0;0;0;15;0;1;0;1;0;28;0;26;3;0;2;0;0;5;0;0;0;6;0;1;0;0;16;7;0;0;0;2;0;0;0;0;736;167;39;1;0;11;0;1;0;0;0;0;888;0;0;71;0;0;1;0;23;0;85;0;6;0;0;1;7;1;0;0;0;0;0;0;2;0;0;0;0;0;2;4;22;17;0;1;0;0;0;0;12;1;0
En-109;0;1;3;0;0;3;0;3;0;2;0;11;1;0;1;0;0;22;10;0;0;0;0;0;0;0;0;0;0;0;1;0;0;0;0;0;0;57;0;0;0;0;0;0;0;0;1;0;6;0;3;206;0;0;3;0;4;0;4;0;0;0;0;3;0;2;42;0;6;0;383;1;0;9;0;0;0;0;0;0;52;0;1;4;0;0;4;0;0;0;0;0;0;2;0;0;0;0;72;0;2;1;0;12;0;0;0;0;0;0;0;0;10;0;0;0;39;77;0;11;0;0;0;0;0;0;0;0;0;2;0;0;0;0;0;0;1;0;11;0;9;0;0;1;21;0;0;0;0;0;3;0;0;0;0;42;0;0;86;1;1;0;0;0;5;0;6;0;1;0;0;0;0;21;0;25;0;1;1;0;2;0;0;5;0;7;0;17;5;0;0;0;0;1;0;0;1;0;7;0;0;0;0;0;0;0;0;0;2;0;2;93;0;30146;0;0;0;0;0;0;0;5;0;0;0;0;1;0;0;20;0;0;0;0;0;0;0;0;0;0;0;71;0;0;0;0;0;1;0;1;3963;3;95;0;0;0;0;13;0;0;0;3;0;0;0;0;1;0;0;0;0;1;0;2;0;0;0;0;1;0;43;1;0;0;364;0;0;0;0;0;1;3;1;0;0;1;2;0;0;0;0;4;0;0;0;0;0;0;10;0;0;0;1;0;3;0;7;53;0;4;412;35;0;7;2;0;0;0;0;0;0;1;1;0;0;0;0;2;1;0;0;0;0;0;0;2;0;0;697;3;0;0;0;0;2;0;0;0;0;1;0;0;0;0;0;34;0;0;0;2;0;1;1;0;0;0;3;0;4;87;4;0;0;0;0;0;4;0;0;0;1;1;1;0;0;0;0;0;0;1;0;0;2;0;0;2;1;0;76;6;0;1;0;0;0;0;4;1;0
En-059;4;3;0;0;0;12;0;0;0;0;0;9;0;0;0;0;6;0;4;0;0;0;0;0;0;1;0;0;0;0;0;0;1;0;0;0;0;313;0;0;2;0;2;0;0;10;0;0;8;1;64;79;0;0;18;0;0;2;0;126;0;0;0;0;0;22;13;0;0;0;1;0;0;15;3;0;0;0;0;0;68;0;3;1;0;0;0;0;0;0;0;0;0;2;0;0;0;0;1;0;2;0;0;15;0;0;0;0;0;0;0;0;27;0;2;0;61;2140;0;0;0;0;0;0;0;0;0;0;4;13;0;0;0;0;0;0;1;1;0;0;4;0;0;8;3;0;0;0;0;0;10;2;0;0;0;46;0;1;0;0;0;0;0;1;67;0;4;0;7;0;0;0;0;2;0;22;0;0;3;0;0;0;0;36;0;0;0;21;1;0;0;0;0;0;0;0;0;0;8;0;0;0;0;0;0;0;0;0;6;0;0;58;0;39377;0;0;1;0;0;0;1;6;0;0;0;0;0;2;0;1;3;0;0;0;0;3;0;0;0;0;8;178;0;0;0;0;0;0;0;4;7081;10;554;0;0;0;0;15;0;0;0;0;0;0;0;0;1;0;0;0;0;21;0;0;0;0;0;0;16;0;102;7;0;0;76;12;0;1;0;0;0;12;0;0;0;0;0;0;0;2;0;0;1;0;0;0;2;1;19;0;0;0;1;0;0;0;7;46;0;7;539;144;0;3;0;0;0;1;0;0;0;19;0;0;2;0;0;14;0;7;1;0;0;0;0;2;0;0;0;9;0;2;0;0;7;0;0;0;0;0;1;0;0;0;265;47;53;0;0;0;0;1;0;0;0;0;453;0;0;32;0;0;1;0;1;0;17;0;2;0;0;1;3;0;0;0;0;0;0;0;1;0;1;0;0;0;0;0;2;25;0;0;0;0;0;0;4;0;0
No-087;0;0;0;0;0;0;0;0;0;0;0;1;0;0;0;0;0;1;0;0;0;0;0;0;0;0;0;0;0;0;0;0;0;0;0;0;0;115;0;0;0;0;0;0;0;0;1;0;0;0;1;32;0;0;0;0;0;0;0;0;0;0;0;0;0;2;0;0;0;0;0;0;0;0;0;0;0;0;0;0;25;0;0;0;0;0;0;0;0;0;0;0;0;0;0;0;0;0;0;0;0;0;0;1;0;0;0;0;0;0;0;0;1;0;0;0;4;4;0;0;0;0;0;0;0;0;0;0;0;0;0;0;0;0;0;0;0;0;0;0;0;0;0;2;0;0;0;0;0;0;0;0;0;0;0;0;0;0;14;0;0;0;0;0;6;0;0;0;0;0;0;0;0;0;0;1;0;0;0;0;0;0;0;0;0;0;0;0;0;0;0;0;0;0;0;0;0;0;0;0;0;0;0;0;0;1;0;0;0;0;0;0;0;37519;0;0;0;0;0;0;0;2;0;0;0;0;1;0;0;0;0;0;0;0;0;1;0;0;0;0;0;3;0;0;0;0;0;0;0;0;434;0;34;0;0;0;0;1;0;0;0;0;0;0;0;0;3;0;0;0;0;0;0;0;0;0;0;0;0;0;46;0;0;0;4;0;0;0;0;0;0;0;0;0;0;0;0;0;0;0;0;0;1;0;0;0;0;0;1;0;0;1;0;0;0;0;0;3;0;0;37;1;0;0;0;0;0;0;0;0;0;0;0;0;0;0;0;0;0;3;0;0;0;0;0;0;0;0;0;1;0;0;0;0;1;1;0;0;0;0;0;0;0;0;5;5;0;0;0;0;0;0;0;0;0;0;2;0;0;0;0;0;0;0;1;0;0;0;0;0;0;0;0;0;0;0;0;0;0;0;0;0;0;0;0;0;0;0;0;1;0;0;0;0;0;0;0;0;0
Rh-209;0;2;0;4;1;0;1;2;0;3;0;19;0;0;37;0;2;0;0;0;0;5;0;0;18;42;0;0;0;0;0;91;0;1;0;1;0;17;0;0;7;0;1;2;0;42;47;2;36;4;423;0;148;0;23;1;81;34;13;68;0;0;0;20;0;5;36;0;2;0;79;10;1;0;0;0;1;0;1;0;145;1;6;0;4;2;3;0;0;57;0;0;0;39;1;0;0;3;73;0;1;24;0;14;0;0;0;0;25;12;0;0;82;0;6;5;150;231;0;21;0;28;0;3;1;0;0;0;4;1;0;0;0;0;26;0;47;1;40;0;524;0;2;9;640;193;5;0;0;0;3;0;0;6;0;53;0;0;0;4;6;0;0;0;30;0;8;0;16;0;0;24;0;0;9;0;1;2;6;0;3;0;0;24;8;6;1;31;24;0;0;0;0;0;0;0;0;0;31;0;1;2;5;0;2;0;0;0;35;14;41;536;0;619;0;4;0;0;0;3;0;5;0;0;1;13;44;5;5;6;0;0;0;0;46;0;0;3;1;0;0;22;0;0;3;0;18;135;0;46;19185;98;205;3;0;2;0;80;1;0;8;7;0;0;1;0;9;0;0;0;0;1;2;0;0;0;0;0;51;47;31;43;0;0;556;0;3;2;0;5;0;40;0;1;4;1;14;0;0;1;5;9;17;0;1;0;2;2;14;0;10;1;12;0;2;3;1;641;0;110;259;71;22;217;4;0;0;0;0;1;0;0;24;0;49;0;0;4;2;1;0;0;5;1;0;0;1;8;93;16;0;1;0;0;0;0;0;2;0;32;0;2;0;0;7;1054;0;0;5;3;0;21;0;0;2;0;42;0;1;65;1;2;1;12;1;0;1;0;8;1;4;15;21;11;0;0;0;0;1;41;1;0;10;0;3;19;1;31;29;3;0;3;0;3;0;0;7;6;0
No-134;0;0;0;0;0;0;0;0;0;0;0;0;0;0;0;0;0;9;3;0;0;0;0;0;0;0;0;0;0;0;0;0;0;0;0;0;0;0;0;0;0;0;0;0;0;0;0;0;1;0;0;34;0;0;0;0;1;0;2;0;0;0;0;0;0;0;2;0;0;0;4;0;0;0;0;0;0;0;0;0;4;0;0;0;0;0;0;0;0;0;0;0;0;0;0;0;0;0;1;0;0;0;0;0;0;0;0;0;0;0;0;0;0;0;0;0;1;1;0;2;0;0;0;0;0;0;0;0;0;0;0;0;0;0;0;0;0;0;1;0;0;0;0;0;1;0;0;0;0;0;0;0;0;0;0;1;0;0;26;0;0;0;0;0;1;0;1;0;0;0;0;0;0;0;0;1;0;0;0;0;0;0;0;0;0;0;0;1;0;0;0;0;0;0;0;0;0;0;5;0;0;0;0;0;0;0;0;0;0;0;0;3;0;46058;0;0;0;0;0;0;0;0;0;0;0;0;0;0;0;0;0;0;0;0;1;0;1;0;0;0;0;2;0;0;0;0;0;0;0;0;452;0;20;0;0;0;0;0;0;0;0;0;0;0;0;0;0;0;0;0;0;0;0;0;0;0;0;0;0;0;3;0;0;0;17;0;0;0;0;0;0;0;0;0;0;0;0;0;0;0;0;0;0;0;0;0;0;0;0;0;0;0;0;0;0;0;0;4;0;0;12;1;0;0;0;0;0;0;0;0;0;0;0;0;0;0;0;0;0;0;0;0;0;0;0;0;0;1;1560;0;0;0;0;0;2;0;0;0;0;0;0;0;0;0;0;5;0;0;0;0;0;0;1;0;0;0;0;0;0;10;0;0;0;0;0;0;0;0;0;0;0;0;0;0;0;0;0;0;0;0;0;0;0;0;0;0;0;0;0;0;0;0;0;0;1;0;0;0;0
En-060;6;5;0;0;0;61;0;0;0;0;0;54;0;0;0;0;22;9;10;0;0;0;0;0;24;20;0;0;0;0;0;1;0;0;0;0;0;1399;0;0;0;0;1;1;0;32;2;2;78;11;168;92;1;0;218;0;6;16;22;357;0;0;3;0;1;73;103;0;2;0;3;0;0;4;4;0;0;0;0;0;462;0;40;3;0;0;4;0;0;2;0;0;0;0;10;0;0;0;3;0;12;0;0;64;0;0;0;0;0;0;1;0;143;0;0;0;192;748;1;0;0;0;1;2;0;0;0;0;23;11;0;0;0;1;2;0;6;2;0;0;4;0;0;49;6;3;0;0;0;0;14;4;0;0;0;287;0;1;48;1;0;0;0;22;282;0;6;0;14;0;0;0;0;253;1;5;0;0;6;0;0;0;0;79;0;0;0;84;21;0;0;0;1;1;0;0;2;0;62;0;1;0;0;1;0;4;0;0;4;0;0;165;0;9472;0;1;9;0;0;0;0;10;0;0;0;0;3;0;0;4;3;0;0;0;1;0;0;0;0;0;135;332;0;1;0;0;0;6;0;6;19912;41;2808;0;0;14;0;69;1;0;0;0;1;2;1;0;1;0;0;0;1;66;0;3;0;0;0;0;49;0;322;15;0;0;219;25;1;1;1;0;1;12;3;10;0;0;0;0;0;3;0;0;15;0;0;0;6;2;15;0;3;2;3;0;0;3;8;54;0;16;1722;596;0;8;1;0;0;0;0;0;0;19;0;0;3;0;0;61;0;15;1;0;6;1;0;3;0;0;0;17;0;3;1;0;8;7;0;1;1;0;0;0;0;1;1075;179;48;0;2;4;0;1;0;0;1;0;1018;0;0;43;0;0;4;0;16;0;109;0;6;0;0;1;3;0;0;0;0;0;0;0;1;0;0;0;0;4;1;1;25;21;0;2;0;0;0;0;30;2;0
En-095;1;2;0;0;0;39;0;0;0;0;0;61;0;0;0;1;23;4;4;0;0;0;0;0;8;21;0;0;0;0;0;0;0;0;0;0;0;765;0;2;0;0;2;0;0;20;8;2;37;2;75;55;15;0;474;0;2;7;14;393;0;0;6;0;0;40;93;0;2;0;6;0;0;8;0;1;0;0;0;0;376;0;7;1;0;0;10;0;0;0;0;0;0;2;7;0;0;12;3;0;44;0;0;113;3;0;1;0;1;0;0;0;160;0;0;2;303;227;0;0;0;1;0;0;0;0;0;0;8;3;0;1;0;1;8;0;12;0;1;0;4;0;0;53;7;2;0;0;0;0;9;0;0;0;0;105;0;0;19;0;0;0;1;18;199;0;4;0;18;0;0;0;0;1;0;8;0;0;15;0;0;0;0;107;0;0;0;29;18;0;7;0;0;2;0;0;0;0;16;0;0;0;0;0;0;3;0;0;5;2;1;91;0;5090;0;0;4;0;0;0;0;18;0;0;0;0;2;1;0;0;3;0;0;0;0;1;0;0;0;0;66;304;0;0;0;0;0;5;0;4;17148;13;2482;0;0;1;0;85;7;0;0;3;0;0;0;0;5;0;1;0;0;14;0;1;0;0;0;0;15;0;214;2;0;0;208;11;0;3;0;0;0;18;1;2;0;0;0;0;1;5;0;0;3;0;0;1;10;3;10;0;0;0;2;0;0;0;1;33;0;12;1957;359;0;3;0;0;0;2;0;0;0;27;0;1;2;1;0;18;0;15;1;0;0;3;0;0;0;0;0;11;0;3;0;0;15;3;0;1;0;0;1;0;0;0;484;101;22;0;0;5;0;1;0;0;0;0;736;0;0;40;0;0;2;0;3;0;15;0;8;0;0;1;8;0;0;0;0;0;0;0;0;0;1;0;1;0;1;1;15;12;0;0;0;0;0;0;8;8;0
Rh-013;0;2;0;0;0;7;0;1;0;0;0;25;0;0;26;0;14;0;1;0;0;0;0;0;15;65;0;0;0;0;0;25;0;0;0;0;0;259;0;0;9;0;0;6;0;111;26;106;68;29;551;0;1;0;237;0;17;83;28;161;0;0;5;9;2;67;38;0;12;0;6;1;0;1;10;0;0;1;0;0;1163;1;2;2;0;2;6;0;0;31;0;1;0;11;8;2;0;1;55;0;16;0;0;10;1;1;0;0;0;5;0;3;156;0;1;0;98;3122;0;1;0;49;20;8;0;0;0;0;7;5;0;0;0;1;4;1;48;47;0;0;199;0;0;8;465;8;4;0;0;0;1;9;0;0;0;222;0;1;1;1;0;0;1;9;123;0;24;0;23;0;0;6;0;3;3;1;0;0;0;0;0;0;7;41;0;0;0;24;8;0;0;0;2;6;0;0;1;0;1;0;0;1;0;0;0;3;0;0;150;19;5;1071;4;581;0;3;5;0;2;0;1;17;0;0;2;0;139;0;0;23;3;0;1;0;8;0;0;3;4;0;12;46;0;0;1;1;0;63;0;135;18196;514;1508;0;0;6;0;70;0;0;2;2;0;0;1;0;586;2;0;0;0;2;0;0;0;0;38;0;24;0;527;105;0;5;229;12;26;3;8;0;0;23;9;0;0;1;2;0;0;1;5;1;8;0;0;2;8;6;105;0;1;0;4;0;0;1;19;1289;0;26;221;372;0;45;1;1;0;1;0;0;0;13;0;2;17;0;1;19;1;7;1;0;1;14;2;0;0;0;1;19;0;0;0;2;7;2;0;2;9;8;3;0;1;0;345;1175;11;0;6;14;0;1;0;0;1;0;65;0;0;23;0;0;5;0;3;0;29;0;4;3;0;0;13;3;0;1;0;0;0;3;4;2;8;0;0;7;2;6;18;1;0;3;0;5;0;0;46;1;0
No-105;0;0;0;0;0;0;0;0;0;0;0;0;0;0;0;0;0;0;0;0;0;0;0;0;0;0;0;0;0;0;0;0;0;0;0;0;0;24;0;0;0;0;0;0;0;0;0;0;0;0;1;31;0;0;0;0;0;0;0;1;0;0;0;0;0;2;2;0;0;0;0;0;0;0;0;0;0;0;0;0;11;0;0;0;0;0;0;0;0;0;0;0;0;0;0;0;0;0;0;0;0;0;0;0;0;0;0;0;0;0;0;0;2;0;0;0;1;2;0;0;0;0;0;0;0;0;0;0;0;0;0;0;0;0;0;0;0;0;0;0;0;0;0;0;1;0;0;0;0;0;0;0;0;0;0;0;0;0;10;0;0;0;0;0;14;0;1;0;0;0;0;0;0;0;0;1;0;0;0;0;0;0;0;1;0;0;0;0;0;0;0;0;0;0;0;0;0;0;2;0;0;0;0;0;0;0;0;0;0;0;0;1;0;40198;0;0;0;0;0;0;0;0;0;0;0;0;1;0;0;0;0;0;0;0;0;1;0;0;0;0;1;0;1;0;0;0;0;0;0;0;482;0;59;0;0;0;0;0;0;0;0;0;0;0;0;0;12;0;0;0;0;0;0;0;0;0;0;0;1;0;28;0;0;0;1;1;0;0;0;0;0;0;0;0;0;0;0;0;0;0;0;0;0;0;0;0;0;0;0;0;0;0;0;0;0;0;0;1;0;0;9;4;0;0;0;0;0;0;0;0;0;0;0;0;0;0;0;0;0;0;0;0;0;0;0;0;0;0;0;0;0;0;0;0;1;0;0;0;0;0;0;0;0;0;2;1;1;0;0;1;0;0;0;0;0;0;3;0;0;1;0;0;0;0;0;0;1;0;0;0;0;0;0;0;0;0;0;0;0;0;0;0;0;0;0;0;0;0;0;0;0;0;0;0;0;0;0;0;0
Rh-097;0;3;0;0;0;2;0;2;0;1;0;31;0;3;10;2;12;0;1;0;1;0;1;0;20;63;1;0;2;0;0;33;2;0;0;0;0;136;0;0;7;2;3;6;0;118;39;62;66;17;360;0;16;0;209;0;12;23;32;120;0;0;2;22;3;32;43;0;11;0;8;14;0;0;16;0;0;1;0;0;674;0;0;0;0;6;0;1;0;7;0;1;0;11;9;2;0;0;34;0;2;10;0;16;2;0;3;0;0;5;7;0;107;0;0;0;121;626;1;0;0;59;5;3;0;0;0;0;8;8;0;0;0;0;5;4;44;52;0;0;347;0;0;14;659;20;0;3;0;0;6;3;0;0;0;62;0;1;0;0;0;0;9;1;143;2;23;0;25;0;0;3;0;0;3;1;3;0;7;0;0;0;4;69;0;0;0;34;14;0;0;0;2;1;0;0;1;0;16;0;1;0;0;2;0;1;4;1;103;3;5;303;5;345;0;0;4;0;3;0;0;30;0;0;1;0;115;1;0;1;3;0;0;0;5;0;0;5;6;0;3;19;0;0;0;3;0;91;0;124;17093;135;1022;0;0;6;0;89;0;0;2;3;0;0;0;0;179;0;0;0;0;2;0;0;0;0;6;0;33;0;217;20;0;3;238;10;25;10;4;0;0;28;10;2;0;0;1;0;0;1;10;1;12;1;0;1;26;4;17;0;8;3;7;0;0;2;5;2069;0;25;182;145;0;59;5;0;0;2;0;0;0;5;2;4;19;0;0;14;0;5;1;0;2;15;0;3;0;0;1;19;0;1;2;1;2;0;0;5;11;9;9;0;1;0;215;1209;2;1;4;23;0;1;0;0;3;0;62;0;0;23;0;0;3;0;2;0;13;0;7;3;0;1;12;6;0;3;0;1;0;0;11;3;6;0;0;1;3;6;16;0;0;1;0;6;0;0;22;6;0
Rh-063;1;1;0;0;0;13;0;0;0;0;0;7;0;0;5;0;6;1;2;1;0;0;0;0;8;27;2;0;0;0;0;7;0;0;0;0;0;68;0;0;8;0;1;1;0;33;10;41;3;3;1010;14;0;1;98;0;3;7;8;44;0;0;0;5;0;27;21;0;4;0;1;1;0;0;8;0;0;0;0;0;220;0;2;0;1;0;1;0;0;0;0;1;0;11;5;1;0;0;13;0;2;0;0;1;0;0;0;0;0;5;2;0;66;0;0;0;52;806;0;2;0;17;1;2;0;0;0;1;1;4;0;0;0;2;5;0;7;29;0;0;94;0;0;2;221;3;0;0;0;0;2;2;0;0;0;16;0;1;5;0;0;0;3;0;71;0;16;0;11;0;0;1;0;0;0;0;2;0;0;0;1;0;4;10;0;0;0;5;4;0;0;0;0;0;0;0;1;0;13;0;1;0;0;0;0;2;1;0;30;0;3;288;0;2028;0;0;5;0;1;4;0;10;0;0;2;0;37;2;0;11;0;0;1;0;2;0;0;1;1;0;2;7;0;0;0;0;0;28;0;42;7538;225;750;0;0;3;0;35;0;0;0;0;0;0;2;0;41;0;0;0;0;2;0;0;0;0;7;0;13;0;295;14;0;0;68;14;8;1;1;0;0;13;1;0;0;0;1;0;0;3;5;0;0;0;0;0;5;0;36;0;2;0;1;0;1;0;3;604;0;9;57;241;2;16;3;0;0;2;0;0;0;3;0;1;6;0;0;10;0;0;3;0;1;4;1;1;0;0;20;8;0;0;0;0;0;0;0;0;6;4;2;0;2;0;164;438;4;1;4;23;0;0;0;0;0;0;36;0;0;10;0;0;1;0;0;0;13;0;2;2;0;0;8;3;0;0;0;0;0;0;8;0;2;0;0;1;2;0;6;0;0;0;0;1;0;0;6;3;0
No-053;0;0;0;0;0;7;0;0;0;0;0;0;0;0;0;0;0;9;0;0;0;0;0;0;0;0;0;0;0;0;0;0;0;0;0;0;0;113;0;0;0;0;0;0;0;0;0;0;27;0;0;106;0;0;0;0;0;0;4;0;0;0;0;0;0;3;0;0;0;0;0;0;0;0;0;0;0;0;0;0;84;0;0;2;0;0;34;0;0;113;0;0;0;0;0;0;0;0;10;0;0;0;0;0;0;0;0;0;0;0;0;0;5;0;0;0;0;21;0;0;0;0;3;0;0;0;0;0;0;1;0;0;0;0;0;0;44;0;0;0;19;0;0;0;0;0;0;0;0;0;0;0;0;0;0;10;0;0;10;0;0;0;0;0;2;0;0;0;0;0;0;0;0;86;0;1;0;0;0;0;0;0;0;0;0;0;0;0;0;0;0;0;0;0;0;0;0;0;0;0;0;0;0;0;0;0;0;0;0;0;0;53;0;63419;0;0;0;0;0;86;0;0;0;0;0;0;0;0;0;0;0;0;0;0;0;0;0;0;0;0;0;1;2;0;0;0;0;0;0;0;1362;0;41;0;0;0;0;18;0;0;0;0;0;0;0;0;13;0;0;0;0;0;0;0;0;0;0;0;0;0;31;0;0;0;0;0;0;0;0;0;0;0;0;0;0;0;0;0;0;0;0;0;0;0;0;0;0;0;0;0;0;113;0;0;0;0;9;4;0;0;36;16;0;0;0;0;0;0;0;0;0;2;0;0;0;0;0;0;0;0;0;0;0;0;0;0;0;0;108;0;0;0;0;0;0;0;0;0;0;0;0;0;0;0;0;1;0;0;0;0;0;0;0;0;0;0;13;0;0;0;0;0;0;0;0;0;0;0;0;0;0;0;1;0;0;0;0;0;0;0;0;0;0;0;0;0;0;0;16;1;0;0;0;0;0;0;0;0;0
En-164;3;1;29;0;0;21;0;9;0;5;0;36;0;0;2;0;0;10;10;0;0;0;0;0;5;4;0;0;0;0;1;1;5;0;0;1;0;15;0;0;0;0;1;1;0;1;2;0;24;2;884;44;5;0;161;0;29;0;4;7;0;0;0;1;0;23;177;0;13;1;409;6;0;10;1;0;1;0;5;0;614;0;10;3;0;0;18;0;0;26;0;0;0;1;96;0;0;0;348;8;27;0;0;45;1;0;0;0;0;0;0;1;65;0;0;1;118;286;1;5;0;1;0;1;0;0;0;0;3;0;0;0;0;0;1;0;0;0;340;0;11;0;0;14;19;4;0;0;0;0;0;0;0;0;0;131;0;0;20;0;0;0;0;11;29;0;41;0;2;0;0;0;0;11;0;7;0;1;4;0;0;4;0;10;2;19;3;26;12;0;0;0;0;0;0;0;5;0;263;0;0;0;0;0;0;0;0;0;3;5;6;657;0;4460;0;0;6;0;0;0;0;4;0;0;0;3;8;0;1;64;0;0;0;0;0;0;6;0;0;0;73;139;0;0;0;1;0;0;0;6;11908;24;1832;0;0;0;0;68;1;0;0;15;1;0;0;0;57;0;24;0;0;3;0;0;0;0;0;0;5;1;106;2;0;0;3308;0;0;1;0;0;1;5;0;2;0;0;2;0;42;0;0;2;4;0;0;0;0;0;18;0;3;0;1;0;3;0;5;58;0;19;1116;298;4;26;2;0;0;0;0;0;0;2;0;0;0;0;0;4;0;1;0;0;0;0;0;1;0;0;20;4;0;1;0;0;3;0;0;0;0;1;0;0;0;0;11;279;0;0;0;4;0;2;0;0;0;0;52;0;1;628;3;0;0;1;0;1;7;0;0;0;1;1;1;0;0;0;0;0;0;8;1;0;8;0;3;1;0;7;105;4;0;1;0;0;3;0;11;1;0
Rh-151;1;2;0;1;1;1;1;0;0;1;0;8;0;0;42;0;0;0;1;0;0;3;0;0;12;40;0;0;0;0;1;259;0;2;0;0;0;19;0;0;8;0;0;0;0;42;17;0;19;67;1113;0;609;1;61;0;27;74;8;33;0;0;0;6;0;4;17;0;1;0;150;5;0;0;1;0;2;0;0;0;176;2;2;0;1;1;5;14;0;125;0;0;1;14;0;0;0;1;323;0;1;9;0;10;0;0;0;0;83;8;0;1;44;0;2;0;72;672;0;14;1;22;0;2;0;0;0;0;4;0;1;0;0;1;19;0;30;1;13;0;295;0;1;2;408;922;3;0;0;0;1;0;0;3;1;54;0;0;0;3;2;1;1;0;7;0;10;0;7;0;1;8;0;0;3;0;0;0;2;0;13;1;0;11;1;1;1;24;7;0;1;0;0;0;0;0;1;0;15;0;5;1;1;0;3;0;0;0;32;89;21;695;2;105;0;0;0;1;1;4;0;1;0;0;6;5;25;1;1;27;0;0;0;2;14;0;0;4;1;0;0;8;0;0;2;1;4;67;0;34;13787;111;270;1;0;4;0;53;1;0;5;0;6;0;0;0;10;0;0;0;0;0;0;0;0;0;0;0;23;121;37;54;0;0;466;0;5;3;0;1;0;27;0;2;1;0;7;0;0;0;1;4;4;0;9;0;1;1;35;0;4;16;3;0;1;1;3;562;0;34;96;113;13;162;3;0;0;0;0;0;0;4;9;1;17;0;0;3;3;0;0;0;3;0;0;0;1;7;91;12;0;0;0;0;1;2;0;2;1;14;0;2;0;0;7;805;1;0;10;4;3;9;0;0;0;0;25;0;1;37;0;1;3;1;0;0;6;0;6;0;3;7;18;4;0;0;0;0;0;19;0;0;8;0;0;24;4;14;48;0;0;2;0;1;0;0;8;1;0
No-027;0;0;0;0;0;1;0;0;0;0;0;0;0;0;0;0;1;4;0;0;0;0;0;0;0;0;0;0;0;0;0;0;0;0;0;0;0;100;0;0;0;0;0;0;0;1;0;0;1;0;0;34;0;0;0;0;0;0;0;1;0;0;0;0;0;2;2;0;0;0;0;0;0;0;0;0;0;0;0;0;11;1;0;1;0;0;0;0;0;0;0;0;0;0;0;0;0;0;0;0;0;0;0;0;0;0;0;0;0;0;0;0;1;0;0;0;0;5;0;0;0;0;0;0;0;0;0;0;0;0;0;0;0;0;0;0;0;0;0;0;0;0;0;1;0;0;0;0;0;0;0;1;0;0;0;0;0;0;14;0;0;0;0;0;0;0;0;0;0;0;0;0;0;0;0;2;0;0;0;0;0;0;0;0;0;0;0;0;0;0;0;0;0;0;0;0;0;0;0;0;0;0;0;0;0;0;0;0;0;0;0;2;0;44222;0;0;0;0;0;0;0;0;0;0;0;0;0;0;0;0;0;0;0;0;0;0;0;0;0;0;1;4;0;0;0;0;0;0;0;0;386;0;28;0;0;0;0;0;0;0;0;0;0;0;0;0;0;0;0;0;0;0;0;0;0;0;0;0;0;0;18;1;0;0;3;0;0;0;0;0;0;0;0;0;0;0;0;0;0;0;0;0;0;0;0;0;0;0;0;0;0;0;0;0;0;0;0;2;0;0;15;5;0;0;0;0;0;0;0;0;0;1;0;0;0;0;0;0;0;1;0;0;0;0;0;0;0;0;0;0;0;0;0;0;0;0;0;0;0;0;0;0;0;0;2;6;1;0;0;0;0;0;0;0;0;0;4;0;0;1;0;0;0;0;0;0;0;0;0;0;0;0;0;0;0;0;0;0;0;0;0;0;1;0;0;0;0;0;0;0;0;0;0;0;0;0;0;0;0
No-180;0;0;1;0;0;1;0;1;0;0;0;1;0;0;0;0;0;10;4;0;0;0;0;0;0;0;0;0;0;0;0;1;0;0;0;0;0;0;0;0;0;0;0;0;0;0;0;0;7;0;5;66;0;0;1;0;0;0;1;0;0;0;0;0;0;0;4;0;0;0;7;0;0;0;0;0;0;0;0;0;19;0;0;0;0;0;0;0;0;0;0;0;0;0;0;0;0;0;4;0;0;0;0;0;0;0;0;0;0;0;0;0;0;0;0;0;2;10;0;0;0;0;0;0;0;0;0;0;0;0;0;0;0;0;0;0;0;0;3;0;0;0;0;0;1;0;0;0;0;0;0;0;0;0;0;5;0;0;54;0;0;0;0;1;1;0;20;0;0;0;0;0;0;0;0;11;0;0;0;0;0;0;0;0;0;0;0;0;0;0;0;0;0;0;0;0;0;0;2;0;0;0;0;0;0;0;0;0;0;0;0;3;0;56432;0;0;0;0;0;0;0;3;0;0;0;0;0;0;0;3;0;0;0;0;0;0;0;0;0;0;0;0;0;0;0;0;0;0;0;2;1148;1;51;0;0;0;0;0;0;0;0;0;0;0;1;0;0;0;0;0;0;0;0;0;0;0;0;0;0;0;9;0;0;0;124;0;0;0;0;0;0;0;0;0;0;0;0;0;0;0;0;0;0;0;0;0;0;0;1;0;0;0;0;0;1;0;0;3;0;1;100;3;0;2;0;0;0;0;0;0;0;0;0;0;0;0;0;0;0;0;0;0;0;0;0;0;0;0;7;0;0;0;0;0;1;0;0;0;0;0;0;0;0;0;0;15;0;0;0;0;0;0;0;0;0;0;0;0;0;64;0;0;0;0;0;0;0;0;0;0;1;0;0;0;0;0;0;0;0;0;0;0;0;0;0;0;0;0;14;1;0;0;0;0;3;0;0;0;0
En-203;0;0;0;0;0;0;0;1;0;2;0;36;0;0;3;0;0;13;24;0;0;0;0;0;2;1;0;0;0;0;0;6;2;0;0;0;0;7;0;0;0;0;1;0;0;1;1;0;11;0;31;92;0;0;18;0;3;3;3;5;0;0;3;0;0;0;103;0;7;0;157;0;0;0;1;0;0;0;1;0;202;3;1;5;0;0;1;0;1;2;0;0;0;0;7;0;0;0;243;1;1;0;0;3;0;0;0;0;0;0;0;0;14;0;0;1;42;51;0;3;0;0;0;1;0;0;0;0;0;0;0;0;0;0;0;0;0;1;72;0;1;0;0;1;22;0;0;0;0;0;2;0;0;1;1;109;0;0;38;0;0;0;0;2;28;0;11;0;0;0;0;0;0;7;0;26;0;0;2;0;0;0;0;0;0;1;0;14;8;0;1;0;0;0;0;0;0;0;170;0;0;0;0;0;0;0;0;0;3;0;1;165;0;12731;2;0;1;0;0;9;0;3;0;0;0;0;2;0;0;192;0;0;0;0;1;0;0;0;0;0;28;67;0;0;0;0;0;1;0;1;4250;4;958;0;0;0;0;7;0;0;0;2;0;0;0;0;4;0;1;0;0;0;0;0;0;0;0;0;1;0;17;0;0;0;690;0;0;0;0;0;0;4;0;0;0;0;2;0;0;0;0;0;2;0;0;0;0;0;1;0;0;0;1;0;0;0;5;36;0;5;528;104;0;7;2;0;0;0;0;0;0;1;0;0;1;0;0;3;0;0;0;0;0;0;0;1;0;0;4712;0;0;0;0;0;4;0;0;0;0;0;0;0;0;1;3;110;0;0;0;0;0;2;0;0;0;0;4;0;1;47;0;0;0;0;2;0;20;0;0;0;5;0;0;0;0;0;0;0;0;3;0;0;0;0;1;3;0;1;51;11;0;0;0;0;2;0;11;0;0
No-029;0;0;0;0;0;0;0;0;0;0;0;0;0;0;0;0;1;2;0;0;0;0;0;0;0;0;0;0;0;0;0;0;0;0;0;0;0;27;0;0;0;0;0;0;0;0;0;0;0;0;0;31;0;0;0;0;1;0;0;0;0;0;0;0;0;1;0;0;0;0;0;0;0;0;0;0;0;0;0;0;21;0;0;0;0;0;0;0;0;0;0;0;0;0;0;0;0;0;0;0;0;0;0;0;0;0;0;0;1;0;0;0;3;0;0;0;1;3;0;0;0;0;0;0;0;0;0;0;0;1;0;0;0;0;0;0;0;0;0;0;0;0;0;0;1;0;0;0;0;0;0;0;0;0;0;0;0;0;8;0;0;0;0;0;3;0;0;0;0;0;0;0;0;0;0;5;0;0;0;0;0;1;0;0;0;0;0;0;0;0;0;0;0;0;0;0;1;0;2;0;0;0;0;0;0;0;0;0;0;0;0;0;0;50586;0;0;0;0;0;0;0;2;0;0;0;0;0;0;0;0;0;0;0;0;0;0;0;0;0;0;0;0;0;0;0;0;0;0;0;2;412;0;44;0;0;0;0;0;0;0;0;0;0;0;0;0;0;0;0;0;0;0;0;0;0;0;0;0;0;0;11;0;0;0;1;1;0;0;0;0;0;0;0;0;0;0;0;0;0;0;0;0;0;0;0;0;0;0;1;0;0;0;0;0;0;0;0;2;0;0;57;4;0;1;0;0;0;0;0;0;0;1;0;0;0;0;0;0;0;0;0;0;0;0;0;0;0;0;0;0;0;0;0;0;0;0;0;0;0;0;0;0;0;0;2;0;0;0;0;0;0;0;0;0;0;0;1;0;0;1;0;0;0;0;0;0;0;0;0;0;0;0;0;0;0;0;0;0;0;0;0;0;1;0;0;0;0;0;0;0;0;0;0;0;0;0;0;0;0
No-161;0;0;0;0;0;0;0;0;0;0;0;0;0;0;0;0;0;7;1;0;0;0;0;0;0;0;0;0;0;0;0;0;0;0;0;0;0;2;0;0;0;0;0;0;0;0;0;0;3;0;0;46;1;0;0;0;0;0;0;0;0;0;0;0;0;0;3;0;1;0;2;0;0;0;0;0;0;0;0;0;6;0;0;0;0;0;0;0;0;1;0;0;0;0;0;0;0;0;1;0;0;0;0;0;0;0;0;0;0;0;0;0;1;0;0;0;1;1;0;0;0;0;0;0;0;0;0;0;0;0;0;0;0;0;0;0;0;0;1;0;0;0;0;0;2;0;0;0;0;0;0;0;0;0;0;1;0;0;43;0;0;0;0;0;0;0;2;0;0;0;0;0;0;0;0;2;0;0;0;0;0;0;0;0;0;0;0;0;0;0;0;0;0;0;0;0;0;0;2;0;0;0;0;0;0;0;0;0;0;0;0;1;0;61745;0;0;0;0;0;0;0;0;0;0;0;0;0;0;0;1;0;0;0;0;0;0;0;0;0;0;0;2;0;0;0;0;0;0;0;1;870;0;7;0;0;0;0;0;0;0;0;2;0;0;0;0;0;0;0;0;0;0;0;0;0;0;0;0;0;0;2;0;0;0;24;0;0;0;0;0;0;0;0;0;0;0;0;0;0;0;0;0;0;0;0;0;0;0;0;0;0;0;1;0;0;0;2;4;0;0;31;0;0;0;0;0;0;0;0;0;0;0;0;0;0;0;0;1;0;0;0;0;0;0;0;0;0;0;4690;0;0;0;0;0;1;0;0;0;0;0;0;0;0;0;0;5;0;0;0;0;0;0;0;0;0;0;0;0;0;5;0;0;0;0;0;0;0;0;0;0;0;0;0;0;0;0;0;0;0;0;0;0;0;0;0;0;0;0;4;0;0;0;0;0;0;0;2;0;0
En-039;6;9;0;0;0;25;0;1;0;0;0;63;0;0;0;0;10;3;5;0;0;0;0;0;2;9;1;0;0;0;0;0;0;0;0;0;0;693;1;0;0;0;1;0;0;19;6;0;50;0;144;52;0;0;171;0;2;21;14;199;0;0;1;0;0;88;69;0;5;0;5;0;0;7;10;0;0;0;0;0;471;0;36;3;0;0;1;0;0;0;0;1;0;1;3;0;0;0;6;0;25;0;0;39;0;1;0;16;0;2;1;0;180;0;2;1;214;883;1;0;0;0;1;10;0;0;0;1;25;4;0;0;0;0;1;0;5;2;0;0;7;0;0;34;18;0;1;0;0;0;11;4;0;0;0;182;0;0;11;0;0;0;0;27;198;0;9;0;12;0;0;0;0;7;0;10;0;0;10;0;0;2;0;79;0;0;0;49;6;0;3;0;3;1;0;0;1;0;11;0;2;0;0;0;0;1;0;0;13;0;0;225;0;5187;0;0;6;0;1;0;0;30;0;0;0;0;1;0;0;0;1;0;0;0;1;2;0;0;0;0;68;339;1;0;0;0;0;3;0;7;14880;40;2493;0;0;3;0;51;3;0;0;2;0;0;1;0;9;0;5;0;0;64;0;2;0;0;0;0;35;0;138;43;0;0;564;40;1;3;0;0;0;22;0;1;0;0;0;0;1;4;0;3;7;0;0;0;7;3;22;0;1;12;2;0;0;1;21;34;0;10;2528;279;0;3;0;0;0;2;0;0;0;11;0;0;0;0;0;203;0;20;16;0;1;1;0;3;0;0;0;22;0;2;1;1;29;1;0;1;0;0;0;0;0;0;548;110;45;0;0;0;0;0;0;0;0;0;691;0;0;46;0;0;0;0;6;0;153;0;6;0;0;11;5;0;0;0;0;0;0;0;2;1;10;0;0;1;1;1;25;16;4;0;0;0;2;0;19;5;0
Rh-017;1;1;0;0;0;25;0;4;0;0;0;5;0;1;10;0;16;0;1;1;1;0;0;0;16;64;1;0;1;0;0;17;0;0;0;0;0;233;0;0;11;0;1;5;0;112;42;103;28;7;450;0;0;0;183;0;25;68;28;154;0;0;4;21;0;56;49;0;4;0;24;2;0;0;15;0;0;0;0;0;802;1;1;0;1;1;5;0;1;1;0;2;1;17;5;1;0;0;172;0;3;3;0;11;0;0;0;0;0;12;2;0;164;1;0;0;127;2180;1;2;0;33;12;1;1;0;0;0;5;8;0;0;0;2;8;0;59;46;0;0;269;0;1;5;592;6;1;0;0;0;8;6;0;0;0;58;0;4;0;0;0;0;0;8;156;1;23;0;24;0;0;2;0;6;5;0;1;0;0;0;4;2;6;34;0;0;0;28;12;0;0;0;0;2;0;0;5;0;5;0;1;1;0;1;0;4;1;0;146;4;8;1208;3;228;0;0;9;0;1;0;1;44;0;0;2;0;132;1;0;6;6;0;0;0;4;0;3;7;3;0;10;54;1;0;0;2;2;83;0;145;19658;651;2031;0;0;3;0;85;1;0;1;0;0;0;3;0;419;0;0;0;0;0;0;0;1;0;45;2;25;0;535;77;0;0;223;20;43;9;4;0;1;40;8;1;0;0;4;0;0;1;6;0;4;0;0;1;5;4;171;0;3;10;5;0;0;3;26;1355;0;30;224;481;1;48;4;0;0;0;0;0;0;11;1;2;22;0;0;19;0;4;1;0;0;13;1;2;0;0;2;13;0;0;1;2;6;1;0;3;7;11;5;0;1;0;357;1425;10;0;4;15;0;3;0;0;1;0;57;0;0;23;0;0;1;0;1;0;57;0;7;2;0;0;23;4;0;1;0;0;0;0;6;1;5;0;0;7;3;2;15;2;0;2;0;0;0;0;33;5;0
Rh-014;0;3;0;0;0;19;0;5;0;0;0;8;0;0;9;0;9;0;0;1;0;0;0;0;6;48;2;2;2;0;0;13;1;0;0;0;0;207;0;3;5;0;2;4;0;97;29;91;46;5;446;0;0;0;116;0;14;54;21;124;0;0;3;14;1;61;55;0;9;0;6;0;0;0;16;0;0;0;0;0;938;0;4;0;3;3;4;1;0;1;0;4;1;14;6;2;0;2;67;0;2;11;0;4;0;3;0;0;1;17;3;0;140;0;0;1;116;1480;0;0;0;25;7;4;1;0;0;0;1;14;0;0;0;1;8;0;36;31;1;0;179;0;0;5;369;7;3;0;0;0;1;6;0;0;0;56;0;2;0;2;0;0;3;10;135;1;24;0;26;0;0;3;0;15;0;0;1;0;0;1;0;2;4;37;0;0;0;16;9;0;0;0;0;3;0;0;1;0;6;0;3;0;0;1;0;6;0;0;125;2;4;828;5;380;0;0;3;0;3;0;0;22;0;0;2;0;262;1;1;29;2;0;0;0;10;0;0;2;6;0;12;61;0;0;0;2;0;59;0;105;15694;293;1351;0;0;6;0;53;0;0;0;1;0;0;2;0;645;1;0;0;0;5;0;0;0;0;28;0;17;0;432;77;0;3;198;12;33;8;4;0;1;25;6;2;0;0;1;0;0;2;4;0;7;0;0;0;16;4;49;0;7;5;4;6;0;3;10;1283;0;25;212;482;1;34;2;0;0;2;0;0;0;13;0;1;5;0;0;15;0;2;0;0;0;11;1;2;0;0;1;15;0;2;1;1;15;0;0;1;5;5;7;0;1;0;316;1095;13;1;6;23;0;1;0;0;0;0;50;0;0;31;0;0;2;0;6;0;52;0;2;1;0;3;24;3;0;0;0;0;0;1;7;1;5;0;0;6;3;2;24;0;0;3;0;3;0;0;50;4;0
No-193;0;0;0;0;0;0;0;0;0;0;0;0;0;0;0;0;0;8;3;0;0;0;0;0;0;0;0;0;0;0;0;0;0;0;0;0;0;0;0;0;0;0;0;0;0;0;1;0;2;0;1;54;0;0;1;0;1;0;1;0;0;0;0;0;0;0;2;0;0;0;1;0;0;0;0;0;0;0;0;0;4;0;0;0;0;0;0;0;0;0;0;0;0;0;1;0;0;0;1;0;0;0;0;0;0;0;0;0;0;0;0;0;0;0;0;0;2;10;0;0;0;0;0;0;0;0;0;0;0;0;0;0;0;0;0;0;0;0;4;0;0;0;0;0;1;0;0;0;0;0;0;0;0;0;0;4;0;0;51;0;0;0;0;0;0;0;2;0;1;0;0;0;0;0;0;2;0;0;0;0;0;0;0;1;0;0;0;1;0;0;0;0;0;0;0;0;0;0;24;0;0;0;0;0;0;0;0;0;0;0;1;7;0;62279;0;0;0;0;0;0;0;1;0;0;0;0;0;0;0;0;0;0;0;0;0;0;0;0;0;0;0;2;0;0;0;0;0;0;0;0;906;0;5;0;0;0;0;0;0;0;0;0;0;0;0;0;1;0;0;0;0;0;0;0;0;0;0;0;0;0;2;0;0;0;30;0;0;0;0;0;0;0;0;0;0;0;0;0;0;0;0;0;0;0;0;0;0;0;0;0;0;0;0;0;0;0;0;4;0;0;44;4;0;1;0;0;0;0;0;0;0;0;0;0;0;0;0;0;0;0;0;0;0;0;0;0;0;0;0;0;0;0;0;0;2;0;0;0;0;0;0;0;0;0;0;2;0;0;0;0;0;0;0;0;0;0;0;0;0;6;0;0;0;0;0;0;1;0;0;0;0;0;0;0;0;0;0;0;0;0;0;0;0;0;0;0;0;0;3;1;0;0;0;0;0;0;0;0;0
En-042;2;3;0;0;0;29;0;0;1;0;0;37;0;0;3;0;14;0;0;0;0;0;1;0;4;19;0;0;0;0;0;0;0;0;0;0;0;625;0;0;1;0;0;2;0;27;14;2;63;2;352;20;6;0;166;0;3;9;5;198;0;0;1;3;0;124;107;0;1;0;14;0;0;31;6;0;0;0;0;0;511;0;32;0;0;0;2;0;0;1;0;0;0;0;5;0;0;0;2;0;23;0;0;81;7;0;0;0;0;1;0;0;193;0;2;0;224;998;1;0;0;2;0;0;0;0;0;1;40;3;0;0;0;0;1;0;6;3;0;0;10;0;0;25;16;1;0;0;0;0;21;0;0;0;0;184;0;0;1;0;0;0;0;21;275;0;5;0;16;0;0;0;0;3;0;1;0;0;3;0;0;0;0;88;0;0;0;40;12;0;0;0;0;5;0;0;3;0;6;0;0;0;0;2;0;3;0;0;23;2;0;193;0;450;0;0;6;0;0;0;0;11;0;0;0;0;11;1;0;9;3;0;0;0;1;0;0;0;0;0;82;349;0;0;0;0;0;3;0;7;15825;56;3262;0;0;7;0;79;5;0;0;5;1;0;0;0;8;0;11;0;1;81;0;1;0;0;0;1;37;0;344;5;0;0;280;45;1;1;1;0;0;26;1;4;0;0;0;0;3;3;0;1;2;0;0;0;8;1;24;0;1;17;1;0;0;1;1;46;0;17;1512;458;0;5;0;0;0;1;0;0;0;6;0;5;3;1;0;24;0;19;0;0;2;1;0;7;0;0;0;16;0;3;0;0;25;11;0;0;1;2;1;0;0;0;999;215;34;0;1;3;0;6;0;0;0;0;665;0;0;30;0;0;1;0;5;0;102;0;4;0;0;4;11;0;0;0;0;0;0;0;5;0;0;0;1;2;2;1;15;3;0;1;0;0;0;0;20;6;0
Rh-064;0;2;0;0;0;4;0;2;0;0;0;5;0;0;5;0;4;0;0;0;0;0;0;0;7;9;1;0;0;0;0;4;0;0;0;0;0;80;0;0;3;0;0;1;0;15;13;22;4;13;666;0;4;0;170;0;8;5;5;29;0;0;1;4;0;17;2;0;1;0;1;0;0;0;5;0;0;0;0;0;197;1;2;0;0;1;1;0;0;0;0;0;0;5;1;0;0;0;24;0;0;2;0;1;4;0;3;0;0;3;0;0;48;1;0;0;42;502;0;0;0;7;1;0;0;0;0;0;4;1;0;0;0;0;1;0;10;11;0;0;67;0;0;4;146;9;1;0;0;0;1;1;0;0;0;18;0;2;0;0;0;0;0;1;32;0;13;0;7;0;0;1;0;1;1;0;0;0;0;0;0;0;2;12;0;0;0;6;1;0;0;0;0;0;0;0;0;0;14;0;0;0;0;1;0;0;1;0;12;1;2;203;0;302;0;0;4;0;0;0;0;22;0;0;0;0;15;2;0;6;0;0;0;0;0;0;0;1;0;0;4;8;0;0;0;0;0;21;0;41;5596;157;531;0;0;2;0;21;0;0;1;2;0;0;1;0;12;0;0;0;0;1;0;0;0;0;10;0;7;0;130;5;0;1;46;2;4;3;0;0;0;7;4;1;0;0;0;0;0;2;4;0;3;0;0;0;3;1;18;0;1;0;1;0;0;1;3;727;0;8;58;92;1;11;0;0;0;1;0;0;0;4;0;0;8;0;0;4;0;1;0;0;1;7;0;2;0;0;0;4;0;0;1;0;2;0;0;1;2;0;6;0;1;0;152;264;4;0;2;6;0;0;0;0;0;0;15;0;0;2;0;0;3;0;0;0;3;0;3;0;0;0;8;0;0;1;0;0;0;0;13;2;0;0;0;0;1;0;10;1;0;0;0;0;0;0;6;0;0
Rh-048;1;2;0;0;0;5;0;4;0;0;0;3;0;0;4;0;10;0;1;0;0;0;0;0;9;56;2;0;0;0;0;19;3;0;0;0;0;103;0;0;6;0;0;1;0;69;41;74;34;29;849;0;2;0;208;0;20;16;27;103;0;0;3;14;1;37;19;0;6;0;1;0;0;0;8;0;0;0;0;0;744;0;2;0;1;0;2;2;0;0;0;1;0;11;2;0;0;0;38;0;4;8;0;3;3;0;0;0;0;5;3;0;115;0;0;0;84;853;1;0;0;27;13;22;0;0;0;1;1;8;0;0;0;1;4;1;16;53;0;0;207;0;0;7;501;15;0;0;0;0;6;1;0;0;0;15;0;9;0;1;0;0;1;6;141;2;16;0;25;0;0;5;0;1;0;0;0;0;1;0;0;0;6;38;0;0;0;10;8;0;0;0;1;1;0;0;1;0;14;0;2;1;1;1;0;6;0;0;78;0;4;476;5;174;0;0;9;0;1;0;0;6;0;0;0;0;86;1;0;2;4;0;0;0;6;0;0;5;5;0;1;23;0;0;0;2;1;65;0;101;12963;146;1259;0;0;1;0;73;1;0;1;4;0;0;1;0;109;0;0;0;0;3;0;1;0;0;25;2;31;0;485;8;0;0;155;12;13;15;1;1;0;28;5;0;0;1;1;0;0;0;10;0;4;1;0;3;13;27;64;0;2;1;3;0;0;4;2;1880;0;16;144;284;0;21;1;0;0;1;0;0;0;3;1;1;9;1;0;15;0;6;1;0;0;17;1;3;0;0;1;17;0;1;0;1;4;0;0;0;8;4;1;0;1;0;317;937;4;0;4;22;0;1;0;0;0;0;45;0;0;6;0;0;4;0;4;0;17;0;1;0;0;4;25;6;0;1;0;0;0;1;12;0;4;0;0;3;6;1;15;2;0;1;0;0;0;0;15;3;0
No-071;0;0;0;0;0;1;0;0;0;0;0;0;0;0;0;0;0;5;0;0;0;0;0;0;0;0;0;0;0;0;0;0;0;0;0;0;0;65;0;0;0;0;0;0;0;1;0;0;0;0;3;49;0;0;2;0;0;0;0;0;0;0;0;0;0;2;0;0;0;0;0;0;0;0;0;0;0;0;0;0;12;0;0;0;0;0;0;0;0;0;0;0;0;0;0;0;0;0;0;0;0;0;0;0;0;0;0;0;0;0;0;0;3;0;0;0;0;4;0;0;0;0;0;0;0;0;0;0;0;0;0;0;0;0;0;0;0;0;0;0;1;0;0;1;2;0;0;0;0;0;0;0;0;0;0;1;0;0;26;0;0;0;0;0;15;0;0;0;0;0;0;0;0;0;0;0;0;0;0;0;0;0;0;0;0;0;0;0;0;0;0;0;0;0;0;0;0;0;0;0;0;0;0;0;0;0;0;0;0;0;0;0;0;51001;0;0;1;0;0;0;0;0;0;0;0;0;0;0;0;0;0;0;0;0;0;0;0;0;0;0;0;9;0;0;0;0;0;0;0;0;514;1;24;0;0;0;0;0;0;0;0;0;0;0;0;0;0;0;0;0;0;1;0;1;0;0;0;0;0;0;19;0;0;0;3;1;0;0;0;0;0;1;0;0;0;0;0;0;0;0;0;0;0;0;0;0;0;0;0;0;0;0;0;0;0;0;0;2;0;0;12;16;0;0;0;0;0;0;0;0;0;0;0;0;0;0;0;0;0;0;0;0;0;0;0;0;0;0;0;0;0;0;0;0;0;0;0;0;0;0;0;0;0;0;1;3;0;0;0;1;0;0;0;0;0;0;1;0;0;0;0;0;0;0;0;0;0;0;1;0;0;1;0;0;0;0;0;0;0;0;0;0;0;0;0;0;0;0;0;0;0;0;0;0;0;0;0;0;0
Rh-173;0;1;4;0;0;2;1;2;0;1;1;14;0;0;33;0;2;0;0;1;0;4;0;0;27;61;1;0;0;0;3;185;1;0;0;1;2;27;0;0;3;0;0;4;0;90;48;1;34;57;1050;0;351;2;71;0;54;186;10;68;0;0;0;12;0;20;52;0;2;3;137;12;0;1;2;0;0;0;1;0;335;3;1;0;1;0;0;0;0;63;2;0;1;34;1;0;0;5;476;0;0;24;0;16;0;0;0;0;74;11;0;1;99;0;8;3;118;973;0;29;0;42;0;1;0;0;0;0;2;2;1;0;0;0;26;0;45;3;26;0;412;0;2;5;645;354;6;0;0;1;7;0;0;5;0;120;0;0;0;2;6;0;0;1;36;1;8;0;13;0;0;15;0;4;5;1;1;0;9;0;4;0;0;31;3;2;1;46;21;0;0;0;0;0;0;1;0;0;45;1;4;1;0;0;4;0;0;0;39;63;36;544;2;173;0;0;5;0;0;1;0;14;0;0;3;18;32;4;2;80;0;0;0;1;31;0;1;3;0;0;0;7;0;0;1;0;8;120;0;48;22157;94;791;1;0;15;0;89;5;0;4;2;2;0;2;0;41;0;0;0;0;6;1;0;0;0;0;0;41;65;85;50;0;0;874;0;4;5;0;1;0;35;2;2;4;0;23;0;2;0;13;6;4;0;2;0;1;10;36;0;5;1;16;0;0;4;4;989;0;61;238;71;10;238;5;0;0;0;0;0;0;2;19;4;39;2;0;6;9;0;0;0;9;0;0;0;4;13;147;23;0;0;1;0;0;0;0;2;1;33;0;1;0;0;9;1275;0;0;17;7;1;10;0;0;2;0;38;0;1;49;1;5;1;6;0;1;8;0;14;1;5;2;30;9;0;0;0;0;2;17;0;1;8;0;0;9;1;34;62;3;0;4;0;0;0;0;18;3;0
Rh-018;0;2;0;0;0;19;0;3;0;0;0;7;0;1;13;0;17;0;0;2;0;0;0;0;10;80;2;2;1;0;0;15;0;0;0;0;0;129;2;0;12;1;0;2;0;104;36;99;28;22;511;0;0;0;136;0;21;49;25;136;0;0;3;12;1;53;42;0;17;0;1;0;0;0;13;0;0;0;0;0;917;0;1;0;0;0;4;1;0;1;0;1;0;15;4;2;0;1;28;0;3;1;0;7;0;0;2;0;1;10;4;0;160;0;0;0;85;1694;0;1;0;41;8;21;1;0;0;1;5;9;0;0;0;1;3;1;43;39;0;2;206;0;0;7;448;12;0;0;0;0;4;3;0;0;0;27;0;1;1;0;0;0;5;6;113;0;20;0;23;0;0;1;0;4;1;0;4;0;0;0;0;13;9;43;0;0;0;18;10;0;0;0;2;3;0;0;2;0;3;0;1;1;0;1;0;7;1;0;132;0;0;838;3;268;0;0;13;0;2;0;0;37;0;0;0;0;206;3;0;37;2;0;0;0;7;0;0;6;0;0;21;43;0;0;0;3;0;54;0;109;16610;377;1613;0;0;1;0;78;0;0;1;2;0;0;1;0;234;0;0;0;0;2;1;0;0;0;28;2;22;0;364;53;0;1;228;19;24;11;1;0;0;28;9;0;0;0;0;0;0;0;0;0;4;0;0;2;9;7;53;0;2;2;2;0;0;1;38;1191;0;20;192;458;1;44;0;0;0;3;0;0;0;9;2;2;18;0;0;17;0;1;2;0;1;7;1;1;0;0;1;18;0;0;0;1;3;0;0;0;7;5;6;0;0;0;419;1046;12;2;7;22;0;0;1;0;0;0;48;0;0;23;0;0;3;0;1;0;21;0;1;2;0;4;24;6;0;0;0;0;0;0;6;1;9;0;0;6;4;0;26;0;0;0;0;0;0;0;34;2;0
No-072;0;0;0;0;0;0;0;0;0;0;0;1;0;0;0;0;1;0;0;0;0;0;0;0;0;0;0;0;0;0;0;0;0;0;0;0;0;8;0;0;0;0;0;0;0;0;0;0;3;0;0;19;0;0;0;0;0;0;0;0;0;0;0;0;0;4;0;0;0;0;0;0;0;0;0;0;0;0;0;0;13;0;0;1;0;0;0;0;0;0;0;0;0;0;0;0;0;0;0;0;0;0;0;0;0;0;0;0;0;0;0;0;1;0;0;0;0;0;0;0;0;0;1;0;0;0;0;0;0;0;0;0;0;0;0;0;0;0;0;0;0;0;0;0;0;0;0;0;0;0;0;0;0;0;0;1;0;0;0;0;0;0;0;0;1;0;0;0;0;0;0;0;0;0;0;1;0;0;0;0;0;0;0;0;0;0;0;0;0;0;0;0;0;0;0;0;0;0;0;0;0;0;0;0;0;0;0;0;0;0;0;0;0;53050;0;0;0;0;0;0;0;0;0;0;0;0;0;0;0;0;0;0;0;0;0;1;0;0;0;0;0;1;0;0;0;0;0;0;0;0;257;0;13;0;0;0;0;0;0;0;0;0;0;0;0;0;0;0;0;0;0;2;0;0;0;0;0;0;1;0;4;0;0;0;0;0;0;0;0;0;0;0;0;0;0;0;0;0;0;0;0;0;0;0;0;0;0;0;0;0;0;0;0;0;0;0;0;1;0;0;17;0;0;0;0;0;0;0;0;0;0;1;0;0;0;0;0;0;0;0;0;0;0;0;0;0;0;0;0;0;0;0;0;0;1;0;0;0;0;0;0;0;0;0;5;1;1;0;0;0;0;0;0;0;0;0;0;0;0;0;0;0;0;0;0;0;1;0;0;0;0;0;0;0;0;0;0;0;0;0;0;0;0;0;0;0;0;0;0;0;0;0;0;0;0;0;0;0;0
No-135;0;0;0;0;0;0;0;0;0;0;0;0;0;0;0;0;0;4;1;0;0;0;0;0;0;1;0;0;0;0;0;0;0;0;0;0;0;3;0;0;0;0;0;0;0;0;0;0;2;0;0;27;0;0;0;0;1;0;1;0;0;0;0;0;0;0;3;0;0;0;3;0;0;0;0;0;0;0;0;0;4;0;0;0;0;0;1;0;0;0;0;0;0;0;0;0;0;0;0;0;0;0;0;0;0;0;0;0;0;0;0;0;2;0;0;0;1;0;0;0;0;0;0;0;0;0;0;0;0;0;0;0;0;0;0;0;0;0;0;0;1;0;0;1;3;0;0;0;0;0;0;0;0;0;0;0;0;0;22;0;0;0;0;0;1;0;0;0;0;0;0;0;0;0;0;1;0;0;0;0;0;0;0;0;0;0;0;0;0;0;0;0;0;0;0;0;0;0;9;0;0;0;0;0;0;0;0;0;0;0;0;3;0;39087;0;0;0;0;0;0;0;2;0;0;0;0;0;0;0;0;0;0;0;0;0;0;0;0;1;0;0;0;0;0;0;0;0;0;0;0;373;0;9;0;0;0;0;0;0;0;0;2;0;0;0;0;0;0;0;0;0;0;0;0;0;0;0;0;0;0;5;0;0;0;23;0;0;0;0;0;0;0;0;0;0;0;0;0;0;0;0;0;0;0;0;0;0;0;0;0;0;0;0;0;0;0;0;4;0;1;46;1;0;0;0;0;0;0;0;0;0;0;0;0;0;0;0;0;0;0;0;0;0;0;0;0;0;0;0;0;0;0;0;0;0;0;0;0;0;0;0;0;0;0;0;6;0;0;0;0;0;0;0;0;0;0;0;0;0;0;0;0;0;0;0;0;1;0;0;0;0;0;0;1;0;0;0;0;0;0;0;0;0;0;0;0;0;0;1;0;0;0;0;0;0;0;0;0;0
En-145;4;0;2;1;1;15;0;9;0;4;0;67;7;0;3;0;0;5;8;0;0;0;1;0;2;6;0;0;0;0;1;1;4;0;0;0;0;15;0;0;1;0;0;0;0;3;6;2;20;0;279;78;4;0;99;0;31;1;5;19;0;0;1;0;0;2;240;0;3;0;1654;2;0;8;2;0;19;0;2;0;207;0;0;1;0;0;22;0;0;3;0;3;0;5;7;0;0;1;197;2;10;0;0;30;0;0;0;0;0;1;0;0;62;0;0;5;253;286;0;16;0;1;0;2;0;0;0;0;2;1;0;0;0;0;5;0;0;0;138;0;11;0;0;6;42;2;1;0;0;0;2;0;0;1;0;121;0;0;40;0;0;0;0;1;35;0;18;0;4;0;0;1;0;0;1;7;0;1;4;0;2;1;0;4;0;9;2;37;15;0;0;0;0;1;0;0;0;0;26;0;0;0;1;0;0;0;0;0;4;1;5;786;0;5233;1;0;0;0;1;21;0;4;0;0;1;0;5;0;0;69;0;0;0;2;5;0;0;0;0;0;34;229;0;0;0;0;0;2;0;4;11586;32;933;0;0;0;1;77;3;0;1;9;0;0;2;0;25;0;12;0;0;3;0;0;1;0;0;0;3;0;38;3;0;0;2837;1;0;0;0;0;2;5;0;0;0;0;6;0;0;0;0;8;2;0;0;0;1;0;3;0;3;0;4;0;11;0;3;95;0;20;2145;721;5;43;0;0;0;0;0;0;1;0;0;0;3;0;0;2;2;1;0;0;1;0;0;0;2;1;79;7;0;1;0;0;7;0;0;0;0;0;0;0;0;0;12;351;0;0;0;0;0;3;0;0;0;0;7;0;11;350;4;0;0;0;0;0;10;0;1;0;26;0;2;0;0;0;0;0;0;6;0;0;51;0;0;4;1;5;150;1;0;0;0;0;1;0;27;0;2
No-054;0;0;0;0;0;0;0;0;0;0;0;0;0;0;0;0;2;0;0;0;0;0;0;0;0;0;0;0;0;0;0;0;0;0;0;0;0;28;0;0;0;0;0;0;0;0;0;0;4;0;0;24;0;0;0;0;0;0;1;1;0;0;0;0;0;3;0;0;0;0;0;0;0;0;0;0;0;0;0;0;16;0;0;0;0;0;0;0;0;0;0;0;0;0;0;0;0;0;0;0;0;0;0;0;0;0;0;0;0;0;0;0;0;0;0;0;1;0;0;0;0;0;0;0;0;0;0;0;0;0;0;0;0;0;0;0;0;0;0;0;0;0;0;0;1;0;0;0;0;0;0;0;0;0;0;1;0;0;3;0;0;0;0;0;10;0;0;0;0;0;0;0;0;0;0;1;0;0;0;0;0;0;0;0;0;0;0;0;0;0;0;0;0;0;0;0;0;0;0;0;0;0;0;0;0;0;0;0;0;0;0;0;0;41043;0;0;0;0;0;0;0;0;0;0;0;0;0;0;0;0;0;0;0;0;0;0;0;0;0;0;0;1;0;0;0;0;0;0;0;0;378;0;23;0;0;1;0;0;0;0;0;0;0;0;0;0;5;0;0;0;0;0;0;0;0;0;0;0;0;0;19;0;0;0;0;0;0;0;0;0;0;0;0;0;0;0;0;0;0;0;0;0;0;0;0;0;0;0;0;0;0;0;0;0;0;0;0;2;0;0;24;1;0;0;0;0;0;0;0;0;0;0;0;0;0;0;0;0;0;0;0;0;0;0;0;0;0;0;0;0;0;0;0;0;1;0;0;0;0;0;0;0;0;0;3;1;0;0;0;0;0;0;0;0;0;0;7;0;0;0;0;0;0;0;0;0;0;0;0;0;0;0;0;0;0;0;0;0;0;0;0;0;0;0;0;0;0;0;0;1;0;0;0;0;0;0;0;0;0
Rh-188;0;3;4;2;0;0;0;2;0;1;6;27;0;0;66;0;2;0;0;2;0;10;0;0;13;52;1;0;0;0;0;82;0;0;0;7;2;11;0;0;16;0;0;1;3;75;51;10;38;14;738;0;191;0;39;0;145;63;18;79;0;0;4;15;0;2;57;0;0;2;87;7;0;0;0;0;1;0;0;0;211;2;9;0;2;3;7;0;0;45;3;0;0;39;0;0;0;0;134;0;0;41;0;13;0;0;0;0;23;10;0;0;86;0;6;4;131;575;0;17;0;25;2;1;1;1;0;0;3;3;0;0;0;1;23;0;66;1;65;0;569;0;1;10;805;132;6;0;0;2;5;0;1;8;0;64;0;0;0;3;5;0;0;1;18;0;26;0;15;0;0;33;0;1;9;1;2;0;3;0;7;0;0;19;4;4;2;53;29;0;2;0;0;1;0;0;1;0;23;0;0;1;0;0;5;0;0;0;45;23;42;647;1;212;0;0;2;1;0;3;0;7;0;0;4;19;61;7;2;12;0;0;0;1;37;0;0;6;2;0;0;25;0;0;1;3;12;116;0;49;21974;78;250;3;0;4;0;75;15;0;4;5;0;0;1;0;16;0;0;0;0;1;0;1;0;0;0;0;50;19;59;65;0;0;612;0;5;7;1;5;0;57;0;0;1;2;14;0;0;0;11;3;8;0;0;0;1;3;28;0;12;1;23;0;3;4;0;880;0;101;345;99;19;256;4;0;0;0;0;0;0;4;21;3;55;1;0;3;4;0;0;0;5;0;0;0;1;5;148;17;0;0;0;0;1;2;0;3;2;18;0;2;0;0;15;1366;0;0;12;3;0;24;0;0;5;0;42;0;2;75;1;2;2;9;1;0;3;1;10;1;1;7;33;12;0;0;0;0;0;29;0;1;36;0;1;28;0;31;48;1;0;3;0;0;0;0;10;7;0
No-157;0;0;0;0;0;0;0;1;0;0;0;0;0;0;0;0;0;3;3;0;0;0;0;0;0;0;0;0;0;0;0;0;0;0;0;0;0;0;0;0;0;0;0;0;0;3;0;0;3;0;9;59;0;0;0;0;1;0;0;0;0;0;0;0;0;0;0;0;0;0;3;0;0;0;0;0;0;0;0;0;2;0;0;0;0;0;0;0;0;0;0;0;0;0;0;0;0;0;2;0;0;0;0;0;0;0;0;0;0;0;0;0;0;0;0;0;0;7;0;0;0;0;0;0;0;0;0;0;0;0;0;0;0;0;0;0;0;0;1;0;1;0;0;0;0;0;0;0;0;0;0;0;0;0;0;0;0;0;25;0;0;0;0;0;0;0;0;0;0;0;0;0;0;0;0;2;0;0;0;0;0;0;0;0;0;0;0;0;0;0;0;0;0;0;0;0;0;0;0;0;0;0;0;0;0;0;0;0;0;0;1;2;0;47552;0;0;0;0;0;0;0;0;0;0;0;0;0;0;0;1;0;0;0;0;0;0;0;0;0;0;0;2;0;0;0;0;0;0;0;0;602;0;4;0;0;0;0;0;0;0;0;0;0;0;0;0;0;0;0;0;0;0;0;0;0;0;0;0;1;0;1;0;0;0;12;0;0;0;0;0;0;0;0;0;0;0;1;0;0;0;0;0;0;0;0;0;0;0;0;0;0;0;0;0;0;0;0;1;0;0;12;2;0;0;0;0;0;0;0;0;0;1;0;0;0;1;0;0;0;0;0;0;0;0;0;0;0;0;2;0;0;0;0;0;0;0;0;0;0;0;0;0;0;0;0;1;0;0;0;0;0;0;0;0;0;0;0;0;1;8;0;1;0;0;0;0;0;0;0;0;0;0;0;0;0;0;0;0;0;0;0;0;0;0;0;0;0;0;1;1;0;0;0;0;0;0;1;0;0
En-150;1;1;5;0;0;5;1;7;0;7;1;50;0;0;2;0;0;49;39;0;0;1;0;0;1;1;0;0;0;0;1;0;4;0;0;0;0;20;0;0;1;0;1;0;0;4;2;0;30;0;203;285;7;0;66;0;10;5;17;7;0;1;2;0;0;3;245;0;5;1;169;2;0;6;2;0;2;0;10;0;289;0;2;21;1;0;4;0;0;3;0;0;0;3;4;0;0;0;140;5;3;0;0;42;0;0;0;0;0;0;0;1;32;0;0;2;202;458;0;17;0;3;0;0;0;0;0;0;1;5;0;0;3;0;3;0;0;1;171;0;11;0;0;7;53;2;2;0;0;0;2;0;0;2;0;126;0;0;131;0;0;0;0;0;19;0;52;0;0;0;0;2;0;4;1;97;0;0;1;0;0;0;0;17;1;11;1;36;7;0;0;0;0;3;0;0;1;0;47;1;0;0;0;0;0;0;0;0;24;0;11;355;0;34309;0;0;0;0;0;0;0;1;0;0;1;1;3;0;0;70;0;0;0;0;3;0;0;0;1;0;18;289;0;0;0;0;0;2;0;1;9964;48;682;0;0;0;0;40;0;0;0;18;0;0;1;0;15;0;2;0;0;1;0;6;0;0;0;0;2;0;87;1;0;0;1262;0;1;0;0;1;0;7;0;0;0;1;10;0;1;0;0;9;0;0;0;0;0;0;20;0;2;1;6;0;5;0;13;95;0;10;3054;77;2;23;1;0;0;0;0;0;0;3;0;0;1;0;1;9;1;0;0;0;0;0;0;0;1;0;45;6;0;1;0;0;13;0;0;0;0;0;0;0;0;0;30;152;0;0;0;1;0;13;0;0;0;0;9;0;2;332;6;1;0;1;0;0;6;0;0;0;2;0;2;2;0;0;0;0;0;1;0;0;23;0;1;2;1;4;119;17;20;0;0;0;4;0;35;2;0
Rh-047;0;0;0;0;0;21;0;1;1;0;0;7;0;0;11;0;11;0;0;0;0;0;0;0;8;48;2;0;1;0;0;7;1;0;0;0;0;159;1;0;3;0;0;1;0;53;23;52;36;11;247;0;0;0;90;0;9;9;25;53;0;0;2;9;3;29;32;0;8;0;2;2;0;0;5;0;0;0;0;0;567;0;0;0;0;0;0;0;0;1;0;2;0;6;6;0;0;0;21;0;1;4;0;2;0;0;0;0;0;9;1;0;118;0;0;0;59;1006;2;0;0;30;4;13;1;0;0;0;2;14;0;0;0;0;3;0;48;36;1;0;171;0;1;3;370;3;3;0;0;0;1;1;0;0;0;21;0;0;0;0;0;0;6;0;116;1;9;0;26;0;0;1;0;2;3;0;1;0;0;0;0;0;2;42;0;0;0;4;6;0;0;0;0;3;0;1;0;0;10;0;1;1;0;4;0;4;1;0;83;0;4;390;1;339;0;0;9;0;1;67;0;21;0;0;1;0;105;0;0;10;3;0;1;0;3;0;2;6;3;0;2;24;0;0;1;3;1;53;0;64;10693;178;691;0;0;0;0;63;1;0;0;0;0;0;0;0;429;1;0;0;0;0;0;0;0;0;11;0;22;0;264;15;0;1;172;6;13;5;10;0;0;25;9;2;0;0;0;0;0;1;2;0;1;0;0;2;17;0;27;0;3;0;3;0;0;1;2;1276;0;21;124;207;1;20;1;1;0;4;0;0;0;6;0;2;14;0;0;13;0;2;0;0;1;8;0;1;0;0;0;15;0;0;1;0;6;1;0;1;7;9;5;0;0;0;189;818;2;0;3;20;0;1;0;0;4;0;49;0;0;3;0;0;2;0;2;0;22;0;3;3;0;2;10;6;0;0;0;1;0;0;0;0;1;0;0;0;5;3;9;1;3;1;0;3;0;0;19;4;0
En-111;4;1;0;0;0;5;0;6;0;6;1;23;0;0;2;0;0;21;26;0;0;0;0;0;3;3;0;0;0;0;5;3;2;0;0;0;0;22;0;0;0;0;2;0;0;5;4;0;37;0;32;143;2;0;57;0;10;1;6;12;0;0;0;1;0;3;232;0;14;0;465;2;0;7;1;0;7;0;2;0;90;2;14;0;0;0;2;0;0;3;0;0;0;0;2;0;0;0;53;2;8;0;0;20;0;0;0;0;0;0;0;0;35;0;0;0;206;227;0;6;0;0;0;1;0;0;0;0;0;0;0;1;0;0;8;0;12;0;58;0;9;0;0;9;73;0;0;0;0;0;2;0;0;1;0;97;0;0;75;0;0;0;0;5;42;0;29;0;5;0;0;1;0;5;0;26;0;0;3;1;0;0;0;9;0;13;0;38;17;0;0;0;0;0;0;0;0;0;79;0;0;0;0;0;0;0;0;0;13;0;5;588;0;11662;4;0;2;0;0;2;0;11;0;0;0;1;4;0;0;115;0;0;0;0;1;0;0;0;1;0;17;106;0;0;0;0;0;2;2;4;8926;18;471;0;0;0;0;49;0;0;0;4;0;0;2;0;19;0;96;0;0;5;0;0;0;0;0;0;1;0;187;4;0;0;943;0;1;0;0;0;0;7;0;0;0;0;2;0;0;0;0;4;10;0;0;0;0;0;19;0;1;0;1;0;2;0;3;99;0;16;650;75;3;22;0;0;0;0;0;0;0;0;0;0;1;0;0;27;0;0;0;0;1;0;0;0;2;0;44;3;0;0;0;0;5;1;0;0;0;0;0;0;0;0;0;179;0;0;1;1;0;13;0;0;0;0;15;0;11;109;10;0;0;0;1;0;13;0;1;0;6;0;1;0;0;0;0;0;0;6;2;0;2;0;0;2;1;1;111;12;0;2;0;0;0;0;5;0;0
En-181;4;1;0;0;0;8;0;3;0;8;1;26;0;0;1;0;0;27;40;0;0;0;0;0;3;2;0;0;0;0;0;0;0;0;0;0;0;10;0;0;0;0;5;0;0;0;1;0;6;0;90;156;1;0;51;0;6;0;13;17;0;0;1;2;0;4;115;0;9;0;359;7;0;12;0;0;1;0;0;0;221;0;4;2;0;0;1;0;0;0;0;0;0;1;22;0;0;0;198;3;5;0;0;11;0;0;0;0;0;0;0;0;21;0;0;2;89;161;0;3;0;1;2;0;0;0;0;0;0;0;0;0;1;0;0;0;0;0;137;0;1;0;1;3;9;0;0;0;0;0;22;0;1;0;0;1273;0;0;74;0;0;0;0;3;9;0;31;0;0;0;0;0;0;4;0;10;0;0;1;0;0;0;0;2;0;1;1;13;7;0;0;0;0;0;0;0;1;0;637;3;0;0;0;0;0;0;0;0;4;9;4;564;0;14073;1;0;3;0;0;16;0;2;0;0;0;2;6;0;3;70;0;0;0;0;0;1;0;0;1;0;29;104;0;0;0;1;0;0;0;3;7384;32;681;0;0;0;0;14;1;0;0;2;0;0;8;0;32;0;0;0;0;3;0;1;0;0;0;0;1;0;206;1;0;0;1452;0;0;0;0;0;0;2;0;0;0;0;0;0;0;0;0;0;0;0;0;0;0;0;15;0;1;1;1;0;2;0;107;48;0;0;600;161;0;4;0;0;0;0;0;0;0;1;0;0;0;0;0;4;0;0;0;0;0;0;0;1;0;0;11;4;0;0;0;0;4;0;0;0;0;0;0;0;0;1;35;103;0;0;0;0;0;3;0;0;0;0;3;0;2;201;0;0;0;0;4;0;10;0;0;0;5;0;1;0;0;0;0;0;0;1;1;0;0;0;0;3;0;1;53;13;0;0;0;0;8;0;8;0;0
Rh-099;0;3;0;0;0;6;0;12;0;0;0;36;0;3;12;1;17;0;1;0;9;0;0;0;18;72;4;1;1;0;0;50;1;0;0;0;0;165;0;0;11;1;2;5;0;114;53;97;51;20;400;0;6;0;234;0;23;12;46;141;0;0;3;31;1;67;47;0;13;0;18;1;0;0;13;0;0;0;0;0;1155;1;2;1;0;1;14;0;0;2;0;4;0;18;6;0;0;2;41;0;4;34;0;14;0;0;0;0;0;6;1;0;157;0;0;2;149;947;1;3;0;48;10;5;0;0;0;2;4;17;0;0;0;4;5;3;19;53;0;0;353;0;1;5;756;18;2;0;0;0;6;3;0;0;0;30;0;3;0;0;0;0;11;4;186;0;23;0;44;0;0;2;0;1;2;0;0;0;4;0;0;0;5;55;0;0;0;36;11;0;0;0;2;0;0;0;2;0;4;0;1;0;0;4;0;3;1;0;123;1;10;407;1;277;0;0;10;0;0;0;0;33;0;0;2;0;189;2;0;9;5;0;1;0;7;1;5;7;4;0;10;52;0;0;0;2;1;70;0;161;19912;218;2088;0;0;5;0;163;0;0;4;1;0;0;2;0;312;0;0;0;0;4;0;0;0;0;16;2;37;0;415;35;0;1;351;17;39;15;0;0;0;32;12;1;0;0;4;0;1;1;4;2;11;1;0;2;20;4;31;0;8;2;8;0;0;2;7;1743;0;22;166;359;1;46;7;1;0;3;0;0;0;11;3;2;25;0;0;22;0;5;2;0;1;16;3;1;0;0;0;27;0;5;3;5;7;0;0;1;7;17;10;0;0;1;502;1448;10;0;6;37;0;1;0;0;7;0;90;0;1;28;0;0;7;0;7;0;41;0;4;3;0;2;22;2;0;1;0;0;0;2;10;2;5;0;0;0;3;2;19;2;0;1;0;2;0;0;23;2;0
En-002;2;1;0;0;0;17;0;0;0;0;0;51;0;0;0;0;11;2;11;0;0;0;1;0;2;20;0;0;0;0;0;1;1;0;0;0;0;317;1;0;2;1;1;1;0;15;4;1;30;0;32;43;0;0;150;0;2;3;6;151;0;0;0;1;1;56;83;0;3;0;3;0;0;27;7;2;2;1;0;0;997;0;7;2;0;0;5;3;0;0;0;1;0;1;4;0;0;0;5;0;10;0;0;24;0;0;0;0;0;0;0;0;104;0;4;0;182;871;0;0;0;0;1;28;0;0;0;0;6;1;0;0;0;2;0;0;3;2;0;0;6;0;0;15;13;0;0;0;0;0;6;0;0;0;0;152;0;1;11;0;0;0;0;20;177;0;5;0;17;0;0;0;0;135;0;4;0;0;2;1;0;4;1;52;0;0;0;14;13;0;2;0;0;9;0;0;3;0;8;0;1;0;0;2;0;4;0;0;18;0;1;927;0;2733;0;0;7;0;0;1;0;12;0;0;1;0;12;0;0;60;1;0;0;0;1;1;0;1;1;0;122;219;0;0;0;0;0;4;0;10;11186;126;1962;0;0;16;1;35;0;0;0;0;0;0;4;0;257;0;3;0;0;25;0;0;0;0;0;0;12;0;348;113;0;0;218;31;0;2;2;0;1;16;0;0;0;0;0;0;1;5;0;0;1;0;0;0;7;1;39;0;1;2;4;6;0;0;1;31;0;20;1850;454;1;3;0;0;0;0;0;0;0;3;0;0;2;0;0;26;0;9;17;0;3;1;0;4;0;0;0;6;0;0;0;0;17;3;0;0;0;1;0;0;0;2;470;144;23;0;3;3;0;1;0;0;0;0;344;0;0;80;0;0;2;0;4;0;37;0;4;0;0;4;4;1;0;0;0;0;0;0;1;0;1;0;0;5;0;0;22;12;1;0;0;0;0;0;22;2;0
Rh-101;0;1;0;0;0;2;0;2;0;0;0;20;0;2;6;3;43;0;1;0;0;1;0;0;27;73;5;1;1;0;0;80;2;0;0;0;0;157;0;0;20;0;3;6;0;128;70;97;39;75;739;0;11;0;270;12;36;10;44;153;0;0;3;28;5;40;63;0;11;0;5;0;0;0;23;0;0;0;0;0;766;3;0;0;0;3;3;0;0;6;0;3;0;31;14;0;0;0;12;0;2;15;0;11;1;0;1;0;1;10;4;2;148;0;2;0;165;575;3;0;0;86;6;4;1;0;0;1;7;12;0;0;0;3;5;7;14;59;0;1;501;0;1;11;1051;45;3;1;0;0;9;5;0;0;0;62;0;15;0;3;0;0;17;0;245;2;41;0;44;0;0;8;0;2;5;0;0;0;1;0;0;0;13;64;0;0;0;41;26;0;1;0;1;0;0;0;1;0;5;0;0;0;0;6;0;2;1;0;200;7;12;300;4;160;0;0;12;0;0;0;0;14;0;0;2;0;81;5;1;1;11;0;0;0;18;0;1;6;4;0;9;28;0;0;1;2;1;147;0;209;22854;164;1194;1;0;6;0;143;1;0;1;6;0;0;1;0;268;1;0;0;0;3;0;0;0;0;10;0;53;0;293;23;0;3;361;11;37;15;1;0;0;43;8;5;0;1;1;0;0;2;7;11;6;0;0;3;44;16;15;0;10;0;15;0;0;0;4;2244;0;31;234;206;1;65;12;3;0;4;0;0;0;18;3;4;23;0;0;51;1;8;0;0;3;22;5;0;0;1;2;38;0;0;0;3;25;0;0;3;8;15;6;0;0;0;265;1709;8;1;9;63;0;1;1;0;0;0;85;0;0;262;0;0;5;0;18;0;7;0;6;5;0;4;29;8;0;1;0;0;0;0;19;4;14;0;0;1;14;1;27;3;0;1;0;7;0;0;18;7;0
En-186;1;2;2;0;0;10;0;6;0;2;0;90;0;0;6;0;0;14;6;0;0;0;0;0;3;6;0;0;0;0;0;2;5;2;0;0;0;4;0;0;2;0;2;0;0;3;1;0;53;3;1158;78;6;0;141;0;10;1;9;17;0;0;1;2;0;6;274;0;8;0;220;2;0;0;3;0;3;0;1;0;287;2;13;2;1;0;3;0;0;12;0;0;0;1;2;0;0;0;159;3;43;0;0;19;0;0;0;0;0;0;1;0;94;0;0;1;207;374;1;8;0;0;0;0;0;0;0;0;2;1;0;0;0;0;5;0;0;0;132;0;6;0;0;12;44;4;1;0;0;0;2;0;0;0;0;125;0;0;44;1;0;0;0;1;41;0;17;0;1;0;0;1;0;7;1;8;0;0;4;0;0;1;0;11;0;2;1;21;14;0;0;0;0;1;0;0;0;0;21;0;0;0;0;0;0;0;0;0;4;0;5;645;0;8155;0;0;4;0;0;30;0;2;0;0;0;0;7;0;0;74;0;0;0;0;3;1;30;0;1;0;23;183;0;0;0;0;0;2;0;1;10352;22;1152;0;0;0;1;118;0;0;0;15;0;3;6;0;29;0;80;0;0;4;0;0;0;0;0;0;2;0;21;1;0;0;1471;0;0;1;0;0;0;19;0;0;1;0;2;0;0;0;1;6;2;0;0;0;1;0;7;0;1;5;3;0;7;1;8;80;0;14;733;109;5;22;0;0;0;0;0;0;0;1;2;0;3;1;0;25;1;4;0;0;0;0;0;0;0;0;39;21;0;0;0;0;7;0;0;0;0;1;0;0;0;0;3;187;0;0;1;0;0;8;0;0;0;0;12;0;4;284;1;0;0;0;0;1;25;0;0;0;3;0;2;0;0;0;0;0;0;7;0;0;0;0;0;2;1;3;48;5;0;2;0;0;2;0;11;2;0
No-196;0;0;0;0;0;0;0;1;0;0;0;6;0;0;0;0;0;5;1;0;0;0;0;0;0;0;0;0;0;0;0;0;0;0;0;0;0;0;0;0;0;0;0;0;0;1;0;0;2;0;5;59;0;0;1;0;1;0;0;0;0;0;0;0;0;0;1;0;3;0;6;0;0;2;0;0;0;0;0;0;3;0;1;0;0;0;0;0;0;1;0;0;0;0;0;0;0;0;7;0;0;0;0;0;0;0;0;0;0;0;0;0;1;0;0;0;3;15;0;0;0;0;0;0;0;0;0;0;0;0;0;0;0;0;0;0;0;0;1;0;3;0;0;0;1;0;0;0;0;0;0;0;0;0;0;2;0;0;40;0;0;0;0;0;1;0;1;0;0;0;0;0;0;0;0;0;0;0;0;0;0;0;0;0;0;0;0;1;1;0;0;0;0;0;0;0;0;0;0;0;0;0;0;0;0;0;0;0;4;0;0;9;0;50677;0;0;0;0;0;0;0;0;0;0;0;0;0;0;0;0;0;0;0;0;0;0;0;0;0;0;0;2;0;0;0;0;0;0;0;0;893;1;7;0;0;0;0;1;0;0;0;0;0;0;0;0;0;0;0;0;0;0;0;0;0;0;0;0;0;0;17;0;0;0;10;0;0;0;0;0;0;0;0;0;0;0;1;0;0;0;0;1;0;0;0;0;0;0;0;0;0;0;0;0;0;0;1;15;0;0;22;3;0;0;0;0;0;0;0;0;0;0;0;0;0;0;0;0;0;0;0;0;0;0;0;0;0;0;2822;0;0;0;0;0;0;0;0;0;0;0;0;0;0;0;1;4;0;0;0;0;0;0;0;0;0;0;0;0;0;8;1;0;0;0;0;0;0;0;0;0;0;0;0;0;0;0;0;0;0;0;0;0;0;0;0;0;0;0;5;0;0;0;0;0;1;0;6;0;0
En-165;0;0;2;0;0;6;1;2;0;6;1;29;2;0;2;0;0;38;29;0;0;0;0;0;3;1;0;0;0;0;2;0;2;0;0;0;0;6;0;0;0;1;0;0;0;5;3;0;21;3;527;259;7;0;81;0;25;0;8;19;0;0;0;0;0;4;132;0;11;1;193;0;0;6;3;1;0;0;4;0;153;1;1;5;0;0;5;0;1;29;0;0;0;2;29;0;0;0;265;0;10;0;0;14;0;0;0;0;0;0;0;0;37;0;0;1;136;431;1;5;0;0;0;6;0;0;0;0;4;0;0;0;0;0;1;0;2;0;169;0;4;0;0;11;25;4;0;0;0;1;4;0;0;1;1;94;0;1;149;0;0;0;0;1;24;0;212;0;0;0;0;0;0;3;0;40;0;0;3;0;2;7;0;15;2;0;0;20;8;0;0;0;0;0;0;0;6;0;158;1;0;0;0;0;0;0;0;0;1;1;6;916;0;36606;0;0;2;0;0;0;0;1;0;0;0;0;3;0;0;91;0;0;0;0;1;0;1;0;0;0;15;147;0;0;0;0;1;3;12;2;8489;29;707;0;0;0;0;58;1;0;0;13;1;0;0;0;40;0;5;0;0;4;0;1;0;0;0;0;1;0;57;8;0;0;1646;0;0;0;0;0;0;4;0;0;0;0;4;0;0;0;0;1;2;0;0;0;0;0;16;0;2;0;0;0;2;0;12;107;1;5;1445;184;1;10;1;0;0;0;0;0;0;2;0;0;0;0;0;9;0;0;0;0;0;0;0;0;0;1;25;6;0;1;0;0;12;0;0;0;0;1;0;0;0;0;7;113;0;0;0;0;0;5;1;0;0;0;32;0;4;809;0;0;1;0;0;0;36;0;0;0;1;1;11;0;0;0;0;0;0;4;1;0;2;0;2;1;1;3;48;13;1;0;0;0;11;0;5;1;0
No-198;0;0;0;0;0;1;0;0;0;0;0;0;0;0;0;0;0;9;1;0;0;0;0;0;0;0;0;0;0;0;0;0;0;0;0;0;0;11;0;0;1;0;0;0;0;0;0;0;3;0;69;84;1;0;5;0;0;0;0;0;0;0;0;0;0;0;4;0;0;0;2;0;0;0;0;0;0;0;0;0;7;0;0;0;0;0;0;0;0;1;0;0;0;0;0;0;0;0;3;0;0;0;0;0;0;0;0;0;0;0;0;1;0;0;0;0;3;8;0;0;0;0;0;0;0;0;0;0;0;0;0;0;0;0;0;0;0;0;0;0;1;0;0;0;2;0;0;0;0;0;0;0;0;0;0;1;0;0;70;0;0;0;0;0;1;0;0;0;0;0;0;0;0;1;0;3;0;0;0;0;0;0;0;0;0;0;0;0;0;0;0;0;0;0;0;0;0;0;2;0;0;0;0;0;0;0;0;0;0;0;0;15;0;65256;0;0;0;0;0;14;0;0;0;0;0;0;0;0;0;1;0;0;0;0;1;0;0;0;0;0;3;1;0;0;0;0;0;0;0;1;1255;0;17;0;0;0;0;1;0;0;0;0;0;0;0;0;0;0;0;0;0;0;0;0;0;0;0;0;0;0;2;0;0;0;45;0;0;0;0;0;0;0;0;0;0;0;0;0;0;0;0;0;0;0;0;0;0;0;0;0;0;0;0;0;0;0;0;8;0;0;17;4;0;2;0;0;0;0;0;0;0;0;0;0;0;0;0;0;0;0;0;0;0;0;0;0;0;0;1734;0;0;0;0;0;1;0;0;0;0;0;0;0;0;0;0;6;0;0;0;0;0;0;0;0;0;0;0;0;0;11;0;0;0;0;0;0;0;0;0;0;0;0;1;0;0;0;0;0;0;0;0;0;0;0;0;0;0;0;4;0;0;0;0;0;1;0;3;0;0
En-057;0;8;0;0;0;84;0;0;0;0;0;82;0;0;1;0;32;1;2;0;5;0;1;0;14;25;0;0;1;0;0;1;0;0;0;0;0;861;1;0;2;0;3;3;0;52;9;4;27;1;555;14;0;0;781;0;5;30;7;325;2;0;2;1;0;197;84;0;4;0;4;1;0;6;7;0;0;0;0;0;288;2;39;0;0;3;0;0;0;0;0;0;0;1;2;1;0;1;5;0;22;0;0;103;0;0;0;0;0;2;3;0;212;0;2;0;394;476;1;0;0;1;1;0;0;0;0;0;54;2;0;0;0;5;2;0;116;6;0;0;24;0;0;67;21;0;0;0;0;0;8;6;0;0;0;198;0;2;1;0;0;0;0;45;225;0;10;0;44;0;0;0;0;3;0;3;0;0;18;0;0;0;0;105;0;0;0;73;21;0;0;0;0;2;0;0;3;0;61;0;2;2;0;2;0;7;0;0;23;0;1;173;0;441;0;0;10;0;1;0;1;13;0;0;1;0;10;2;0;317;10;0;0;0;1;0;0;1;3;0;110;328;0;1;0;0;0;11;0;17;23687;34;5863;0;0;3;0;102;5;0;0;2;2;0;0;0;12;0;5;0;0;104;0;0;0;0;1;0;53;0;179;43;0;0;330;70;3;3;2;0;1;37;1;1;0;1;1;0;0;19;0;47;33;0;0;0;8;1;11;0;3;1;2;0;0;1;0;105;0;39;1349;1125;0;11;1;0;0;2;0;0;0;5;0;5;1;2;0;43;0;22;2;0;9;4;0;2;0;0;0;19;0;3;0;0;26;6;0;2;1;4;1;0;0;1;1094;195;28;0;4;4;0;5;0;0;1;0;667;0;0;35;0;0;1;0;16;0;62;0;11;0;0;12;21;0;0;0;0;0;0;0;2;0;0;0;0;2;4;0;44;3;0;7;0;0;0;0;33;8;0
Rh-081;1;3;1;0;0;14;0;3;0;0;0;14;0;2;11;0;19;0;0;0;0;0;1;0;26;118;2;1;1;0;0;31;2;0;0;0;0;247;1;0;17;0;1;10;0;135;68;137;47;22;1264;0;7;0;436;0;18;42;49;211;0;0;7;30;1;61;42;1;14;0;0;0;0;1;16;0;0;0;1;0;1308;3;1;1;1;2;7;0;0;4;0;1;0;20;4;1;0;1;17;0;3;23;0;11;0;2;0;0;0;13;3;1;167;0;1;0;160;1653;1;1;0;56;11;1;0;0;0;1;10;8;0;0;0;4;4;2;57;81;0;1;383;0;0;13;896;3;4;0;0;0;7;8;0;0;0;76;0;1;0;0;0;0;4;9;239;0;33;0;55;0;0;5;0;1;2;0;0;0;1;0;0;0;5;68;0;0;0;27;9;0;0;0;0;1;0;0;1;0;108;0;4;0;0;3;0;5;0;0;137;4;12;615;1;803;0;48;17;0;1;0;2;32;0;0;2;1;237;2;0;15;5;0;2;0;5;0;4;6;11;0;7;54;0;0;2;1;1;102;0;188;22451;307;1738;0;0;0;0;169;1;0;1;3;0;0;3;0;601;0;0;0;0;4;1;0;0;0;31;2;45;0;590;36;0;3;333;20;42;20;1;1;1;34;8;2;0;0;1;0;1;5;8;1;10;1;0;1;21;2;77;0;5;3;9;0;0;0;6;2097;0;34;226;535;3;44;8;0;0;7;0;0;0;14;0;3;30;0;0;26;0;11;3;0;0;15;2;1;0;0;4;31;0;0;1;4;7;0;0;2;9;14;10;0;0;0;384;1599;4;0;11;46;0;1;0;0;4;0;92;0;0;23;0;0;6;0;7;0;47;0;8;4;0;4;31;7;0;1;0;0;0;1;10;4;30;0;0;1;6;2;21;0;0;1;0;3;0;0;22;3;0
Rh-061;0;0;0;0;0;9;0;3;0;0;0;28;0;0;4;0;13;0;1;1;0;0;2;0;14;58;1;0;1;0;0;7;0;0;0;0;0;127;0;1;6;0;4;1;0;32;36;62;8;44;1051;0;1;0;173;0;11;10;20;91;0;0;0;8;2;47;28;0;1;0;0;0;0;0;5;0;1;0;0;0;577;0;1;0;1;0;5;1;0;0;0;1;0;11;5;0;0;0;50;0;0;1;0;4;0;1;1;0;0;4;1;0;119;0;0;0;46;1185;1;0;0;14;8;5;0;0;0;0;9;4;0;0;0;0;0;0;7;39;0;0;151;0;0;6;361;5;1;0;0;0;4;2;0;0;0;25;0;1;0;1;0;0;33;4;120;0;41;0;14;0;0;2;0;0;2;0;1;0;1;0;0;1;6;28;0;0;0;7;4;0;1;0;1;1;0;0;1;0;4;0;1;0;0;1;0;2;1;0;58;0;5;413;2;114;0;0;12;0;1;0;0;19;0;0;1;0;31;2;0;5;1;0;1;0;5;0;0;3;4;0;9;32;0;0;0;1;0;53;0;80;10963;198;1077;0;0;1;0;59;0;0;0;1;0;0;1;0;95;1;0;0;0;2;0;0;0;0;7;1;12;0;259;11;0;0;154;14;12;2;0;0;0;18;6;2;0;0;0;0;0;2;4;0;6;1;0;1;7;0;39;0;3;3;1;4;0;0;18;1584;0;22;138;169;0;28;3;0;0;5;0;0;0;13;1;0;9;1;0;5;0;1;0;0;1;11;0;2;0;0;0;12;0;1;1;1;11;1;0;0;8;6;12;0;1;0;348;673;5;0;5;36;0;0;0;0;2;0;38;0;0;5;0;0;2;0;1;0;19;0;6;4;0;3;13;3;0;0;0;0;0;0;19;0;14;0;0;2;4;0;6;1;0;0;0;1;0;0;25;1;0
No-049;0;0;0;0;0;0;0;0;0;0;0;0;0;0;0;0;0;3;0;0;0;0;0;0;0;0;0;0;0;0;0;0;0;0;0;0;0;48;0;0;0;0;0;0;0;1;0;0;7;0;3;52;0;0;1;0;0;0;0;0;0;0;0;0;0;0;2;0;0;0;0;0;0;0;0;0;0;0;0;0;19;0;0;1;0;0;0;0;0;0;0;0;0;0;0;0;0;0;0;0;0;0;0;0;0;0;0;0;0;0;0;0;1;0;0;0;1;9;0;0;0;0;0;0;0;0;0;0;0;0;0;0;0;0;0;0;0;0;0;0;0;0;0;0;0;0;0;0;0;0;0;0;0;0;0;0;0;0;19;0;0;0;0;0;1;0;0;0;0;0;0;0;0;0;0;3;0;0;0;0;0;0;0;4;0;0;0;0;0;0;0;0;0;0;0;0;0;0;0;0;0;0;0;0;0;0;0;0;0;0;0;0;0;57455;0;0;0;0;0;0;0;1;0;0;0;0;1;0;0;0;0;0;0;0;0;0;0;0;0;0;0;6;0;0;0;0;0;0;0;0;670;0;57;0;0;0;0;0;0;0;0;0;0;0;0;0;3;0;0;0;0;0;0;0;0;0;0;0;0;0;19;0;0;0;4;3;0;0;0;0;0;0;0;0;0;0;0;0;0;0;0;0;0;0;0;0;0;0;0;0;0;0;0;0;0;0;0;7;0;0;33;5;1;0;0;0;0;0;0;0;0;2;0;0;0;0;0;0;0;0;0;0;0;0;0;0;0;0;0;0;0;0;0;0;1;0;0;0;0;0;0;0;0;0;3;5;1;0;0;0;0;0;0;0;0;0;6;0;0;0;0;0;0;0;0;0;0;0;0;0;0;0;0;0;0;0;0;0;0;0;0;0;0;0;0;0;0;0;0;0;0;0;0;0;0;0;0;0;0
En-001;5;4;0;0;0;5;0;0;0;0;0;40;0;0;2;0;5;6;6;0;1;0;1;0;9;10;0;0;0;0;0;0;0;0;0;0;0;314;0;1;0;0;6;0;0;6;1;1;35;0;51;88;0;0;72;0;5;6;17;82;0;0;1;1;0;89;50;0;2;0;72;0;0;23;7;0;0;0;0;0;1455;2;10;52;0;0;2;1;0;0;0;0;0;0;3;0;0;2;22;0;4;0;0;49;0;0;0;0;0;1;2;0;116;0;4;0;77;569;1;0;0;0;3;12;0;0;0;0;3;5;0;0;0;0;1;0;14;1;0;0;3;0;0;8;9;0;0;0;0;0;9;1;0;0;0;130;0;0;58;0;0;0;0;19;109;0;5;0;16;0;0;0;0;7;0;91;0;0;5;0;0;0;0;41;0;0;0;22;10;0;1;0;2;3;0;0;0;0;20;0;0;0;2;0;0;1;0;0;24;0;0;731;0;15539;0;0;4;0;1;0;0;7;0;0;0;0;10;0;0;16;0;0;0;0;1;7;0;0;2;0;71;273;1;0;0;1;0;1;0;3;13093;109;1893;0;0;1;0;18;1;0;0;0;0;0;3;0;43;0;2;0;0;15;0;1;1;0;0;0;6;0;202;10;0;0;171;22;0;0;0;0;1;7;1;0;0;0;2;0;0;1;0;4;3;0;0;0;4;0;80;0;6;2;0;0;0;0;16;31;0;12;1441;284;0;5;0;0;0;0;0;0;0;5;0;0;1;0;0;26;0;15;1;0;0;0;0;1;0;0;0;3;0;1;0;1;31;4;0;0;1;0;1;0;0;0;427;78;43;0;0;3;0;2;0;0;0;0;484;0;0;77;0;0;0;0;2;0;47;0;1;0;0;2;4;0;0;0;0;0;0;0;0;0;2;0;0;2;0;1;27;33;0;1;0;0;3;0;38;1;0
No-068;0;0;0;0;0;0;0;0;0;0;0;0;0;0;0;0;0;0;10;0;0;0;0;0;0;0;0;0;0;0;0;0;0;0;0;0;0;64;0;0;0;0;0;0;0;0;0;0;0;0;5;79;0;0;0;0;1;0;0;1;0;0;0;0;0;4;4;0;0;0;0;0;0;0;0;0;0;0;0;0;37;0;0;6;0;0;0;0;0;0;0;0;0;1;0;0;0;0;0;0;0;0;0;0;0;0;0;0;0;0;0;0;3;0;0;0;1;12;0;0;0;0;0;0;0;0;0;0;0;0;0;0;0;0;0;0;0;0;0;0;0;0;0;0;0;0;0;0;0;0;1;0;0;0;0;0;0;0;16;0;0;0;0;0;13;0;0;0;0;0;0;0;0;0;0;1;0;0;0;0;0;0;0;2;0;0;0;5;0;0;0;0;0;0;0;0;0;0;0;0;0;0;0;0;0;0;0;0;0;0;0;3;0;45696;0;0;0;0;0;0;0;0;0;0;0;0;0;0;0;0;0;0;0;0;0;0;0;0;0;0;0;2;0;0;0;0;0;0;0;0;566;1;13;0;0;0;0;0;0;0;0;0;0;0;0;0;0;0;0;0;0;0;0;0;0;0;0;0;3;0;1;0;0;0;1;0;0;0;0;0;0;0;0;0;0;0;0;0;0;0;0;0;0;0;0;0;0;0;0;0;0;0;0;0;0;0;0;2;0;0;9;4;0;0;0;0;0;0;0;0;0;2;0;0;0;0;0;0;0;0;0;0;0;0;0;0;0;0;0;0;0;0;0;0;0;0;0;0;0;0;0;0;0;0;6;2;0;0;0;0;0;0;0;0;0;0;0;0;0;0;0;0;0;0;0;0;0;0;0;0;0;0;0;0;0;0;0;0;0;0;0;0;0;0;0;0;0;0;0;0;0;0;0;0;0;0;0;0;0
En-167;5;2;14;0;0;8;0;16;0;16;0;84;0;0;0;0;0;20;27;0;0;0;0;0;2;2;0;0;0;0;0;2;3;0;0;1;0;179;0;0;0;0;2;0;1;4;1;0;92;37;265;164;204;0;328;0;32;1;14;23;0;0;1;0;0;2;197;0;9;1;236;1;1;10;2;2;0;0;11;0;444;1;0;2;0;0;8;1;0;35;0;0;1;2;9;0;0;0;572;5;4;0;14;39;0;0;0;0;2;0;0;0;50;0;0;2;354;435;0;19;0;1;0;8;0;1;0;0;7;1;0;0;0;0;10;0;0;0;140;0;15;0;0;26;40;16;0;0;0;1;4;0;0;4;0;210;0;0;64;0;0;0;1;1;43;0;73;0;0;0;0;1;0;336;0;34;0;0;0;0;0;5;0;37;3;4;1;38;10;0;2;0;0;1;0;0;0;0;39;3;0;0;3;0;0;0;0;0;6;10;9;396;0;9720;2;0;2;0;0;1;0;1;0;0;0;2;6;0;0;107;0;0;0;0;4;0;15;0;2;0;22;312;0;0;0;0;1;4;1;4;14400;36;1093;0;0;2;0;120;1;0;0;24;0;0;0;0;308;0;0;0;0;4;0;1;0;0;0;0;1;1;119;9;0;0;3286;0;0;0;0;2;1;4;0;0;0;0;2;0;96;0;0;17;4;0;0;0;0;0;5;0;1;0;2;0;12;0;3;182;0;10;1964;249;0;32;0;0;0;0;0;0;1;1;0;0;1;1;2;21;2;0;0;0;0;0;0;0;5;3;18;6;0;0;0;0;6;0;0;0;0;0;0;0;0;0;12;244;0;0;0;0;0;2;0;0;0;0;22;0;1;539;1;0;0;2;1;0;16;15;1;0;2;0;2;0;0;0;0;0;0;10;0;0;0;0;4;1;0;9;112;11;0;1;0;0;7;0;10;4;1
No-215;0;0;0;0;0;0;0;0;0;1;0;0;0;0;0;0;0;7;1;0;0;0;0;0;0;0;0;0;0;0;0;0;0;0;0;0;0;0;0;0;0;0;0;0;0;0;0;0;2;0;3;78;1;0;0;0;0;0;3;0;0;0;0;0;0;0;5;0;0;0;2;1;0;0;0;0;0;0;0;0;22;0;0;0;0;0;0;0;0;1;0;0;0;0;0;0;0;0;2;0;0;0;0;0;0;0;0;0;0;0;0;0;2;0;0;0;4;3;0;0;0;0;0;0;0;0;0;0;1;0;0;0;0;1;0;0;1;0;1;0;0;0;0;0;2;0;0;0;0;0;0;0;0;0;0;2;0;0;51;0;0;0;0;0;2;0;4;0;0;0;0;0;0;0;0;2;0;0;0;0;0;0;0;0;0;0;0;0;0;0;0;0;0;0;0;0;0;0;1;0;0;0;0;0;0;0;0;0;0;1;1;6;0;54850;0;1;0;0;0;0;0;0;0;0;0;0;0;0;0;1;0;0;0;0;0;0;0;0;0;0;0;2;0;0;0;0;0;0;0;1;955;1;14;0;0;0;0;0;0;0;0;1;0;0;0;0;0;0;0;0;0;1;0;0;0;0;0;0;0;0;7;0;0;0;21;0;0;0;0;0;0;0;0;0;0;0;0;0;0;0;0;0;1;0;0;0;0;0;0;0;0;0;1;0;0;0;1;3;0;0;36;1;0;0;1;0;0;0;0;0;0;0;0;0;0;0;0;2;0;0;0;0;0;0;0;0;0;0;1085;0;0;0;0;0;2;0;0;0;0;0;0;0;0;0;0;10;0;0;0;0;0;0;0;0;0;0;0;0;0;2;0;0;0;0;0;0;1;0;0;0;0;0;0;0;0;0;0;0;0;0;0;0;0;0;0;0;0;0;4;1;0;0;0;0;0;0;1;0;0
No-086;0;0;0;0;0;0;0;0;0;0;0;0;0;0;0;0;4;2;3;0;0;0;0;0;0;0;0;0;0;0;0;0;0;0;0;0;0;16;0;0;0;0;0;0;0;0;0;0;4;0;0;45;0;0;2;0;0;0;1;0;0;0;0;0;0;0;3;0;0;0;0;0;0;0;0;0;0;0;0;0;10;0;0;0;0;0;0;0;0;0;0;0;0;0;0;0;0;0;0;0;0;0;0;0;0;0;0;0;0;0;0;0;1;0;0;0;0;5;0;0;0;0;0;0;0;0;0;0;0;3;0;0;0;0;0;0;0;0;0;0;0;0;0;0;1;0;0;0;0;0;0;0;0;0;0;0;0;0;24;0;0;0;0;0;9;0;0;0;0;0;0;0;0;0;0;1;0;0;0;0;0;0;0;0;0;0;0;0;0;0;0;0;0;0;0;0;0;0;1;0;0;0;0;0;0;0;0;0;0;0;0;1;0;38416;0;0;0;0;0;0;0;0;0;0;0;0;0;0;0;0;0;0;0;0;0;0;0;0;0;0;1;6;0;0;0;0;0;0;0;0;514;0;55;0;0;0;0;0;0;0;0;0;0;0;0;0;12;0;0;0;0;0;0;0;0;0;0;0;0;0;100;0;0;0;6;1;0;0;0;0;0;0;0;0;0;0;0;0;0;0;0;0;0;0;0;0;0;0;0;0;0;0;0;0;0;0;0;3;0;0;16;7;0;0;0;0;0;0;0;0;0;6;0;0;0;0;0;0;0;0;0;0;0;0;0;0;0;0;0;0;0;0;0;0;0;0;0;0;0;0;0;0;0;0;2;1;0;0;0;3;0;0;0;0;0;0;0;0;0;0;0;0;0;0;0;0;0;0;0;0;0;0;0;0;0;0;0;0;0;0;0;0;0;0;0;0;0;0;0;0;0;0;0;0;0;0;0;0;0
Rh-065;0;5;0;0;0;6;0;3;0;0;0;14;0;2;17;1;20;0;2;0;0;0;0;0;22;131;5;5;1;0;0;43;0;0;0;0;0;302;0;0;14;1;4;3;0;138;77;130;24;85;1624;0;1;1;512;0;45;36;55;249;0;0;10;46;3;70;61;0;14;0;4;3;0;0;10;0;0;0;0;2;1080;1;12;0;0;13;3;0;0;3;0;0;0;27;11;1;0;1;31;0;1;23;0;15;3;2;1;0;0;15;2;0;208;1;0;0;194;1903;0;0;0;46;9;8;0;0;0;1;11;14;0;0;0;2;5;9;102;120;0;2;555;0;1;11;1129;10;8;0;0;0;13;11;0;0;0;36;0;2;0;2;0;0;17;5;291;0;58;0;63;0;0;1;0;117;8;0;1;0;6;0;0;0;9;96;0;0;0;40;22;0;0;0;4;1;0;0;4;0;9;0;5;4;0;7;0;7;4;0;144;2;19;659;8;184;0;1;16;0;1;0;2;15;0;0;2;0;78;3;0;9;7;0;2;0;19;0;6;13;5;0;5;25;0;0;2;2;1;144;0;205;31011;304;1701;0;0;6;0;163;0;0;2;4;0;0;1;0;162;3;0;0;0;9;0;0;0;0;11;1;69;0;446;20;0;10;447;16;29;19;1;0;0;59;13;4;1;2;2;0;2;2;11;1;11;1;1;1;62;30;51;0;12;6;13;0;0;6;29;3957;0;50;352;525;1;93;6;0;0;2;0;0;0;18;6;2;39;0;0;21;1;10;0;0;0;28;2;5;0;0;3;49;1;0;6;7;5;0;0;5;15;28;25;0;3;2;566;2077;6;0;22;82;0;1;1;0;6;0;156;0;0;10;0;0;5;0;5;0;33;0;6;5;0;2;28;10;0;1;0;0;0;1;70;10;59;0;0;3;11;7;27;2;0;5;0;8;0;0;28;11;0
No-136;0;0;0;0;0;0;0;0;0;0;0;3;0;0;0;0;0;3;1;0;0;0;0;0;0;0;0;0;0;0;0;0;0;0;0;0;0;1;0;0;0;0;0;0;0;0;0;0;5;0;2;38;0;0;2;0;1;0;0;0;0;0;0;0;0;0;6;0;0;0;2;0;0;0;0;0;0;0;0;0;9;0;0;1;0;0;0;0;0;0;0;0;0;0;0;0;0;0;2;0;0;0;0;0;0;0;0;0;0;0;0;0;1;0;0;0;2;5;0;1;0;0;0;0;0;0;0;0;0;0;0;0;0;0;0;0;1;0;28;0;1;0;0;1;6;0;0;0;0;0;1;0;0;0;0;1;0;0;21;0;0;0;0;0;1;0;9;0;0;0;0;0;0;1;0;3;0;0;0;0;0;0;0;1;0;0;0;1;0;0;0;0;0;0;0;0;0;0;32;0;0;0;0;0;0;0;0;0;0;0;1;9;0;29551;0;0;0;0;0;0;0;0;0;0;0;0;0;0;0;1;0;0;0;0;0;1;0;0;0;0;0;2;0;0;0;0;0;0;0;0;558;0;21;0;0;0;0;1;0;0;0;0;0;0;0;0;0;0;0;0;0;0;0;0;0;0;0;0;0;0;2;0;0;0;32;0;0;0;0;0;0;0;0;0;0;0;1;0;0;0;0;0;0;0;0;0;0;0;1;0;0;0;1;0;0;0;0;8;0;1;23;1;0;2;1;0;0;0;0;0;0;0;0;0;0;0;0;2;0;0;0;0;0;0;0;0;0;0;3808;0;0;0;0;0;2;0;0;0;0;0;0;0;0;0;0;11;0;0;0;0;0;0;2;0;0;0;0;0;0;4;0;0;0;0;0;0;0;0;0;0;0;0;0;0;0;0;0;0;0;1;0;0;0;0;0;0;0;0;7;1;0;0;0;0;0;0;2;0;0
Rh-062;0;3;0;0;0;16;0;3;12;0;0;47;0;0;8;0;11;0;0;0;0;0;0;0;7;74;0;1;0;0;0;10;0;0;0;0;0;86;0;1;9;0;2;5;0;47;20;51;9;9;673;0;1;0;86;0;14;14;16;83;0;0;0;9;3;34;16;0;18;0;0;0;0;0;7;0;0;0;0;0;283;0;3;0;0;0;2;6;0;0;0;2;0;11;1;2;0;1;15;0;2;2;0;0;0;0;0;0;0;5;4;0;61;0;1;0;58;780;0;0;0;29;8;1;0;0;0;0;10;4;0;0;0;3;8;1;23;30;0;0;159;0;3;5;371;11;0;0;0;0;4;2;0;0;0;20;0;1;0;1;0;0;2;2;85;0;14;0;16;0;0;1;0;0;0;0;2;0;0;0;0;1;2;34;0;0;0;9;5;0;0;0;0;1;0;0;0;0;14;0;0;0;0;1;0;2;0;0;65;0;6;340;5;52;0;0;10;0;0;0;1;5;0;0;2;0;18;2;0;10;1;0;0;0;5;0;0;2;1;0;2;16;0;0;0;0;0;35;0;78;9932;145;604;0;0;0;0;53;0;0;1;1;0;0;0;0;20;0;0;0;0;0;0;0;0;0;4;1;17;0;150;14;0;2;138;3;22;12;0;0;0;22;5;0;0;0;0;0;0;0;2;0;6;1;1;0;5;8;51;0;4;5;5;0;0;1;1;1467;0;15;101;116;0;31;2;0;0;1;0;0;0;3;1;0;7;0;0;6;1;3;1;2;0;19;1;0;0;0;0;11;0;0;0;0;7;0;0;1;10;8;3;0;1;0;183;648;5;0;14;30;0;0;2;0;0;0;29;0;0;4;0;0;3;0;4;0;8;0;1;1;0;0;9;2;0;0;0;0;0;0;5;1;24;0;0;0;2;5;4;0;0;0;0;3;0;0;5;2;0
Rh-192;0;5;4;1;4;3;1;5;0;1;0;39;0;0;32;0;0;0;0;1;0;5;0;0;24;51;0;0;0;0;0;122;0;1;0;6;0;35;0;0;9;0;2;1;0;49;55;1;40;15;2699;0;222;0;50;0;70;45;20;58;0;0;2;11;0;8;51;0;3;2;55;12;0;0;1;0;2;0;1;0;142;1;5;0;4;1;5;0;0;161;1;0;0;23;0;0;0;2;87;0;0;26;0;20;2;0;1;0;77;8;0;1;81;0;5;1;153;284;0;33;1;30;0;0;1;0;0;0;3;2;0;2;0;1;24;0;46;2;44;0;499;0;2;12;851;501;5;0;1;0;8;0;2;8;0;49;0;0;0;3;7;0;0;0;21;1;10;0;22;0;0;20;0;2;5;0;3;0;3;0;1;1;1;28;3;3;7;38;28;0;3;0;0;0;0;0;0;0;59;0;1;1;4;0;3;0;0;0;26;41;38;380;1;167;0;0;3;1;2;24;0;3;0;0;0;13;47;11;0;45;0;0;0;1;45;0;1;3;2;1;0;36;0;0;2;1;13;124;0;61;21943;63;342;1;0;2;0;146;5;0;6;5;0;1;1;0;12;0;0;0;0;1;0;0;0;0;0;0;78;158;18;46;0;0;776;0;2;3;0;0;0;46;0;0;3;0;25;0;2;1;5;3;7;0;12;0;3;0;7;0;10;0;23;0;2;0;1;682;0;88;121;57;26;338;4;0;0;0;0;1;0;4;22;2;48;0;0;4;2;0;0;0;2;1;0;1;2;12;137;17;0;0;1;0;2;1;0;0;2;37;1;2;0;1;17;1291;0;0;5;4;0;13;0;0;1;1;33;0;4;66;0;1;0;6;0;0;4;0;8;2;4;5;33;8;0;0;1;0;0;45;0;0;13;0;1;7;0;29;57;0;1;6;0;0;0;0;7;1;0
Rh-100;0;1;0;0;0;10;0;14;0;0;0;34;0;5;15;0;16;0;0;0;0;0;0;0;17;74;2;2;1;0;0;80;1;0;0;0;0;180;0;0;12;0;0;3;0;159;74;110;79;73;511;0;5;1;592;0;24;12;43;169;0;0;3;39;2;56;63;0;16;0;19;1;0;0;23;0;1;0;0;0;1295;0;4;1;1;5;4;0;0;7;0;2;0;24;12;1;0;0;25;0;3;0;0;7;0;1;3;0;0;10;5;0;156;0;2;0;155;1515;1;0;0;83;14;2;0;0;0;1;7;9;0;0;0;9;14;6;25;90;1;0;401;0;0;11;960;28;3;1;0;0;8;3;0;0;0;77;0;1;0;1;0;0;20;3;215;2;28;0;48;0;0;9;0;2;2;0;5;0;0;0;0;0;12;63;0;0;0;41;21;0;0;0;7;1;0;0;1;0;14;0;0;1;0;3;0;6;2;0;169;6;9;409;6;300;0;0;8;0;2;0;0;9;0;0;1;1;125;4;0;11;6;0;0;0;21;0;1;5;4;0;10;32;0;0;0;2;0;104;0;156;22867;197;1566;0;0;4;0;159;0;0;0;6;0;0;1;0;359;3;0;0;0;8;0;1;0;0;11;0;57;0;343;36;0;3;377;16;41;16;0;0;0;34;3;2;1;0;6;0;1;0;13;0;19;1;0;0;38;3;39;0;7;8;9;0;0;0;3;2249;0;36;214;227;2;71;13;0;0;4;0;0;0;7;1;1;21;3;0;32;1;20;0;0;1;17;0;0;0;0;2;19;0;0;4;2;11;3;0;0;13;16;5;0;1;0;349;1826;4;1;15;46;0;0;0;0;1;0;70;0;0;20;0;0;2;0;4;0;26;0;7;4;0;2;38;16;0;1;0;0;0;0;9;6;8;0;0;1;12;6;20;1;0;1;0;5;0;0;17;5;0
Rh-098;0;2;0;0;0;11;0;2;0;0;0;72;0;2;7;0;10;0;0;0;0;0;1;0;8;58;1;1;1;0;0;57;1;0;0;0;0;87;0;0;9;0;0;3;0;100;30;100;65;63;448;0;9;1;269;0;21;19;31;76;0;0;10;19;0;50;32;0;5;0;20;0;0;0;10;0;0;0;0;0;982;0;3;0;1;4;12;0;0;24;0;3;0;15;11;1;0;1;83;0;2;0;0;9;3;0;1;0;0;6;1;0;95;0;0;1;109;934;1;0;0;38;8;28;0;0;0;0;6;6;0;0;0;0;5;2;16;62;0;0;233;0;0;7;534;27;0;0;0;0;6;3;0;0;0;130;0;4;0;0;0;1;1;2;92;3;13;0;17;0;0;2;0;2;0;0;1;0;0;0;0;0;6;36;0;0;0;9;11;0;0;0;3;1;0;0;4;0;8;0;0;0;0;4;0;0;1;0;135;5;3;507;3;259;0;0;5;0;0;0;0;17;0;0;1;0;90;0;0;2;7;0;1;0;6;0;0;3;2;0;10;22;0;0;2;1;0;66;0;113;13477;179;1198;0;0;0;0;78;0;0;0;2;0;0;0;0;196;1;0;0;0;0;0;0;0;0;14;1;25;0;273;18;0;3;244;10;28;7;5;0;0;23;3;0;0;0;4;0;0;0;9;1;6;0;0;1;6;3;33;0;4;1;3;2;0;1;18;1382;0;28;117;199;0;52;2;0;0;5;0;0;0;4;2;0;9;0;0;9;0;7;1;1;0;10;1;1;0;0;1;10;0;0;3;1;2;0;0;0;6;3;7;0;2;0;266;1065;5;0;2;14;0;0;3;0;1;0;38;0;0;35;0;0;2;0;9;0;16;0;2;0;0;4;13;6;0;0;0;0;0;1;2;2;3;0;0;2;9;5;20;1;0;2;0;3;0;0;21;3;0
No-030;0;0;0;0;0;0;0;0;0;0;0;0;0;0;0;0;2;1;0;0;0;0;0;0;0;0;0;0;0;0;0;0;0;0;0;0;0;30;0;0;0;0;0;0;0;0;0;0;1;0;0;62;0;0;0;0;2;0;0;0;0;0;0;0;0;0;1;0;0;0;0;0;0;0;0;0;0;0;0;0;19;0;0;3;0;0;0;0;0;0;0;0;0;0;0;0;0;0;0;0;0;0;0;0;0;0;0;0;0;0;0;0;0;0;0;0;1;6;0;0;0;0;0;0;0;0;0;0;0;1;0;0;0;0;0;0;0;0;0;0;1;0;0;0;0;0;0;0;0;0;1;0;0;0;0;0;0;0;21;0;0;0;0;0;4;0;1;0;0;0;0;0;0;0;0;0;0;0;1;0;0;0;0;0;0;0;0;0;0;0;0;0;0;0;0;0;0;0;0;0;0;0;0;0;0;0;0;0;0;0;0;1;0;58784;0;0;0;0;0;0;0;0;0;0;0;0;0;0;0;0;0;0;0;0;0;1;0;0;0;0;0;4;0;0;0;0;0;0;0;1;712;0;43;0;0;0;0;0;0;0;0;0;0;0;0;0;0;0;0;0;0;0;0;0;0;0;0;0;0;0;5;0;0;0;5;0;0;0;0;0;0;1;0;0;0;0;0;0;0;0;0;0;0;0;0;0;0;0;0;0;0;0;0;0;0;0;1;6;0;0;21;4;0;0;0;0;0;0;0;0;0;0;0;0;0;0;0;0;0;0;0;0;0;0;0;1;0;0;0;0;0;0;0;0;0;0;0;0;0;0;0;0;0;0;2;5;1;0;0;0;0;0;0;0;0;0;0;0;0;5;0;0;0;0;0;0;0;0;0;0;0;0;0;0;0;0;0;0;0;0;0;0;0;0;0;0;0;0;0;1;0;0;0;0;0;0;0;0;0
Rh-083;0;3;0;0;0;8;0;7;0;0;0;20;0;1;10;0;20;0;0;0;0;0;0;0;17;108;5;2;2;0;0;53;1;0;0;0;0;177;0;0;16;0;0;10;0;158;69;234;84;50;773;0;3;0;337;0;30;25;47;185;0;0;3;40;1;86;57;0;11;0;5;2;0;0;20;0;0;0;0;0;1371;0;4;0;0;5;2;3;7;4;0;2;0;37;5;2;0;1;50;0;2;10;0;7;0;0;0;0;0;11;5;0;202;1;0;0;126;2419;1;0;0;81;8;32;0;0;0;0;10;7;0;0;0;2;14;1;43;111;0;0;535;0;2;8;1107;18;2;0;0;0;7;10;0;0;0;77;0;1;0;1;0;0;1;1;239;1;34;0;66;0;0;8;0;3;8;0;1;0;1;0;0;0;8;75;0;0;0;21;17;0;0;0;5;0;0;0;3;0;10;0;2;3;0;3;0;5;5;0;156;3;17;772;5;504;0;0;7;0;3;0;1;30;0;0;4;0;163;4;0;2;4;0;0;0;17;0;2;11;5;0;7;24;0;0;1;3;0;137;0;222;25017;385;1449;0;0;5;0;137;1;0;0;3;0;0;1;0;237;4;0;0;0;7;1;1;1;0;28;0;51;0;475;36;0;10;313;12;55;9;4;0;0;44;20;0;0;1;1;0;0;1;16;0;10;0;0;4;42;3;69;0;8;2;11;0;0;0;7;2408;0;39;265;337;1;65;3;2;0;3;0;0;0;6;1;4;32;8;0;14;0;6;0;0;0;31;4;2;0;2;1;19;0;1;5;5;4;1;0;2;22;19;16;1;2;0;387;1879;18;0;7;45;0;0;0;0;0;0;83;0;0;25;0;0;9;0;4;0;18;0;4;5;0;8;29;8;0;2;0;0;0;3;13;3;9;0;0;1;9;1;23;2;0;3;0;4;0;0;26;6;0
Rh-174;1;2;1;0;0;1;1;0;0;1;1;22;1;0;47;0;0;0;0;0;0;7;0;0;18;44;0;0;0;0;4;173;1;0;0;0;1;30;0;0;9;0;1;2;0;63;26;4;45;32;1690;0;262;1;103;0;47;115;14;60;0;0;0;10;0;17;53;0;6;0;201;11;0;0;3;0;1;0;1;0;626;3;2;0;2;1;0;0;0;97;1;0;0;35;0;1;0;0;586;4;0;23;0;15;1;0;0;0;56;12;1;1;81;0;2;3;116;1129;0;27;2;40;0;3;0;3;0;0;11;2;2;0;0;0;13;0;32;2;36;0;358;0;2;4;532;463;7;0;0;1;1;0;1;3;1;217;0;0;0;1;2;0;3;3;32;2;27;0;13;0;0;18;0;5;8;0;0;1;4;0;5;1;0;12;2;6;3;39;14;0;1;0;0;1;0;0;0;0;5;0;2;1;0;0;4;0;0;0;30;72;36;534;2;187;0;0;2;1;2;13;0;11;0;0;1;5;40;3;0;32;0;0;0;0;20;0;0;2;1;0;0;9;0;0;0;1;5;74;0;40;22033;85;869;0;0;8;0;53;4;0;8;7;6;0;1;0;21;0;0;0;0;1;1;0;0;0;0;0;37;125;52;65;0;0;913;2;7;6;0;1;2;29;0;0;1;2;6;0;0;2;9;2;5;0;12;0;0;10;66;0;5;2;7;0;0;2;3;833;0;47;214;106;23;228;5;0;0;0;0;0;0;5;9;2;29;1;0;6;7;0;0;0;4;0;0;0;1;3;169;21;0;0;0;0;1;1;0;2;0;31;0;0;0;0;7;1357;0;0;10;4;0;7;0;0;0;0;22;0;3;72;0;1;0;3;1;2;2;3;5;0;2;6;21;6;0;0;0;0;0;24;0;0;3;0;3;15;2;30;104;1;0;1;0;1;0;0;15;0;0
En-112;4;2;2;0;0;16;0;5;0;6;0;31;0;0;8;0;0;23;16;0;0;0;0;0;19;3;0;0;0;0;0;3;2;0;0;0;0;67;0;0;2;0;0;0;0;12;5;0;59;0;12;161;1;0;44;0;21;3;11;17;0;0;6;2;0;0;368;0;17;0;989;4;1;2;1;3;0;0;1;0;236;1;21;4;0;1;3;0;0;2;0;0;0;5;9;0;0;0;365;1;7;1;0;63;0;0;1;0;1;0;0;0;55;0;0;5;250;216;0;13;0;0;0;0;0;0;0;0;0;4;0;0;0;0;4;0;4;0;178;0;25;0;0;13;115;4;2;0;0;0;4;0;0;3;0;244;0;0;39;0;0;0;0;4;58;0;15;0;2;0;0;0;0;111;1;35;0;0;11;0;0;0;0;10;3;14;2;71;24;0;0;0;0;1;0;0;0;0;583;1;1;1;0;0;1;0;0;0;10;0;7;457;0;8570;1;0;5;0;0;0;0;21;0;0;0;2;2;0;1;48;0;0;0;1;7;0;0;0;4;0;24;181;0;0;0;0;0;2;14;11;11389;19;892;1;0;0;0;68;5;0;1;15;0;0;0;0;18;0;0;0;0;2;1;0;1;0;0;0;6;0;84;3;0;0;1820;0;1;0;0;0;1;11;0;0;0;0;2;0;0;0;0;5;7;0;0;0;1;0;10;0;0;0;6;0;4;0;13;145;0;11;2503;173;5;31;1;0;11;0;0;0;0;1;0;1;7;0;0;10;4;0;0;0;0;0;0;0;3;0;132;11;0;4;1;0;19;0;0;0;0;1;0;0;0;0;5;268;0;0;0;8;0;24;0;0;1;0;17;0;1;236;5;1;0;0;4;0;11;0;3;0;50;0;0;2;0;0;0;0;0;6;0;0;3;0;1;8;0;3;151;9;0;0;0;0;1;0;42;0;3
En-185;2;0;9;0;0;4;0;7;0;9;0;47;0;0;1;0;0;32;27;0;0;0;0;0;6;2;0;0;0;0;1;1;1;0;0;1;0;16;0;0;0;0;4;0;0;3;1;0;41;0;562;264;5;0;122;0;14;0;25;14;0;0;0;1;0;2;177;0;8;2;577;0;0;11;1;0;4;0;1;0;136;1;1;6;0;0;10;0;0;11;0;0;0;2;13;0;0;0;376;0;2;1;3;48;0;0;0;0;0;0;0;0;26;0;0;3;141;676;0;3;0;1;2;2;0;0;0;0;1;3;0;1;0;0;0;0;2;0;8;0;6;0;0;11;30;0;1;0;0;0;7;0;0;1;0;121;0;0;126;0;0;0;0;1;32;0;22;0;1;0;0;1;0;29;0;38;0;0;3;0;0;0;0;8;1;0;0;34;5;0;0;0;1;0;0;1;0;0;297;1;0;0;0;0;0;0;0;0;3;1;8;1308;0;23436;0;0;1;0;0;2;0;3;0;0;0;1;4;0;1;223;0;0;0;0;1;0;0;0;0;0;10;164;0;1;0;1;0;1;0;4;8869;52;332;0;0;1;0;59;2;0;0;23;0;0;0;0;130;0;3;0;0;1;0;2;1;0;0;0;1;0;115;10;0;0;994;0;0;0;0;0;1;10;0;0;0;0;1;0;0;0;0;2;1;0;0;0;0;0;61;0;1;1;5;0;3;0;16;89;0;2;1114;163;3;16;0;0;0;0;0;0;0;2;0;0;2;1;0;12;0;0;0;0;0;0;0;1;1;0;1936;2;0;0;0;0;14;0;0;0;0;1;0;0;0;0;1;169;0;0;0;0;0;6;0;0;1;0;10;0;2;336;6;0;0;0;0;0;13;0;2;0;1;0;3;0;0;0;0;0;0;2;0;0;2;0;20;2;2;3;100;24;2;0;0;0;2;0;12;0;0
En-073;1;1;0;0;0;29;0;0;0;0;0;260;0;1;1;0;17;0;0;1;0;0;0;0;3;35;0;0;0;0;0;0;0;0;0;0;0;491;2;0;1;0;2;0;0;24;7;3;31;1;85;35;0;0;279;0;3;32;3;377;0;0;4;0;0;98;110;0;5;0;24;0;0;72;12;4;0;0;0;0;803;0;21;0;0;0;2;0;0;0;0;0;0;1;11;0;0;9;9;0;11;0;0;91;0;0;0;0;0;1;0;0;200;0;2;0;193;1097;0;0;0;0;2;2;0;0;0;0;3;1;0;0;0;1;2;0;8;5;0;0;6;0;0;39;9;0;0;0;0;0;7;2;0;0;0;356;0;1;2;0;0;0;0;27;275;0;5;0;9;0;0;0;0;11;0;0;0;0;14;0;0;7;0;42;0;0;0;59;12;0;1;0;2;9;0;0;7;0;19;0;0;0;0;2;0;6;0;0;28;0;0;483;0;119;0;1;7;0;1;0;0;13;0;0;0;0;10;1;0;1;6;0;0;0;0;0;0;0;1;0;174;384;0;0;0;0;0;4;0;9;16401;123;3249;0;0;6;0;33;3;0;0;0;2;0;1;0;25;0;5;0;2;32;0;1;1;0;0;0;34;0;741;7;0;0;277;34;0;1;1;0;0;18;2;2;0;0;1;0;1;18;0;1;3;0;0;0;5;4;18;0;1;2;1;0;0;3;4;68;0;22;3760;555;0;2;0;0;0;0;0;0;0;7;0;1;1;0;1;1119;0;19;2;0;1;1;0;5;0;0;0;10;0;1;0;0;17;7;0;1;0;1;0;0;0;0;1345;174;41;0;2;5;0;0;0;0;0;0;942;0;0;101;0;0;1;0;16;0;204;0;2;0;0;3;7;1;0;0;0;0;0;0;1;0;1;0;0;3;53;1;33;0;0;0;0;0;0;0;23;3;0
No-137;0;0;0;0;0;0;0;0;0;0;0;0;0;0;0;0;0;4;0;0;0;0;0;0;0;0;0;0;0;0;0;0;0;0;0;0;0;1;0;0;0;0;0;0;0;0;0;0;1;0;1;34;0;0;0;0;0;0;0;0;0;0;0;0;0;0;2;0;0;0;7;0;0;0;0;0;0;0;0;0;4;0;0;0;0;0;0;0;0;0;0;0;0;0;0;0;0;0;3;0;0;0;0;1;0;0;0;0;0;0;0;0;0;0;0;0;1;5;0;0;0;0;0;0;0;0;0;0;0;0;0;0;0;0;0;0;0;0;3;0;0;0;0;0;3;0;0;0;0;0;0;0;0;1;0;2;0;0;19;0;0;0;0;0;2;0;6;0;0;0;0;0;0;1;0;0;0;0;0;0;0;0;0;0;0;0;0;0;1;0;0;0;0;0;0;0;0;0;0;0;0;0;0;0;0;0;0;0;0;0;0;11;0;40942;0;1;0;0;0;0;0;0;0;0;0;0;0;0;0;0;0;0;0;0;0;0;0;0;0;0;0;1;0;0;0;0;0;0;0;0;566;0;14;0;0;0;0;1;0;0;0;0;0;0;0;0;0;0;0;0;0;0;0;0;0;0;0;0;0;0;4;0;0;0;21;0;0;0;0;0;0;0;0;0;0;0;0;0;0;0;0;0;0;0;0;0;0;0;0;0;0;0;0;0;0;0;0;3;0;2;110;2;0;0;0;0;0;0;0;0;0;1;0;0;0;0;0;5;0;0;0;0;0;0;0;0;0;0;1;0;0;0;0;0;0;0;0;0;0;0;0;0;0;0;0;7;0;0;0;0;0;0;0;0;0;0;0;0;0;9;0;0;0;0;0;0;0;0;0;0;1;0;0;0;0;0;0;0;0;0;0;0;1;0;0;0;0;0;1;0;0;0;0;0;0;0;0;0;0
En-078;5;5;0;0;0;25;0;3;0;0;0;136;0;0;0;0;27;11;16;0;0;0;0;0;7;4;0;0;0;0;0;0;0;0;0;0;0;1010;0;0;3;0;0;1;0;9;7;1;69;0;526;82;0;0;292;0;3;16;19;166;0;0;7;1;0;56;106;0;3;0;8;0;0;6;5;0;0;0;0;0;718;0;39;7;0;0;10;0;0;0;0;2;0;1;9;0;0;0;1;0;2;0;0;124;0;0;0;0;0;0;2;0;130;0;4;2;215;817;0;1;0;0;0;50;0;0;0;0;5;10;0;0;0;1;1;0;23;1;1;0;8;0;0;36;18;1;0;0;0;0;10;2;0;0;0;190;0;0;53;0;0;0;0;13;251;0;4;0;9;0;0;0;0;2;0;20;0;0;14;1;0;0;0;86;0;0;0;118;21;0;0;0;0;0;0;0;0;0;23;0;0;0;1;2;0;9;0;0;61;0;0;585;0;13041;0;4;5;0;1;0;0;25;0;0;0;0;8;0;0;121;4;0;0;0;4;3;0;0;2;0;65;235;0;0;0;0;0;4;0;9;15479;89;1910;1;0;0;0;32;1;0;0;1;1;7;2;0;43;0;3;0;0;9;0;0;0;0;1;0;28;0;484;13;0;0;237;22;0;3;1;0;0;17;1;0;0;0;1;0;0;4;0;2;18;0;0;0;2;3;19;0;2;0;3;0;0;0;1;29;0;25;3047;528;0;10;0;0;0;3;0;0;0;13;0;0;0;1;0;63;0;10;0;0;2;2;0;4;0;0;0;22;0;2;1;0;20;7;0;0;1;0;1;0;0;0;414;149;20;0;0;7;0;3;0;0;1;0;721;0;0;52;0;0;2;0;56;0;158;0;7;0;0;1;2;0;0;0;0;0;0;0;6;0;3;0;0;1;0;0;26;24;0;1;0;0;1;0;79;3;0
Rh-043;1;1;0;0;0;5;0;4;0;0;0;35;0;0;5;0;18;0;0;0;0;1;1;0;16;71;1;2;1;0;0;23;1;0;0;0;0;144;1;0;10;0;1;4;0;91;39;100;37;7;668;0;0;0;288;0;14;35;31;136;0;0;4;17;1;42;28;0;11;0;6;0;0;0;16;0;0;0;1;0;677;1;3;0;0;6;5;0;0;7;0;4;0;14;5;2;0;0;63;0;3;4;0;10;2;4;1;0;0;5;6;0;150;0;0;0;84;1640;0;0;0;72;9;10;0;0;0;0;5;9;0;0;0;1;4;5;129;41;0;0;260;0;1;14;561;7;6;0;0;0;7;7;0;0;0;71;0;1;0;2;0;0;3;3;153;3;40;0;24;0;0;4;0;1;0;0;1;0;0;0;0;0;5;55;0;0;0;20;14;0;0;0;2;3;0;0;2;0;5;0;2;0;0;2;0;2;1;0;101;5;11;409;5;152;0;0;8;0;3;0;0;20;0;0;0;0;139;2;4;4;4;0;0;0;9;0;0;3;4;0;6;44;0;0;1;1;0;92;0;115;16935;247;1109;0;0;7;0;114;0;0;1;1;0;0;1;0;233;0;0;0;0;1;0;0;0;0;8;1;19;0;340;28;0;2;194;8;31;6;2;1;0;30;7;2;0;0;2;0;0;1;7;3;10;1;0;2;7;4;18;0;4;5;4;0;0;61;10;1466;0;24;188;182;0;71;3;2;0;2;0;0;0;8;0;1;20;1;0;15;0;4;1;0;0;17;2;1;0;0;0;20;1;0;3;4;11;1;0;0;13;6;8;0;1;0;352;1382;3;0;6;17;0;0;1;0;3;0;61;0;0;15;0;0;6;0;4;0;14;0;11;3;0;3;36;6;0;0;0;1;0;2;9;4;4;0;0;2;4;5;23;2;0;2;0;1;0;0;25;0;0
No-216;0;0;0;0;0;0;0;0;0;0;0;0;0;0;0;0;0;2;0;0;0;0;0;0;0;0;0;0;0;0;0;0;0;0;0;0;0;2;0;0;0;0;0;0;0;0;0;0;4;0;0;94;0;0;0;0;1;0;0;0;0;0;0;0;0;0;2;0;0;0;0;0;0;0;0;0;0;0;0;0;2;0;0;1;0;0;0;0;0;0;0;0;0;0;0;0;0;0;2;0;0;0;0;0;0;0;0;0;0;0;0;0;0;0;0;0;1;3;0;0;0;0;0;0;0;0;0;0;0;0;0;0;0;0;0;0;0;0;1;0;0;0;0;0;2;0;0;0;0;0;0;0;0;0;0;4;0;0;66;0;0;0;0;0;2;0;1;0;0;0;0;0;0;0;0;3;0;0;0;0;0;0;0;0;0;0;0;1;0;0;0;0;0;0;0;0;0;0;2;0;0;0;0;0;0;0;0;0;0;0;0;3;0;57812;0;0;0;0;0;0;0;2;0;0;0;0;0;0;0;0;0;0;0;0;0;0;0;0;0;0;0;5;0;0;0;0;0;0;0;0;941;0;12;0;0;0;0;1;0;0;0;1;0;0;0;0;0;0;0;0;0;0;0;0;0;0;0;0;0;0;17;0;0;0;43;0;0;0;0;0;0;0;0;0;0;0;0;0;0;0;0;0;0;0;0;0;0;0;0;0;0;0;1;0;0;0;0;7;0;0;10;0;0;2;0;0;0;0;0;0;0;1;0;0;0;0;0;0;0;0;0;0;0;0;0;0;0;0;4744;0;0;0;0;0;0;0;0;0;0;0;0;0;0;0;0;8;0;0;0;0;0;0;0;0;0;0;0;0;0;5;0;0;0;0;0;0;0;0;0;0;0;0;0;0;0;0;0;0;0;0;0;0;0;0;0;0;0;0;3;0;0;0;0;0;0;0;2;0;0
No-177;0;0;0;0;0;0;0;0;0;0;0;0;0;0;0;0;1;3;1;0;0;0;0;0;0;0;0;0;0;0;0;0;0;0;0;0;0;0;0;0;0;0;0;0;0;0;1;0;3;0;7;68;0;0;4;0;1;0;1;0;0;0;0;0;0;0;2;0;0;0;1;0;0;0;0;0;0;0;0;0;5;0;0;2;0;0;0;0;0;0;0;0;0;0;0;0;0;0;5;0;1;0;0;0;0;0;0;0;0;0;0;0;1;0;0;0;2;17;0;0;0;0;0;0;0;0;0;0;0;0;0;0;0;0;0;0;0;0;1;0;0;0;0;0;1;0;0;0;0;0;0;0;0;0;0;0;0;0;38;0;0;0;0;0;1;0;0;0;0;0;0;0;0;0;0;7;0;0;0;0;0;0;0;0;0;0;0;1;0;0;0;0;0;0;0;0;0;0;13;0;0;0;0;0;0;0;0;0;2;0;3;8;0;59571;0;0;0;0;0;1;0;0;0;0;0;0;0;0;0;1;0;0;0;0;0;0;0;0;0;0;1;4;0;0;0;0;0;0;0;0;820;0;15;0;0;0;0;0;0;0;0;1;0;0;0;0;0;0;0;0;0;0;0;0;0;0;0;0;0;0;4;0;0;0;73;0;0;0;0;0;0;0;0;0;0;0;0;0;0;0;0;0;0;0;0;0;0;0;0;0;0;0;0;0;0;0;1;8;0;0;80;4;0;0;0;0;0;0;0;0;0;0;0;0;0;0;0;0;0;0;0;0;0;0;0;0;0;0;0;1;0;0;0;0;0;0;0;0;0;0;0;0;0;0;1;8;0;0;0;0;0;0;0;0;0;0;0;0;0;6;0;0;0;0;0;0;0;0;0;0;0;0;0;0;0;0;0;0;0;0;0;0;0;0;0;0;0;0;1;0;0;0;0;0;0;0;1;0;0
En-201;2;0;31;0;0;5;0;7;0;1;0;46;0;0;1;0;0;33;33;0;0;0;0;0;2;1;0;0;0;0;2;0;1;0;0;0;1;5;0;0;0;0;0;0;0;6;2;0;8;0;0;145;0;0;4;0;6;0;3;6;0;0;0;0;0;0;137;0;3;0;452;0;0;5;0;0;3;0;6;0;81;0;1;7;0;0;7;1;0;1;0;0;0;1;0;0;0;0;177;0;7;0;0;33;0;0;0;0;0;0;0;0;10;0;0;1;55;214;0;13;0;0;0;0;0;0;0;0;0;3;0;0;0;0;3;0;0;0;43;0;4;0;0;1;39;0;0;0;0;0;0;0;1;11;0;35;0;0;103;0;0;0;0;1;4;0;4;0;1;0;0;0;0;12;0;15;0;0;1;0;1;0;0;1;2;1;1;9;9;0;0;0;0;0;0;0;1;0;38;0;0;0;0;0;1;0;0;0;4;0;7;363;0;23945;0;0;1;0;0;0;0;2;0;0;0;1;1;1;0;20;0;0;0;0;0;0;0;1;0;0;2;104;0;0;0;0;0;1;0;0;4623;28;238;0;0;0;0;4;0;0;0;0;0;0;2;0;8;0;0;0;0;4;0;2;0;0;0;0;1;0;28;1;0;0;1015;0;0;0;0;0;0;0;0;0;0;0;5;0;0;1;0;0;0;0;0;0;0;0;37;0;0;0;4;0;7;1;9;1213;0;5;455;185;2;13;1;0;1;0;0;0;0;0;1;0;3;0;0;3;0;0;0;0;1;0;0;0;1;0;27;1;0;1;0;0;3;0;0;0;0;1;0;0;0;0;0;81;0;0;0;1;0;2;0;0;0;0;5;0;14;329;5;0;0;0;0;0;8;0;0;0;21;1;0;0;0;0;0;0;0;2;0;0;16;0;0;3;0;1;110;6;0;1;0;0;11;0;7;1;0
No-158;0;0;0;0;0;0;0;0;0;1;0;1;0;0;0;0;0;5;0;0;0;0;0;0;0;0;0;0;0;0;0;0;0;0;0;0;0;0;0;0;0;0;0;0;0;0;0;0;1;0;1;56;0;0;0;0;0;0;1;0;0;0;0;0;0;0;6;0;0;0;5;0;0;0;0;0;0;0;0;0;2;0;0;2;0;0;0;0;0;0;0;0;0;0;0;0;0;0;1;0;0;0;0;0;0;0;0;0;0;0;0;0;0;0;0;0;2;4;0;0;0;1;0;0;0;0;0;0;1;0;0;0;0;0;0;0;0;0;3;0;1;0;0;0;3;0;0;0;0;0;0;0;0;0;0;2;0;0;38;0;0;0;0;0;0;0;9;0;0;0;0;0;0;0;0;2;0;0;0;0;0;0;0;0;0;0;0;0;0;0;0;0;0;0;0;0;0;0;3;0;0;0;0;0;0;0;0;0;0;0;3;13;1;58644;0;0;0;0;0;0;0;1;0;0;0;0;0;0;0;6;0;0;0;0;0;0;0;0;0;0;0;3;0;0;0;0;0;0;0;0;910;0;15;0;0;0;0;0;0;0;0;1;0;0;0;0;0;0;0;0;0;0;0;0;0;0;0;0;0;0;10;2;0;0;40;0;0;0;0;0;0;0;0;0;0;0;0;0;0;0;0;0;0;0;0;0;0;0;2;0;0;0;0;0;0;0;1;5;0;0;33;0;0;0;0;0;0;0;0;0;0;0;0;0;0;0;0;0;0;0;0;0;0;0;0;1;0;0;1403;1;0;0;0;0;0;0;0;0;0;0;0;0;0;0;0;2;0;0;0;0;0;0;0;0;0;0;0;0;0;4;0;0;0;0;0;0;0;0;0;0;0;0;0;0;0;0;0;0;0;0;0;0;2;0;0;0;0;0;5;1;0;0;0;0;0;0;0;0;0
En-204;3;2;0;0;0;7;0;3;0;2;1;36;0;0;0;0;0;18;20;0;0;0;0;0;7;1;0;0;0;0;0;1;1;0;0;1;0;11;0;0;0;0;3;0;0;5;3;0;44;0;60;109;3;0;62;0;14;7;10;10;0;0;1;0;0;2;252;0;9;0;120;2;1;13;1;0;0;0;11;0;171;0;1;2;0;0;3;0;0;1;0;0;0;3;18;0;0;0;75;6;5;0;0;17;0;0;0;0;0;0;0;0;40;0;0;0;68;155;0;7;0;2;0;0;0;0;0;0;0;0;0;0;0;0;2;0;3;0;297;0;4;0;0;3;45;1;0;0;0;0;1;0;1;1;0;564;0;0;71;0;0;0;0;5;23;0;45;0;2;0;0;0;0;10;0;7;1;0;6;0;1;0;0;0;1;1;1;26;14;0;1;0;0;1;0;0;0;0;918;0;0;0;0;0;1;0;0;0;3;1;0;227;0;20782;0;0;1;0;0;0;0;14;0;0;1;0;2;1;0;29;0;0;0;0;0;3;0;0;0;0;36;218;0;0;0;0;0;1;0;5;7808;19;1224;0;0;0;0;21;0;0;0;4;0;0;3;0;13;0;0;0;0;8;0;1;2;0;0;0;3;0;83;2;0;0;2480;0;0;1;0;1;0;1;0;0;0;0;0;0;0;0;0;3;2;0;0;0;0;0;8;0;0;0;2;0;2;0;5;135;0;8;593;77;0;30;2;0;0;0;0;0;0;2;0;0;2;0;0;2;2;0;0;0;0;0;0;1;1;0;97;6;0;1;0;0;3;0;0;0;0;0;0;0;0;0;3;121;0;0;0;1;0;3;0;0;0;0;10;0;0;425;5;0;0;0;0;1;15;0;0;0;1;1;0;0;0;0;0;0;0;4;0;0;4;0;6;3;0;4;77;12;1;0;0;0;6;0;13;0;0
No-090;1;0;0;0;0;0;0;0;0;0;0;0;0;0;0;0;0;1;0;0;0;0;0;0;0;0;0;0;0;0;0;0;0;0;0;0;0;10;0;0;0;0;0;0;0;0;0;0;2;0;0;30;0;0;4;0;1;0;1;0;0;0;0;0;0;0;1;0;0;0;0;0;0;0;0;0;0;0;0;0;14;0;0;0;0;0;0;0;0;0;0;0;0;0;0;0;0;0;0;0;0;0;0;0;0;0;0;0;0;0;0;0;0;0;0;0;1;6;0;0;0;0;0;0;0;0;0;0;0;0;0;0;0;0;0;0;0;0;0;0;1;0;0;0;0;0;0;0;0;0;0;0;0;0;0;0;0;0;8;0;0;0;0;0;11;0;0;0;0;0;0;0;0;0;0;0;0;0;0;0;0;0;0;0;0;0;0;0;0;0;0;0;0;0;0;0;0;0;5;0;0;0;0;0;0;0;0;0;0;0;0;0;0;31398;0;2;0;0;0;0;0;1;0;0;0;0;0;0;0;0;0;0;0;0;0;0;0;0;0;0;0;2;0;0;0;0;0;0;0;1;274;0;22;0;0;0;0;0;0;0;0;0;0;0;0;0;3;0;0;0;0;0;0;0;0;0;0;0;0;0;20;0;0;0;0;0;0;0;0;0;0;0;0;0;0;0;0;0;0;0;0;0;0;0;0;0;0;0;0;0;1;0;0;0;0;0;0;0;0;1;7;6;0;0;0;0;0;0;0;0;0;0;0;1;0;0;0;1;0;0;0;0;0;0;0;0;0;0;0;0;0;0;0;0;0;0;0;0;0;0;0;0;0;0;4;1;0;0;0;1;0;0;0;0;0;0;0;0;0;0;0;0;0;0;0;0;0;0;0;0;0;0;0;0;0;0;0;0;0;0;0;0;0;0;0;0;0;0;0;0;0;0;0;0;0;0;0;0;0
En-113;3;0;2;0;0;14;0;0;0;5;1;233;0;0;2;0;1;52;16;0;0;1;0;0;9;4;0;0;0;0;1;1;1;0;0;0;0;32;0;0;3;0;0;1;0;14;7;1;35;0;80;170;3;0;46;0;18;2;12;17;0;0;3;1;0;3;574;0;8;0;394;5;0;57;2;1;1;0;9;0;264;0;3;9;0;0;6;0;0;1;0;0;0;0;13;0;0;0;373;3;13;0;0;62;0;0;0;0;0;2;0;0;124;0;0;4;328;268;0;19;0;1;0;1;0;0;0;0;0;2;0;0;0;0;0;0;1;0;242;3;24;0;0;13;84;0;6;0;0;0;0;0;0;5;0;105;0;1;84;0;0;0;0;4;102;0;87;0;3;0;0;1;0;70;1;10;0;0;10;0;0;0;0;2;0;9;0;65;16;0;2;0;0;0;0;2;0;0;21;0;0;0;0;0;2;0;0;0;9;0;9;606;0;16558;1;4;6;0;0;0;0;3;0;0;0;1;6;0;2;103;0;0;0;0;2;1;1;0;0;0;38;282;0;0;0;0;0;5;0;8;13006;37;1211;0;0;3;0;83;0;0;0;3;0;0;2;0;13;0;0;1;0;1;0;0;0;0;0;0;2;0;88;3;0;0;2412;1;0;1;0;0;2;11;0;0;0;0;8;0;0;0;1;3;5;0;0;0;1;0;14;0;1;0;5;0;2;0;14;136;0;26;1176;266;2;47;1;0;5;0;0;0;0;2;1;0;6;0;0;22;1;5;0;0;1;0;0;5;3;1;71;26;0;1;0;0;7;0;0;0;0;0;0;1;0;0;19;254;0;0;1;3;0;11;0;0;0;0;16;0;2;749;1;0;0;0;0;0;31;0;3;1;14;0;4;1;0;0;0;0;0;15;0;0;9;0;22;9;0;5;237;14;1;0;0;0;15;0;25;3;0
No-160;0;0;0;0;0;0;0;0;0;0;0;0;0;0;0;0;0;6;1;0;0;0;0;0;0;0;0;0;0;0;0;0;0;0;0;0;0;0;0;0;0;0;0;0;0;0;0;0;2;0;0;55;1;0;1;0;0;0;1;0;0;0;0;0;0;0;1;0;0;0;1;0;0;0;0;0;1;0;0;0;4;0;1;0;0;0;0;0;0;0;0;0;0;0;0;0;0;0;1;0;0;0;0;0;0;0;0;0;0;0;0;0;0;0;0;0;1;3;0;0;0;0;0;0;0;0;0;0;0;0;0;0;0;0;0;0;0;0;1;0;0;0;0;0;1;0;0;0;0;0;0;0;0;0;0;0;0;0;39;0;0;0;0;0;1;0;0;0;1;0;0;0;0;0;0;7;0;0;1;0;0;0;0;0;0;0;0;2;0;0;0;0;0;0;0;0;0;0;33;0;0;0;0;0;0;0;0;0;0;0;0;4;0;50488;0;0;0;0;0;0;0;1;0;0;0;0;0;0;0;1;0;0;0;0;1;0;0;0;0;0;0;1;0;0;0;0;0;0;0;0;1899;0;6;0;0;0;0;3;0;0;0;0;0;0;0;0;0;0;0;0;0;0;0;0;0;0;0;0;0;0;2;0;0;0;12;0;0;0;0;0;0;0;0;0;0;0;0;0;0;0;0;0;0;0;0;0;0;0;1;0;0;0;0;0;0;0;0;2;0;0;57;0;0;1;0;0;0;0;0;0;0;0;0;0;0;0;0;0;0;0;0;0;0;0;0;0;0;0;2324;0;0;0;0;0;0;0;0;0;0;0;0;0;0;0;1;0;0;0;0;0;0;0;0;0;0;0;0;0;0;12;0;0;0;0;0;0;0;0;0;0;1;0;0;0;0;0;0;0;0;0;0;0;0;0;0;0;0;0;7;0;0;0;0;0;0;0;0;0;0
Rh-125;0;5;1;0;3;0;1;0;0;1;0;20;0;0;66;0;1;0;1;2;0;5;0;0;13;30;0;0;0;0;0;83;0;0;0;4;1;23;0;0;13;0;0;1;0;91;33;2;25;3;69;0;65;0;5;0;49;41;16;49;0;1;0;13;1;1;37;0;3;1;43;7;0;0;0;0;1;0;0;0;132;2;7;0;2;2;1;0;0;18;1;0;0;20;1;0;0;2;56;0;0;30;0;12;0;0;0;0;2;5;0;0;53;0;2;3;129;351;0;18;0;30;0;2;0;6;0;0;8;2;0;1;0;0;20;0;38;8;33;0;488;0;2;4;880;35;4;0;0;0;11;0;0;12;0;18;0;0;0;2;3;0;0;1;20;1;18;0;15;0;0;21;0;0;16;0;1;1;6;0;6;0;0;15;0;3;0;32;15;0;0;0;0;5;0;0;1;0;2;0;4;5;1;2;9;0;0;0;85;4;47;659;1;129;0;0;2;0;1;0;0;5;0;0;0;19;29;7;2;3;0;0;0;0;26;0;0;5;0;0;0;7;0;0;1;0;7;78;0;68;18086;47;197;0;0;6;0;71;0;0;8;0;0;0;1;0;9;0;0;0;0;3;2;0;0;0;0;0;42;1;32;42;0;0;415;0;4;3;0;3;0;22;1;0;0;0;17;0;0;0;12;3;10;0;0;0;0;0;6;0;12;1;20;0;1;7;0;691;0;84;116;20;21;230;3;0;0;1;1;1;0;2;15;2;38;0;0;5;4;0;0;0;0;0;0;0;4;9;86;30;0;0;2;1;0;0;0;0;1;30;0;2;0;0;5;801;0;0;7;7;0;9;0;0;3;0;24;0;7;77;0;0;1;4;0;0;3;0;8;2;2;7;25;12;0;0;0;0;1;20;0;1;46;0;1;55;4;26;26;1;0;4;0;2;0;0;12;4;0
No-179;0;1;0;0;0;0;0;0;0;0;0;1;0;0;1;0;0;4;4;0;0;0;0;0;0;1;0;0;0;0;0;1;1;0;0;0;0;0;0;0;0;0;0;0;0;2;0;0;0;0;2;88;1;0;0;0;0;0;2;0;0;0;0;0;0;0;2;0;0;0;2;0;0;0;0;0;0;0;0;0;9;0;0;1;0;0;0;0;0;1;0;0;0;0;1;0;0;0;9;0;0;0;0;0;0;0;0;0;0;0;0;0;0;0;0;0;1;13;0;0;0;0;0;0;0;0;0;0;1;0;0;0;0;0;0;0;0;0;3;0;2;0;0;0;4;0;0;0;0;0;1;0;0;0;0;1;0;0;62;0;0;0;0;0;2;0;0;0;0;0;0;0;0;1;0;4;0;0;0;0;0;0;0;0;0;0;0;0;2;0;0;0;0;0;0;0;0;0;1;0;0;0;0;0;0;0;0;0;2;0;0;4;0;68569;0;0;0;0;0;1;0;1;0;0;0;0;0;0;0;2;0;0;0;0;0;1;0;0;0;0;0;4;0;0;0;0;0;0;0;1;1289;0;25;0;0;0;0;1;0;0;0;2;0;0;0;0;0;0;0;0;0;0;0;0;0;0;0;0;0;0;20;0;0;0;48;0;0;0;0;0;0;0;0;0;0;0;0;0;0;0;0;0;0;0;0;0;0;0;3;0;0;0;1;0;0;0;0;7;0;0;39;3;0;1;0;0;0;0;0;0;0;0;0;0;0;0;0;0;0;0;0;0;0;0;0;0;0;0;2870;0;0;0;0;0;2;0;0;0;0;0;0;0;0;0;0;10;0;0;0;0;0;0;0;0;1;0;0;0;0;11;0;0;0;0;0;0;1;0;0;0;0;0;0;0;0;0;0;0;0;0;0;0;0;0;0;0;0;0;5;0;0;0;0;0;0;0;1;0;0
No-107;0;0;0;0;0;0;0;0;0;0;0;0;0;0;0;0;0;4;3;0;0;0;0;0;0;0;0;0;0;0;0;0;0;0;0;0;0;21;0;0;0;0;0;0;0;0;0;0;8;0;2;32;0;0;2;0;0;0;1;1;0;0;0;0;0;0;3;0;0;0;0;0;0;0;0;0;0;0;0;0;40;0;0;2;0;0;0;0;0;0;0;0;0;0;0;0;0;0;0;0;0;0;0;0;0;0;0;0;0;0;0;0;1;0;0;0;3;7;0;0;0;0;0;0;0;0;0;0;0;2;0;0;0;0;0;0;0;0;0;0;0;0;0;0;1;0;0;0;0;0;0;0;0;0;0;0;0;0;16;0;0;0;1;0;8;0;0;0;0;0;0;0;0;0;0;2;0;0;0;0;0;0;0;3;0;0;0;0;0;0;0;0;0;0;0;0;0;0;1;0;0;0;0;0;0;0;0;0;0;0;0;1;0;57125;0;0;0;0;0;0;0;0;0;0;0;0;0;0;0;0;0;0;0;0;1;0;0;0;0;0;0;5;0;0;0;0;0;0;0;2;553;0;29;0;0;0;0;0;0;0;0;0;0;0;0;0;23;0;0;0;0;1;0;0;0;0;0;0;0;0;6;0;0;0;4;0;0;0;0;0;0;0;0;0;0;0;0;0;0;0;0;0;0;0;0;0;1;0;0;0;0;0;0;0;0;0;0;5;0;0;8;5;0;0;0;0;0;0;0;0;0;1;0;0;0;0;0;0;0;0;0;0;0;0;0;0;0;0;0;0;0;0;0;0;1;0;0;0;0;0;0;0;0;0;7;0;1;0;0;1;0;0;0;0;0;0;1;0;0;0;0;0;0;0;0;0;0;0;0;0;0;0;0;0;0;0;0;0;0;0;0;0;0;0;0;0;0;0;0;2;0;0;0;0;0;0;0;0;0
Rh-210;0;3;2;0;2;2;1;1;0;1;1;25;0;0;67;0;3;0;0;0;0;5;0;0;16;48;1;0;0;0;1;98;1;0;0;2;0;20;0;0;11;0;2;2;3;59;37;3;34;2;432;0;161;3;19;0;49;47;17;49;0;0;0;14;0;3;57;0;2;4;68;13;0;1;0;0;0;0;1;0;152;8;4;0;3;2;5;0;0;52;1;0;0;28;2;0;0;4;82;0;3;31;0;18;0;0;1;0;30;8;0;0;74;0;5;6;126;271;0;33;0;17;0;0;2;1;0;0;7;3;0;0;0;2;19;0;51;4;61;0;563;0;0;10;931;228;5;0;0;2;9;0;0;8;0;55;0;0;0;3;4;1;0;0;17;0;29;0;24;0;0;18;0;0;6;0;2;1;6;0;5;0;0;20;1;9;1;37;11;0;1;0;0;3;0;0;1;0;68;0;1;1;1;0;6;0;0;0;38;16;40;494;2;98;0;0;0;0;0;1;0;14;0;0;5;23;26;3;0;11;0;0;0;0;28;0;0;4;2;0;0;22;0;0;0;2;8;125;0;59;21207;89;226;0;0;2;0;78;4;0;9;1;0;0;1;0;9;0;0;0;0;4;0;0;1;0;0;0;57;48;53;53;0;0;708;1;4;2;0;5;0;31;0;2;6;3;17;0;0;0;6;9;19;0;4;0;1;0;8;0;12;0;24;0;3;2;0;725;0;164;231;44;27;238;6;0;0;0;0;1;0;2;12;1;52;0;0;8;3;0;0;0;4;1;0;0;3;7;71;11;0;1;0;1;2;0;0;0;0;32;0;0;0;0;8;1149;0;0;6;4;0;16;0;0;3;0;41;0;2;65;0;2;0;3;0;0;3;0;6;1;1;8;21;5;1;0;1;0;0;50;0;1;9;0;5;32;3;34;51;2;0;3;0;1;0;0;7;1;0
En-038;7;2;0;0;0;34;0;1;0;0;0;149;0;0;0;0;9;8;11;2;0;0;0;0;8;14;0;0;0;0;0;1;0;0;0;0;0;605;0;0;1;0;6;0;0;20;10;1;81;1;60;91;0;0;127;0;1;7;28;187;0;0;7;0;0;60;98;0;2;0;21;0;0;60;5;1;0;0;0;0;350;0;23;5;0;0;1;0;0;1;0;0;0;39;5;0;0;0;14;0;22;0;0;47;0;0;0;12;0;1;0;0;163;0;0;0;146;1681;1;0;0;2;4;16;0;0;0;0;10;7;0;0;0;0;1;0;14;1;0;0;3;0;0;21;25;0;0;0;0;0;14;1;0;0;0;150;0;2;38;0;0;0;0;13;217;0;21;0;24;0;0;0;0;3;0;18;0;0;10;0;0;0;0;72;0;0;0;38;14;0;2;0;0;14;0;0;18;0;9;0;0;0;0;0;0;1;0;0;12;0;0;388;0;8521;0;1;7;0;0;0;0;38;0;0;0;0;4;0;0;7;0;0;0;0;1;8;0;0;1;0;94;322;1;0;0;0;0;4;0;4;13796;44;2190;0;0;1;0;30;2;0;0;2;0;0;3;0;34;0;2;0;0;26;0;1;0;0;0;0;25;0;288;10;0;0;299;22;0;1;1;0;2;17;1;1;0;0;2;0;0;3;0;0;4;0;0;0;7;3;49;0;1;0;3;0;0;2;0;45;0;15;1728;263;1;1;1;0;0;3;0;0;0;15;0;0;1;1;0;21;0;10;0;0;0;0;0;5;0;0;0;15;0;1;0;0;23;7;0;0;2;0;0;0;1;0;541;160;37;0;1;6;0;0;0;0;0;0;927;0;0;87;0;0;1;0;14;0;64;0;7;0;0;3;2;0;0;0;0;0;0;0;1;0;0;0;0;1;0;1;29;29;0;1;0;0;2;0;21;3;0
Rh-206;0;0;5;1;0;0;3;2;0;6;2;29;0;0;192;0;1;0;0;1;0;3;0;0;12;33;1;0;0;0;4;39;2;0;0;2;1;31;0;0;10;0;1;0;0;61;39;10;28;2;110;0;31;0;6;0;122;28;13;77;0;0;0;11;0;5;51;0;1;4;268;12;0;0;0;0;3;0;1;0;173;3;7;0;3;1;26;0;0;13;2;0;0;20;0;0;0;1;138;0;0;18;0;57;0;0;0;0;4;11;0;0;56;0;2;7;151;550;0;50;0;17;1;2;2;1;0;0;0;1;0;0;0;1;21;0;75;2;35;0;361;0;4;9;745;26;12;0;0;5;3;0;0;8;0;44;0;0;0;1;3;0;1;0;15;0;12;0;16;0;0;29;0;0;7;0;2;0;14;0;9;1;0;20;4;2;6;57;18;0;0;0;0;3;0;0;1;0;3;0;4;0;1;0;8;0;0;0;87;1;38;1574;2;122;0;0;3;2;0;0;0;16;0;0;6;21;56;3;2;53;0;0;0;1;40;0;1;5;0;0;0;35;0;0;2;2;9;117;0;46;18458;92;138;1;0;2;0;44;3;0;10;3;1;0;3;0;13;0;2;0;0;4;1;0;0;0;0;0;44;2;58;100;0;0;431;0;9;6;0;4;0;24;1;2;0;0;12;0;0;0;6;2;12;0;0;0;2;0;22;0;5;1;16;0;2;3;3;779;0;78;98;135;20;313;8;0;0;0;0;0;0;1;17;0;37;0;0;2;1;0;0;0;6;2;0;1;2;3;128;17;0;0;1;1;3;2;0;4;2;14;0;3;0;0;7;1213;0;0;8;4;0;15;0;0;1;0;33;0;4;133;4;0;0;1;0;0;6;0;4;0;74;10;19;6;0;0;0;0;0;26;0;0;27;0;1;132;2;19;75;1;0;2;0;1;0;0;11;4;0
No-175;1;0;0;0;0;1;0;0;0;0;0;0;0;0;0;0;0;6;1;0;0;0;0;0;0;0;0;0;0;0;0;0;0;0;0;0;0;4;0;0;0;0;0;0;0;0;0;0;1;0;18;65;0;0;4;0;1;0;0;0;0;0;0;0;0;0;1;0;0;0;6;0;0;0;0;0;0;0;0;0;6;0;0;1;0;0;0;0;0;2;0;0;0;0;0;0;0;0;8;0;0;0;0;1;0;0;0;0;0;0;0;0;0;0;0;0;1;2;0;0;0;0;0;0;0;0;0;0;0;0;0;0;0;0;0;0;0;0;0;0;1;0;0;0;0;1;0;0;0;0;0;0;0;0;0;3;0;0;42;0;0;0;0;0;0;0;0;0;1;0;0;0;0;9;0;1;0;0;0;0;0;0;0;0;0;0;0;1;0;0;0;0;0;0;0;0;0;0;3;0;0;0;0;0;0;0;0;0;0;0;0;8;0;64708;0;0;0;0;0;0;0;0;0;0;0;0;0;0;0;1;0;0;0;0;0;0;0;0;0;0;0;1;0;0;0;0;0;0;0;0;779;0;24;0;0;0;0;1;0;0;0;0;0;0;0;0;4;0;0;0;0;0;0;0;0;0;0;0;0;0;7;0;0;0;35;0;0;0;0;0;0;0;0;0;0;0;0;0;0;0;0;0;0;0;0;0;0;0;2;0;0;0;1;0;0;0;0;2;0;1;46;5;0;0;0;0;0;0;0;0;0;0;0;0;0;0;0;0;0;0;0;0;0;0;0;1;0;0;5155;0;0;0;0;0;2;0;0;0;0;0;0;0;0;0;0;5;0;0;0;0;0;0;0;0;0;0;1;0;0;0;0;0;0;0;0;0;0;0;0;0;0;0;0;0;0;0;0;0;0;0;0;0;0;0;0;0;0;1;3;0;0;0;0;0;0;0;2;0;0
En-168;3;2;3;0;0;2;0;3;0;1;0;74;1;0;0;0;0;31;21;0;0;0;0;0;4;1;0;0;0;0;1;0;0;0;0;0;0;22;0;0;1;0;0;0;0;1;3;1;17;0;186;168;6;0;93;0;9;0;7;16;0;0;0;0;0;5;84;0;9;0;306;3;0;0;1;0;0;0;7;0;192;0;2;3;0;1;0;0;0;5;0;0;0;0;6;0;0;1;198;1;5;0;0;33;0;0;0;0;1;0;0;0;24;0;0;0;126;205;0;10;0;0;0;0;0;0;0;0;1;3;0;0;0;0;2;0;5;0;93;0;4;0;0;10;12;2;0;0;0;0;0;0;1;1;0;104;0;0;80;0;0;0;1;3;57;0;31;0;1;0;0;0;0;7;0;19;0;1;1;0;0;0;0;2;0;7;3;22;8;0;4;0;0;0;0;0;0;0;23;0;3;0;0;0;0;0;0;0;1;0;1;1012;0;24421;0;0;6;0;0;1;0;2;0;0;0;1;4;0;0;97;0;0;0;0;2;0;0;2;1;0;27;98;0;0;0;0;1;0;0;1;7102;18;883;0;0;0;0;31;0;0;0;6;0;0;3;0;52;0;44;0;0;3;0;1;0;0;0;0;3;1;38;6;0;0;1023;0;0;0;0;1;1;4;0;0;0;0;1;0;5;0;0;1;0;0;0;0;0;0;17;0;1;0;1;0;2;0;6;50;0;5;507;164;1;10;0;0;0;0;0;0;0;1;1;0;2;0;0;1;0;0;0;0;0;0;0;0;4;0;12;5;0;0;0;0;9;0;0;0;0;0;0;0;0;1;3;81;0;0;0;3;0;2;0;0;0;0;7;0;5;213;2;0;0;0;1;0;13;0;0;0;1;0;0;2;0;0;0;0;0;5;0;0;0;0;6;2;0;3;78;11;0;0;0;0;8;0;16;0;0
No-085;0;0;0;0;0;0;0;0;0;0;0;0;0;0;0;0;0;2;0;0;0;0;0;0;0;0;0;0;0;0;0;0;0;0;0;0;0;72;0;0;0;0;0;0;0;0;0;0;0;0;0;26;0;0;1;0;0;0;0;2;0;0;0;0;0;0;0;0;0;0;0;0;0;1;0;0;0;0;0;0;16;0;0;0;0;0;0;0;0;0;0;0;0;0;0;0;0;0;0;0;0;0;0;0;0;0;0;0;0;0;0;0;1;0;0;0;1;8;0;0;0;0;0;0;0;0;0;0;0;0;0;0;0;0;0;0;0;0;0;0;0;0;0;2;0;0;0;0;0;0;0;0;0;0;0;0;0;0;5;0;0;0;0;0;11;0;0;0;0;0;0;0;0;0;0;0;0;0;0;0;0;0;0;0;0;0;0;0;0;0;0;0;0;1;0;0;0;0;0;0;0;0;0;0;0;0;0;0;0;0;0;2;0;35012;0;0;0;0;0;0;0;0;0;0;0;0;0;0;0;0;0;0;0;0;0;0;0;0;0;0;1;4;0;0;0;0;0;0;0;0;253;0;20;0;0;0;0;0;0;0;0;0;0;0;0;0;10;0;0;0;0;0;0;0;0;0;0;0;0;0;5;0;0;0;4;5;0;0;0;0;0;1;0;0;0;0;0;0;0;0;0;0;0;0;0;0;0;0;0;0;0;0;0;0;0;0;0;0;0;0;15;10;0;0;0;0;0;0;0;0;0;0;0;0;0;0;0;0;0;0;0;0;0;0;0;0;0;0;0;0;0;0;0;0;0;0;0;0;0;0;0;0;0;0;6;2;2;0;0;1;0;0;0;0;0;0;3;0;0;0;0;0;0;0;0;0;2;0;0;0;0;0;0;0;0;0;0;0;0;0;0;0;0;0;0;0;0;0;0;0;0;0;0;0;0;0;0;0;0
En-182;5;0;7;0;0;15;1;4;0;0;12;49;0;0;0;0;0;20;23;0;0;0;0;0;7;1;0;0;0;0;1;1;2;0;0;0;0;6;0;0;2;0;0;0;0;3;1;0;30;4;869;86;10;0;195;0;18;3;4;27;0;0;1;0;0;3;467;0;4;0;822;4;0;7;1;0;1;0;1;0;316;0;11;2;0;0;13;0;0;2;0;0;0;0;11;0;0;0;494;3;3;2;0;23;0;0;0;0;0;0;0;0;50;0;0;1;174;391;0;3;0;0;6;1;0;0;0;0;0;1;0;0;1;0;0;0;14;0;99;0;3;0;0;20;15;1;0;0;0;0;10;0;0;0;0;206;14;1;29;0;0;0;0;3;42;0;44;0;0;0;0;0;0;202;0;11;0;0;2;2;1;2;0;18;0;0;0;49;9;0;5;0;0;0;0;0;0;0;376;2;2;0;0;1;0;0;0;0;6;2;0;1623;0;6240;1;0;8;0;0;6;0;36;0;0;0;0;1;0;2;115;0;0;0;0;1;0;0;0;2;0;50;236;0;0;0;1;0;1;31;3;13565;80;1185;0;0;0;0;60;0;0;0;8;0;0;5;0;135;0;0;0;0;5;0;0;0;0;0;0;4;0;237;4;0;0;1885;0;0;0;0;0;0;4;0;2;0;0;0;0;14;0;0;1;4;0;0;0;0;0;20;0;4;2;2;0;1;1;52;83;0;21;1092;750;3;17;2;0;1;0;1;0;0;3;1;0;3;2;0;50;0;0;0;0;5;0;0;0;2;0;768;6;0;0;0;0;5;0;0;0;0;0;0;0;0;0;6;482;0;0;0;3;0;1;0;0;0;0;9;0;5;180;3;1;1;0;1;0;11;0;0;0;22;1;0;0;0;0;0;0;0;2;3;0;0;0;0;8;0;3;204;9;1;3;0;0;1;1;100;0;2
En-200;0;0;2;0;0;3;0;6;0;2;0;15;0;0;2;0;0;21;15;0;0;0;0;0;0;0;0;0;0;0;0;0;1;0;0;0;0;3;0;0;0;0;0;0;0;1;1;0;9;0;7;101;0;0;16;0;13;0;5;3;0;0;0;0;0;0;71;0;2;0;292;1;0;2;0;0;1;0;0;0;42;0;4;2;0;0;5;0;0;1;0;0;0;1;2;0;0;0;46;2;1;0;0;28;0;0;1;0;0;0;0;0;17;0;0;0;50;72;0;2;0;0;0;0;0;0;0;0;0;0;0;0;0;0;1;0;0;0;44;0;2;0;0;0;25;0;0;0;0;0;0;0;0;1;0;26;0;0;84;0;0;0;0;0;8;0;0;0;0;0;0;1;0;7;0;14;0;1;0;0;2;0;0;1;1;1;0;8;1;0;0;0;0;0;0;0;0;0;30;0;0;1;0;0;0;0;0;0;2;0;1;294;0;23490;0;0;0;0;0;0;0;4;0;0;0;2;1;0;0;135;0;0;0;0;0;0;0;0;0;0;4;67;0;0;0;0;0;1;0;2;4280;13;193;0;0;0;0;6;1;0;0;2;0;0;0;0;5;0;1;0;0;3;0;0;0;0;0;0;1;0;42;0;0;0;593;0;0;0;0;0;1;0;0;0;0;0;4;0;0;0;0;1;2;0;0;0;0;0;4;0;1;0;2;0;4;0;4;40;0;4;320;86;0;3;0;0;0;0;0;0;0;0;0;0;0;0;0;1;1;0;0;0;0;0;0;0;0;0;18;1;0;0;0;0;6;0;0;0;0;0;0;0;0;0;0;82;0;0;0;0;0;4;0;0;0;0;10;0;2;188;1;0;0;0;0;0;23;0;0;0;1;1;0;0;0;0;0;0;0;1;0;0;11;0;0;6;0;1;45;4;0;1;0;0;1;0;3;0;0
Rh-189;1;4;3;2;1;2;0;0;0;3;1;23;0;0;67;0;0;0;0;0;0;8;0;1;16;65;0;0;0;0;1;88;1;0;0;7;1;23;0;1;10;0;0;1;2;83;50;9;35;8;1492;0;272;0;30;1;78;65;15;88;0;0;0;16;2;5;55;0;5;3;112;14;0;0;0;0;0;0;1;0;180;2;6;0;3;0;7;0;1;51;1;0;0;32;0;0;0;1;172;0;0;55;0;14;2;0;0;0;33;11;1;0;82;0;4;6;148;542;0;35;0;33;0;4;1;1;0;0;5;0;1;0;0;1;28;0;62;2;61;0;558;0;3;10;980;226;12;0;0;3;7;0;0;6;0;42;0;0;0;1;5;1;0;1;18;0;13;0;26;0;0;27;0;0;10;0;1;0;2;0;8;2;0;23;3;4;0;40;14;0;1;0;1;0;0;0;0;0;22;0;2;3;2;3;7;0;0;0;55;31;46;664;1;125;0;1;3;1;0;6;0;11;0;0;5;12;44;6;4;17;0;0;0;0;32;0;1;8;4;0;0;19;0;0;1;1;17;153;0;53;23203;120;214;1;0;7;0;79;5;0;7;6;0;0;0;0;16;0;0;0;0;3;0;1;0;0;0;0;49;19;43;71;0;0;688;0;2;6;0;3;0;40;0;1;1;0;13;0;0;1;14;3;7;0;1;0;1;1;36;0;10;40;20;0;2;5;7;826;0;100;158;119;29;305;9;0;0;0;0;0;0;2;17;2;41;1;0;6;6;0;0;0;6;0;0;3;3;11;122;17;0;2;1;1;8;0;0;0;2;38;0;0;0;0;10;1304;0;0;14;7;1;21;0;0;1;0;61;0;6;82;0;2;2;4;0;0;6;2;17;2;6;17;25;4;0;0;1;0;1;34;0;1;51;0;2;25;5;40;88;2;0;2;0;2;0;0;8;4;0
No-070;0;1;0;0;0;1;0;0;0;0;0;0;0;0;0;0;1;0;1;0;0;0;0;0;0;0;0;0;0;0;0;0;0;0;0;0;0;88;0;0;0;0;0;0;0;0;0;0;5;0;0;48;0;0;11;0;0;0;1;0;0;0;0;0;0;1;1;0;0;0;1;0;0;0;0;0;0;0;0;0;4;0;0;1;0;0;0;0;0;0;0;0;0;0;0;0;0;0;0;0;1;0;0;0;0;0;0;0;0;0;0;0;2;0;0;0;3;3;0;0;0;0;0;0;0;0;0;0;0;4;0;0;0;0;0;0;0;0;0;0;0;0;0;0;0;0;0;0;0;0;0;0;0;0;0;1;0;0;5;0;0;0;0;0;3;0;0;0;0;0;0;0;0;0;0;2;0;0;0;0;0;0;0;2;0;0;0;1;0;0;0;0;0;0;0;0;0;0;2;0;0;0;0;0;0;0;0;0;0;0;0;0;0;42070;0;0;0;0;0;0;0;0;0;0;0;0;0;0;0;0;0;0;0;0;0;1;0;0;0;0;0;0;0;0;0;0;0;0;0;1;680;0;32;0;0;0;0;0;0;0;0;0;0;0;0;0;0;0;0;0;0;8;0;0;0;0;0;0;0;0;26;0;0;0;1;1;0;0;0;0;0;0;0;0;0;0;0;0;0;0;0;0;0;0;0;0;0;0;0;0;0;1;0;0;0;0;0;0;0;0;24;3;0;0;0;0;0;0;0;0;0;9;0;0;0;0;0;0;0;0;0;0;0;0;0;0;0;0;0;0;0;0;0;0;0;0;0;0;0;0;0;0;0;0;4;2;0;0;0;0;0;0;0;0;0;0;2;0;0;0;0;0;0;0;0;0;1;0;0;0;0;0;0;0;0;0;0;0;0;0;0;0;0;0;0;0;0;0;0;0;0;0;0;0;0;0;0;0;0
En-076;3;2;0;0;0;24;0;0;0;0;0;92;0;0;0;0;17;6;16;0;0;0;1;0;17;19;0;0;0;0;0;1;0;0;0;0;0;882;0;0;0;0;0;2;0;31;10;2;88;1;71;92;0;0;240;0;2;13;16;155;1;0;4;0;0;107;119;0;1;0;24;0;0;33;10;0;0;0;0;0;1145;1;11;11;0;0;2;0;0;1;0;1;0;0;12;0;0;2;9;0;8;0;0;50;0;0;0;0;0;0;3;0;160;0;3;0;258;586;2;0;0;1;0;0;0;0;0;0;12;6;0;0;0;4;0;0;13;5;0;0;8;0;0;38;14;1;1;0;0;0;9;1;0;0;0;193;0;0;34;0;0;0;1;19;169;0;2;0;16;0;0;0;0;2;0;20;0;0;24;0;0;0;0;30;0;0;0;38;18;0;5;0;2;6;0;0;2;0;21;0;3;0;0;0;0;5;0;0;32;0;2;262;0;9434;0;0;7;0;0;1;0;14;0;0;0;0;11;0;0;40;3;0;0;0;1;5;0;0;0;0;159;392;2;0;0;0;0;2;0;4;17514;60;2968;0;0;3;0;52;10;0;0;2;0;0;0;0;39;0;16;0;1;77;0;2;0;0;0;0;27;0;411;18;0;0;255;35;0;1;4;0;0;26;2;2;0;0;1;0;0;6;0;2;6;0;0;0;7;4;25;0;4;19;3;0;0;0;8;66;0;29;2303;657;0;6;0;0;0;2;0;0;0;11;0;0;1;0;0;23;1;7;0;0;3;0;0;0;0;0;1;13;0;1;0;1;19;2;0;0;0;0;0;0;0;0;1307;170;53;0;1;12;0;0;0;0;0;0;1046;0;0;35;0;0;0;0;15;0;55;0;5;0;0;0;1;0;0;0;0;0;0;0;0;0;0;0;0;1;2;2;29;21;0;0;0;0;0;0;18;2;0
En-037;9;0;0;0;0;46;0;9;0;0;0;619;0;0;0;0;18;4;2;0;0;0;1;0;5;19;0;0;0;0;0;0;0;0;0;0;0;812;3;0;2;0;5;0;0;40;8;3;99;0;726;55;0;0;461;0;6;31;15;370;0;0;0;4;0;137;122;0;3;0;36;0;0;47;8;0;0;0;4;0;838;22;12;7;0;1;16;0;0;0;0;0;0;5;4;1;0;3;67;0;4;0;0;95;0;0;0;0;0;1;0;0;183;0;0;0;109;4405;0;1;0;0;7;54;0;0;0;0;6;8;0;0;0;0;3;1;49;2;2;0;18;0;0;36;30;0;0;0;0;0;31;2;0;0;0;158;0;0;20;0;0;0;0;36;168;1;25;0;16;0;0;0;0;7;0;14;0;0;1;0;0;21;0;108;0;0;0;24;32;0;0;0;2;4;0;0;1;0;20;0;1;0;0;0;0;1;0;0;50;0;0;892;0;11924;0;0;4;0;0;2;0;18;0;0;9;0;16;0;0;19;7;0;0;0;4;2;0;0;0;0;134;717;3;1;0;2;0;6;0;57;19876;156;4870;0;0;0;0;19;0;0;0;1;1;0;1;0;20;0;1;0;0;29;0;4;2;0;0;0;14;0;582;20;0;0;524;23;1;0;2;12;5;7;3;0;0;1;0;0;2;2;0;2;1;0;0;1;2;2;302;0;4;0;5;0;0;57;12;48;0;24;2177;454;1;13;1;0;0;1;0;0;0;17;0;0;5;3;0;31;0;8;3;0;0;1;0;7;0;1;1;15;0;1;0;0;23;1;0;0;2;2;2;0;0;1;797;288;63;0;3;6;0;2;0;0;0;0;1011;0;0;564;0;0;2;0;16;0;123;0;5;0;0;3;5;0;0;0;0;0;0;0;9;0;2;0;0;6;1;1;34;9;0;1;0;0;8;0;43;0;0
Rh-170;1;2;0;2;0;2;0;1;0;0;0;6;0;0;21;0;0;0;0;0;0;7;0;0;14;54;2;0;0;0;0;305;0;0;0;0;0;21;0;0;9;0;1;2;0;58;28;1;28;167;1660;0;675;3;57;0;28;151;10;49;0;0;0;13;0;11;37;0;1;1;85;10;0;0;0;0;1;0;0;0;255;1;0;0;2;0;1;0;0;140;2;0;1;18;2;0;0;2;484;0;0;38;0;6;0;0;0;0;52;11;0;3;87;0;3;4;93;725;0;18;0;33;0;2;0;1;0;1;6;2;0;1;0;0;24;0;29;1;29;0;341;0;1;4;574;900;3;0;1;0;9;0;0;4;1;65;0;0;0;3;2;0;1;3;9;0;22;1;8;0;0;11;0;1;8;0;1;0;2;0;2;0;0;16;1;0;0;29;9;0;0;0;1;0;0;0;0;0;32;1;8;2;0;0;1;0;0;0;20;339;24;353;3;86;0;0;1;0;1;0;0;2;0;0;3;8;29;3;1;52;0;0;0;1;15;0;0;2;4;0;0;7;0;0;0;0;11;107;0;28;18409;143;548;3;0;8;0;76;4;0;6;2;2;0;0;1;34;0;0;0;0;2;0;0;0;0;0;0;27;280;58;65;0;0;783;0;1;3;0;3;0;21;0;0;1;0;9;0;1;0;8;0;5;0;11;0;0;4;21;0;5;4;14;0;1;2;8;760;0;47;196;84;9;224;4;0;0;0;0;0;0;2;6;2;23;0;1;4;4;0;1;0;1;1;0;0;0;5;74;26;0;0;0;0;1;0;0;1;3;15;0;0;0;0;13;1035;0;0;6;3;3;9;0;0;2;0;36;0;1;38;1;1;1;1;0;1;8;1;5;1;0;3;11;6;1;0;1;0;1;17;1;0;5;0;2;6;0;24;58;0;0;2;0;1;0;0;5;2;0
En-003;13;1;0;0;0;57;0;1;0;0;0;105;0;0;0;0;5;0;14;0;0;0;0;0;2;5;0;0;0;0;0;0;0;0;0;0;0;528;2;0;1;0;3;0;0;0;1;2;12;0;38;106;0;0;100;0;2;4;4;68;0;0;1;1;0;37;44;0;3;0;54;0;0;15;2;0;0;0;0;0;294;0;4;5;0;0;4;0;0;0;0;0;0;0;1;0;0;5;1;0;8;0;0;36;0;0;0;0;0;1;0;0;74;0;11;0;69;988;1;0;0;0;4;30;0;0;0;0;1;9;0;0;0;0;1;0;1;0;0;0;6;0;0;13;8;0;0;0;0;0;6;0;0;0;0;80;0;0;0;0;0;0;0;7;32;0;6;0;4;0;0;1;0;62;0;37;0;0;5;0;0;0;0;34;0;0;0;5;2;0;3;0;0;2;0;0;4;0;5;0;0;0;0;0;0;2;0;0;7;0;0;506;0;27257;0;3;1;0;0;0;0;3;0;0;2;0;3;1;0;10;4;0;0;0;0;5;1;0;1;0;37;222;3;0;0;0;0;1;0;5;10435;48;1924;0;0;1;0;17;0;0;0;0;2;0;2;0;17;0;3;0;0;14;0;1;1;0;0;0;1;0;132;10;0;0;151;12;0;0;0;0;2;9;0;0;0;0;2;0;0;0;0;1;2;0;0;0;0;0;29;0;0;0;2;0;0;0;8;17;0;5;1516;258;1;3;0;0;0;0;0;0;0;24;0;0;0;0;0;25;0;0;0;0;1;0;0;1;0;0;0;1;0;0;0;0;18;2;0;0;0;0;1;0;0;0;230;62;41;0;0;0;0;1;0;0;0;0;443;0;0;196;0;0;0;0;4;0;33;0;2;0;0;3;1;0;0;0;0;0;0;0;1;0;6;0;0;2;0;1;9;30;0;1;0;0;0;0;16;1;0
En-163;2;0;36;0;1;3;0;4;0;13;0;95;0;0;0;0;0;29;21;0;0;0;0;0;6;2;0;0;0;0;1;1;2;1;0;3;0;4;0;0;1;0;1;0;0;0;7;0;10;3;3297;152;5;0;180;0;16;0;13;13;1;0;0;0;0;7;71;0;6;0;218;3;0;8;0;0;4;0;0;0;189;3;2;6;0;0;12;0;0;18;0;0;1;1;2;0;0;0;714;3;1;0;1;8;0;0;0;0;0;0;0;0;35;0;0;11;95;212;1;6;0;1;0;2;0;0;0;0;4;1;0;0;0;0;5;0;7;0;155;0;12;0;0;11;30;1;0;0;0;0;1;0;0;1;0;82;0;0;57;0;0;0;0;3;20;0;4;0;0;0;0;0;0;8;0;10;0;0;4;0;0;2;0;0;0;0;1;16;3;0;0;0;0;1;0;0;0;0;29;0;0;0;1;0;0;0;0;0;0;47;4;394;0;22192;1;0;2;0;0;0;0;3;0;0;0;0;0;0;0;104;0;0;0;0;1;3;9;0;4;0;12;80;0;0;0;0;0;1;0;3;5831;22;753;0;0;0;0;71;0;0;0;6;0;4;0;0;143;0;0;0;0;5;0;1;0;0;0;0;3;0;157;1;0;0;954;0;0;0;0;0;0;0;0;0;0;2;0;0;5;1;0;2;0;0;2;0;1;0;81;0;3;2;1;0;1;0;26;60;0;14;262;80;2;17;1;0;0;0;0;0;0;0;0;0;1;0;0;0;0;0;0;0;1;0;0;2;0;0;13;3;0;0;0;0;15;0;0;0;0;2;0;0;0;0;4;120;0;0;0;1;0;3;1;0;0;0;10;0;0;210;0;1;0;0;0;1;24;0;0;0;4;2;1;0;0;0;0;0;0;4;0;0;0;0;20;8;0;2;91;6;2;0;0;0;6;0;3;1;0
Rh-082;0;0;0;0;0;3;0;4;0;0;0;6;0;0;3;1;7;0;1;0;2;0;0;0;8;57;1;0;0;0;0;18;1;0;0;0;0;128;0;0;5;0;0;1;0;86;22;66;20;29;520;0;0;0;146;0;11;17;24;107;0;0;0;12;1;35;25;0;16;0;0;0;0;1;8;0;0;1;0;0;791;0;4;0;1;4;1;0;0;2;0;0;0;14;4;2;0;0;36;0;0;8;0;4;0;0;0;0;0;3;1;0;108;1;0;0;159;955;1;0;0;22;5;1;0;0;0;1;5;9;0;0;0;0;4;1;19;54;2;0;183;0;1;6;426;3;1;0;0;0;5;7;0;0;0;38;0;1;0;1;0;0;2;4;121;1;21;0;17;0;0;3;0;1;1;0;0;0;1;0;0;0;9;45;0;0;0;9;4;0;0;0;2;1;0;0;0;0;8;0;2;0;0;2;0;4;1;0;125;0;4;431;0;210;0;0;9;0;0;2;0;8;0;0;0;0;75;2;0;2;6;0;0;0;7;0;0;1;3;0;2;18;0;0;0;0;1;35;0;91;12403;186;1512;0;0;3;0;50;0;0;3;1;0;0;0;0;74;1;0;0;1;1;0;0;0;0;12;0;31;0;288;23;0;5;207;11;14;3;0;0;0;11;12;2;0;0;0;0;0;0;2;0;9;0;0;0;10;2;14;0;2;3;7;0;0;0;26;1008;0;17;136;212;0;33;3;0;0;2;0;0;0;7;2;0;18;0;0;10;0;2;1;0;1;8;1;1;0;0;3;7;1;0;0;2;4;0;0;1;7;5;5;0;1;0;364;975;3;0;2;25;0;0;0;0;1;0;47;0;0;12;0;0;3;0;4;0;16;0;2;2;0;0;13;3;0;0;0;0;0;1;7;4;7;0;0;2;3;3;13;1;0;2;0;0;0;0;7;1;0
Rh-156;0;1;1;0;1;2;1;0;0;0;0;7;0;0;47;0;0;1;1;1;0;5;0;0;21;44;1;0;0;0;1;115;0;0;0;5;0;12;0;0;7;0;0;1;1;95;35;6;28;14;1262;0;116;0;54;0;53;110;12;54;1;0;1;21;0;7;40;0;1;0;134;7;0;0;0;0;0;0;1;0;291;3;3;0;2;1;4;0;0;27;0;0;0;17;2;0;0;0;333;0;0;34;1;12;0;0;0;0;20;10;0;0;75;0;5;2;76;1076;0;12;0;24;0;0;2;0;0;0;11;0;1;0;0;2;11;0;34;1;30;0;292;0;0;10;439;123;8;0;0;0;1;0;0;1;1;52;0;0;0;1;3;0;2;2;24;0;7;0;12;0;0;16;0;2;9;0;1;0;3;0;12;0;0;14;1;2;2;37;25;0;0;0;0;0;0;0;0;0;10;0;5;2;0;1;7;0;0;0;46;35;34;1146;0;234;0;0;5;0;0;0;0;4;0;0;6;19;40;1;0;423;0;0;0;0;22;0;0;1;1;0;0;10;0;0;1;1;6;60;1;46;17023;114;658;0;0;13;0;42;1;0;4;0;1;0;6;0;58;0;0;0;0;0;0;0;0;0;0;0;32;35;73;64;0;1;706;0;7;2;0;0;0;26;0;0;3;1;17;0;0;1;16;2;5;0;1;0;1;3;30;0;5;0;11;0;0;4;6;772;0;45;228;94;10;183;6;0;0;0;0;0;0;2;10;1;29;0;0;12;4;1;0;0;4;0;0;2;4;6;156;17;0;1;1;0;3;1;0;5;3;25;0;1;0;0;17;1084;1;0;12;5;1;3;0;0;0;0;19;0;5;58;1;1;2;2;0;0;3;0;16;0;3;7;15;10;0;0;0;0;1;23;2;0;14;0;1;37;4;21;52;3;0;2;0;0;0;0;13;6;0
No-069;0;0;0;0;0;0;0;0;0;0;0;0;0;0;0;0;2;5;0;0;0;0;0;0;0;0;0;0;0;0;0;0;0;0;0;0;0;19;0;0;0;0;0;0;0;2;0;0;0;0;0;47;0;0;2;0;0;1;1;0;0;0;0;0;0;0;2;0;0;0;0;0;0;0;0;0;0;0;0;0;7;0;0;0;0;0;0;0;0;0;0;0;0;0;0;0;0;0;0;0;0;0;0;0;0;0;0;0;0;0;0;0;0;0;0;0;2;1;0;0;0;0;0;0;0;0;0;0;0;0;0;0;0;0;0;0;0;0;0;0;0;0;0;0;0;0;0;0;0;0;0;0;0;0;0;1;0;0;23;0;0;0;0;0;0;0;0;0;0;0;0;0;0;0;0;6;0;0;4;0;0;0;0;0;0;0;0;1;1;0;0;0;0;0;0;0;0;0;2;0;0;0;0;0;0;0;0;0;0;0;0;2;0;40566;0;0;0;0;0;0;0;0;0;0;0;0;1;0;0;0;0;0;0;0;0;0;0;0;0;0;0;4;0;0;0;0;0;0;0;0;572;0;16;0;0;0;0;0;0;0;0;0;0;0;0;0;0;0;0;0;0;0;0;0;0;0;0;0;0;0;2;0;0;0;0;1;0;0;0;0;0;0;0;0;0;0;0;0;0;0;0;0;0;0;0;0;0;0;0;0;0;0;0;0;0;0;0;2;0;0;21;8;0;0;0;0;0;0;0;0;0;0;0;0;0;0;0;0;0;0;0;0;0;0;0;0;0;0;0;0;0;0;0;0;0;0;0;0;0;0;0;0;0;0;6;3;3;0;0;0;0;0;0;0;0;0;3;0;0;0;0;0;0;0;0;0;0;0;0;0;0;0;0;0;0;0;0;0;0;0;0;0;0;0;0;0;0;0;0;1;0;0;0;0;0;0;0;0;0
En-005;4;1;0;0;0;21;0;1;0;0;0;84;0;0;0;0;26;1;4;0;1;0;0;0;5;17;0;0;2;0;0;0;4;0;0;0;0;700;0;0;2;1;2;2;0;41;4;8;44;0;54;51;0;0;135;0;10;15;6;163;0;0;0;2;0;102;127;0;1;0;14;0;0;114;3;0;0;0;0;0;553;0;24;0;0;0;1;2;0;1;0;1;0;4;4;0;0;0;6;0;6;0;0;70;0;0;1;0;0;2;1;0;205;0;8;0;229;1030;1;0;0;0;1;37;0;0;0;0;3;7;0;0;0;1;0;0;4;4;0;0;10;0;0;19;23;0;0;0;0;0;12;0;0;0;0;216;0;0;11;1;0;0;0;24;205;0;4;0;16;0;0;0;0;12;0;2;0;0;3;0;0;118;1;98;0;0;0;38;13;0;0;0;5;6;0;0;2;0;10;0;0;0;0;2;0;5;0;0;35;0;0;703;0;1851;0;0;5;0;0;0;0;19;0;0;0;0;33;0;0;25;4;0;0;0;3;0;1;2;3;0;200;621;0;0;0;0;0;6;0;17;18205;154;4832;0;0;6;0;52;2;0;0;0;1;0;3;0;63;0;22;0;1;6;0;4;0;0;0;0;14;0;216;16;0;0;377;57;2;0;2;1;0;50;1;2;0;0;3;0;0;2;0;0;4;0;0;0;4;0;52;0;1;104;7;0;0;3;3;53;1;21;2199;998;1;4;0;0;0;1;0;0;0;20;0;0;1;0;0;22;0;15;7;0;1;3;0;3;0;0;0;5;0;3;0;0;18;15;0;0;0;0;0;0;0;1;702;211;20;0;0;16;0;3;0;0;0;0;929;0;0;119;0;0;0;0;4;0;87;0;3;0;0;4;12;3;0;0;0;0;0;0;0;0;1;0;0;2;1;2;33;5;0;0;0;0;2;0;19;4;0
No-138;0;0;0;0;0;0;0;0;0;0;0;0;0;0;0;0;0;3;0;0;0;0;0;0;0;0;0;0;0;0;0;0;0;0;0;0;0;1;0;0;0;0;0;0;0;1;0;0;1;0;1;58;0;0;0;0;0;0;2;1;0;0;0;0;0;0;3;0;0;0;3;0;0;4;0;0;0;0;0;0;2;1;0;0;0;0;0;0;0;0;0;0;0;0;0;0;0;0;4;0;0;0;0;1;0;0;0;0;0;0;0;0;0;0;0;0;3;6;0;0;0;0;0;0;0;0;0;0;0;0;0;0;0;0;0;0;0;0;10;0;0;0;0;0;4;0;0;0;0;0;0;0;0;0;0;0;0;0;32;0;0;0;0;0;3;0;1;0;0;0;0;0;0;2;0;1;0;0;0;0;0;0;0;0;0;0;0;1;0;0;0;0;0;0;0;0;0;0;49;0;0;0;0;0;0;0;0;0;0;0;0;12;0;43396;0;0;0;0;0;1;0;1;0;0;0;0;0;0;0;1;0;0;0;0;0;0;0;0;0;0;0;6;0;0;0;0;0;0;0;0;787;3;25;0;0;0;0;1;0;0;0;0;0;0;0;0;0;0;0;0;0;0;0;0;0;0;0;0;0;0;8;0;0;0;43;0;0;0;0;0;0;0;0;0;0;0;0;0;0;0;0;0;0;0;0;0;0;0;0;0;0;0;0;0;1;0;0;10;0;0;36;2;0;0;0;0;0;0;0;0;0;0;0;0;0;0;0;1;0;0;0;0;0;0;0;0;0;0;1156;1;0;0;0;0;1;0;0;0;0;0;0;0;0;0;0;10;0;0;0;0;0;0;0;0;0;0;2;0;0;14;1;0;0;0;0;0;0;0;0;0;0;0;0;0;0;0;0;0;0;0;0;0;0;0;0;0;0;0;4;1;0;0;0;0;0;0;1;0;0
En-091;3;0;0;0;0;13;0;0;0;0;0;145;0;1;2;0;8;1;3;0;1;0;1;0;7;7;0;0;1;0;0;0;0;0;0;0;0;456;0;0;1;0;0;1;0;23;6;2;94;0;144;28;0;0;209;0;2;16;11;135;0;0;1;2;1;69;93;0;3;0;26;21;0;4;9;1;2;11;0;0;585;0;23;2;0;0;2;0;0;0;0;0;0;1;3;0;0;0;15;0;2;0;0;58;0;0;0;0;0;0;1;0;141;0;1;0;314;722;1;0;0;1;4;3;0;0;0;0;9;9;0;0;0;2;0;0;6;1;0;0;19;0;0;61;25;1;0;0;0;0;11;0;0;0;0;114;0;3;9;0;0;0;1;6;197;0;7;0;8;0;0;0;0;5;1;2;0;0;13;1;0;0;0;65;0;0;0;27;22;0;2;0;1;1;0;0;0;0;10;0;3;0;0;2;0;2;0;0;11;0;4;207;0;1611;0;0;2;0;0;0;0;24;0;0;0;0;21;0;0;8;1;0;0;0;3;1;0;0;0;0;43;222;0;0;0;0;0;2;0;14;12795;37;1198;0;0;6;0;31;3;0;0;0;0;1;4;0;34;0;3;0;0;67;0;2;2;0;1;0;20;0;554;1;0;2;213;30;0;3;0;0;1;22;1;5;0;0;0;0;1;1;0;1;8;0;0;0;14;1;15;0;7;2;3;0;0;1;4;42;0;26;1583;233;0;10;0;0;0;0;0;0;0;6;0;2;2;1;0;12;0;8;0;0;2;0;0;2;0;0;1;10;0;1;0;0;10;5;0;0;0;1;2;0;0;0;241;158;11;0;0;8;0;4;0;0;0;0;423;0;0;125;0;0;0;0;6;0;41;0;40;0;0;3;4;1;0;0;0;0;0;0;1;0;1;0;0;1;2;0;19;6;0;0;0;0;0;0;52;4;0
Rh-016;2;2;0;0;0;10;0;2;0;0;0;28;0;0;10;0;8;0;1;0;0;0;0;0;12;44;0;0;1;0;0;12;0;0;0;0;0;145;0;0;5;0;0;0;0;75;25;78;31;14;270;0;2;0;124;0;13;34;22;106;0;0;2;15;0;37;22;0;3;0;3;0;0;0;6;0;0;0;0;0;606;1;7;0;0;1;1;0;0;2;0;0;0;10;3;2;0;0;20;0;1;8;0;3;0;0;2;0;0;2;0;0;118;0;0;0;78;1087;1;0;0;21;15;3;1;1;0;1;3;5;0;0;0;0;2;1;29;33;0;0;135;0;0;3;353;1;0;0;0;0;2;3;0;0;0;63;0;0;1;1;0;0;2;8;121;1;17;0;22;0;0;2;0;3;3;0;2;0;2;0;0;2;4;27;0;0;0;12;11;0;0;0;2;0;0;0;1;0;1;0;3;0;0;1;0;0;1;0;141;4;3;472;0;298;0;0;3;0;4;0;0;12;0;0;1;0;162;0;0;14;2;0;1;0;4;1;0;0;6;0;6;40;0;0;0;2;0;38;0;76;12179;252;1175;0;0;2;0;47;0;0;1;2;0;0;0;0;430;1;0;0;0;0;1;0;0;0;32;0;16;0;235;44;0;1;163;5;21;4;3;0;0;19;3;0;1;1;0;0;0;0;1;0;4;0;0;0;9;3;32;0;5;3;2;0;0;1;9;847;0;19;163;244;0;38;2;0;0;2;0;0;0;11;1;3;12;0;0;16;0;3;2;0;0;8;0;1;0;0;0;20;0;0;1;1;4;0;0;0;11;7;4;0;0;0;332;905;15;0;11;11;0;0;0;0;0;0;48;0;0;15;0;0;1;0;2;0;4;0;6;3;0;1;17;3;0;0;0;0;0;0;1;0;5;0;0;6;2;0;16;0;0;1;0;1;0;0;27;3;0
Rh-066;0;4;0;0;0;8;0;4;0;0;0;28;0;0;5;0;26;1;1;0;0;0;0;0;8;66;1;2;0;0;0;36;0;0;0;0;0;144;0;1;8;0;4;5;0;98;44;85;32;44;598;0;3;0;449;0;25;19;26;113;0;0;2;14;2;43;30;0;34;0;1;0;0;0;20;0;0;0;0;0;1110;0;4;0;0;11;3;0;0;2;0;5;0;20;4;1;0;1;11;0;3;5;0;6;0;1;0;0;0;6;3;0;93;0;0;0;111;795;0;0;0;59;9;9;0;0;0;0;17;13;0;0;0;2;7;3;37;78;0;0;295;0;1;7;638;30;0;0;0;0;7;7;0;0;0;57;0;2;0;1;0;0;30;1;151;0;25;0;26;0;0;3;0;47;2;0;0;0;0;0;1;0;8;44;0;0;0;18;3;0;1;0;1;0;0;0;1;0;11;0;2;1;0;3;0;5;1;0;90;6;7;374;4;91;0;0;3;0;3;0;0;14;0;0;2;0;39;1;0;3;2;0;0;0;6;0;0;8;8;0;9;20;0;0;1;1;3;73;0;145;17930;242;1301;0;0;7;0;126;1;0;1;1;0;0;1;0;57;2;0;0;0;2;0;0;1;0;8;0;33;0;202;23;0;4;225;7;14;12;0;0;0;20;13;2;0;0;0;0;2;1;8;0;9;0;0;1;25;3;40;0;6;9;6;0;0;1;3;1784;0;33;132;182;0;31;7;1;0;7;0;1;0;4;1;2;15;0;0;8;0;8;1;0;3;26;1;1;0;1;1;17;0;1;5;4;14;0;0;3;20;11;6;0;0;1;381;1212;9;0;9;82;0;0;0;0;4;0;59;0;0;16;0;0;4;0;3;0;17;0;7;4;0;2;23;8;0;3;0;0;0;1;9;4;28;0;0;4;6;4;21;1;0;0;0;5;0;0;13;2;0
No-089;0;0;0;0;0;1;0;0;0;0;0;0;0;0;0;0;0;0;1;0;0;0;0;0;0;0;0;0;0;0;0;0;0;0;0;0;0;67;0;0;0;0;0;0;0;0;0;0;10;0;1;36;0;0;1;0;2;0;0;1;0;0;0;0;0;4;3;0;0;0;0;0;0;0;0;0;0;0;0;0;22;0;0;0;0;0;0;0;0;0;0;0;0;0;0;0;0;0;0;0;0;0;0;1;0;0;0;0;0;0;0;0;0;0;0;0;1;7;0;0;0;0;0;0;0;0;0;0;0;0;0;0;0;0;0;0;0;0;0;0;0;0;0;0;1;0;0;0;0;0;0;0;0;0;0;1;0;0;13;0;0;0;0;0;17;0;0;0;0;0;0;0;0;0;0;0;0;0;0;0;0;0;0;0;0;0;0;0;1;0;0;0;0;0;0;0;0;0;0;0;0;0;0;0;0;0;0;0;0;0;0;2;0;44385;0;0;0;0;0;0;0;0;0;0;0;0;0;0;0;0;0;0;0;0;0;0;0;0;0;0;0;0;0;0;0;0;0;0;0;0;826;0;26;0;0;0;0;1;0;0;0;0;0;0;0;0;6;0;0;0;0;2;0;0;0;0;0;0;0;0;4;0;0;0;1;0;0;0;0;0;0;0;0;0;0;0;0;0;0;0;0;0;0;0;0;0;0;0;0;0;0;0;0;0;0;0;0;3;0;0;12;9;0;0;0;0;0;0;0;0;0;3;0;0;0;0;0;0;0;0;0;0;0;0;0;0;0;0;0;0;0;0;0;0;0;0;0;0;0;0;0;0;0;0;4;6;0;0;0;1;0;0;0;0;0;0;0;0;0;0;0;0;0;0;0;0;0;0;0;0;0;0;0;0;0;0;0;0;0;0;0;0;0;0;0;0;0;0;0;0;0;0;0;0;0;0;0;0;0
Rh-126;0;3;0;0;1;1;1;1;0;1;2;13;0;0;48;0;1;0;0;0;0;5;0;0;7;47;0;0;0;0;0;82;0;0;0;1;0;15;0;0;7;0;0;0;0;82;46;5;31;0;37;0;43;0;5;0;41;42;11;35;0;0;0;14;0;0;34;0;0;3;42;7;0;0;1;0;4;0;0;0;124;4;6;0;1;0;2;0;0;24;0;0;0;30;0;0;0;0;26;0;0;45;0;14;1;0;0;0;6;4;0;0;50;0;1;7;120;295;0;19;0;16;0;0;0;0;0;0;4;0;0;0;0;1;16;0;47;7;86;0;407;0;1;6;818;48;7;0;0;1;8;0;0;7;0;26;0;0;0;4;2;0;1;0;13;0;19;1;9;0;0;18;0;3;5;0;0;0;5;0;7;0;0;18;2;6;4;40;12;0;0;0;0;1;0;1;1;0;11;0;3;1;2;2;6;0;0;0;50;1;44;525;2;79;0;0;1;0;0;12;0;23;0;0;1;28;19;1;1;2;0;0;0;0;19;0;0;3;0;0;0;21;0;0;0;0;7;73;0;35;16413;38;244;3;0;3;0;55;2;0;10;1;0;0;1;0;2;0;0;0;0;4;1;0;0;0;0;0;42;5;42;24;0;0;435;0;2;2;0;4;0;23;0;1;1;0;15;0;0;0;4;5;11;0;0;0;2;0;23;0;8;0;17;0;0;0;1;567;0;59;183;23;12;201;5;0;0;0;0;1;0;1;12;1;50;0;0;3;1;0;0;0;3;0;0;1;6;7;46;26;0;1;0;0;0;0;0;1;0;27;0;0;0;0;6;718;0;0;11;14;0;11;0;0;0;0;27;0;4;50;0;1;2;1;0;0;0;1;6;1;1;7;30;9;0;0;1;0;0;23;2;0;24;0;0;36;6;25;17;2;0;6;0;0;0;0;4;4;0
No-194;0;0;0;0;0;2;0;0;0;2;0;1;0;0;0;0;0;8;0;0;0;0;0;0;0;0;0;0;0;0;0;2;0;0;0;0;0;13;0;0;0;0;0;0;0;0;0;0;0;0;4;69;0;0;0;0;1;0;2;0;0;0;0;1;0;0;0;0;0;0;8;0;0;0;0;0;0;0;0;0;13;0;0;0;0;0;0;0;0;0;0;0;0;1;0;0;0;0;5;0;0;0;0;0;0;0;0;0;0;0;0;0;2;0;0;0;5;10;0;0;0;0;0;0;0;0;0;0;0;0;0;0;0;0;0;0;0;0;19;0;1;0;0;0;4;0;0;0;0;0;1;0;0;0;0;2;0;0;61;0;0;0;0;0;5;0;2;0;0;0;0;0;0;5;0;3;0;0;0;0;0;0;0;1;0;0;0;0;0;0;0;0;0;0;0;0;0;0;10;0;0;0;0;0;0;0;0;0;0;0;1;10;0;56588;0;0;0;0;0;0;0;0;0;0;0;0;0;1;0;1;0;0;0;0;0;0;0;0;0;0;0;7;0;0;0;0;0;1;0;0;1371;0;18;0;0;0;0;0;0;0;0;0;0;0;0;0;0;0;0;0;0;0;0;0;0;0;0;0;0;0;24;0;0;0;46;0;0;0;0;0;0;0;0;0;0;0;0;0;1;0;0;0;0;0;0;0;0;0;2;0;0;0;0;0;0;0;1;24;0;0;70;4;0;2;0;0;0;0;0;0;0;0;0;0;0;0;0;1;0;0;0;0;0;0;0;0;0;0;2707;0;0;0;0;0;1;0;0;0;0;0;0;0;0;0;0;10;0;0;0;0;0;0;0;0;0;0;0;0;0;27;1;0;0;0;0;0;1;0;0;0;0;0;0;0;0;0;0;0;0;0;0;0;0;0;0;0;0;0;7;1;0;0;0;0;0;0;8;0;0
En-199;3;0;1;0;0;7;1;0;0;2;0;48;0;0;3;0;1;26;16;0;0;0;0;0;4;1;0;0;0;0;1;0;2;0;0;0;0;8;0;0;2;0;0;0;0;0;5;1;32;0;18;231;0;0;23;0;7;0;5;22;0;0;1;0;0;1;159;0;8;1;247;31;0;6;1;0;1;0;1;0;105;2;13;3;0;0;13;0;0;1;0;0;0;1;1;0;0;0;53;4;4;0;0;30;0;0;0;0;0;0;0;0;19;0;0;3;108;182;0;10;0;1;0;0;0;0;0;0;0;5;0;0;0;0;0;0;1;0;78;0;4;0;0;4;28;0;0;0;0;1;1;0;0;1;0;55;0;0;104;0;0;0;0;0;42;0;23;0;1;0;0;1;0;5;0;25;0;0;7;0;0;0;0;3;0;3;0;21;10;0;4;0;0;0;0;0;0;0;203;0;0;0;0;1;0;0;0;0;5;0;2;315;0;20097;1;0;4;0;0;0;0;23;0;0;0;0;3;0;0;82;0;0;0;0;1;0;0;0;1;0;21;100;0;0;0;0;0;2;0;3;6170;17;547;0;0;1;0;34;0;0;0;3;0;0;2;0;17;0;3;0;0;0;0;1;1;0;0;0;3;0;120;9;0;0;959;1;0;0;0;0;0;5;0;0;1;0;2;0;0;0;0;1;1;0;0;0;0;0;15;0;1;0;2;0;3;0;6;89;0;2;735;64;1;9;0;0;0;0;0;0;0;1;0;0;2;0;0;8;0;0;0;0;0;0;0;0;2;0;22;7;0;0;0;0;9;0;0;0;0;0;0;0;0;0;1;146;0;0;0;2;0;6;1;0;0;0;14;0;2;122;1;0;0;0;2;0;3;0;0;0;7;2;0;0;0;0;0;0;0;3;1;0;0;0;0;3;0;8;104;9;1;0;0;0;0;0;3;0;0
Rh-154;0;0;0;1;0;2;1;0;0;1;0;6;0;0;27;0;0;0;0;0;0;1;0;0;6;14;0;0;0;0;1;74;0;0;0;0;0;14;0;0;3;0;0;3;0;46;14;8;21;14;894;0;174;0;47;0;23;87;2;31;0;0;0;7;0;3;28;0;0;0;130;4;0;0;0;0;0;0;0;0;94;1;2;0;2;1;2;0;0;280;1;0;0;12;1;1;0;0;212;0;0;12;0;3;0;0;0;0;20;6;0;0;29;0;2;1;46;551;0;8;0;11;0;32;0;2;0;0;0;0;0;0;0;1;12;0;25;1;7;0;183;0;1;0;273;133;2;0;0;0;0;0;0;2;0;34;0;0;0;0;5;0;0;0;12;0;13;0;4;0;1;8;0;0;2;0;0;0;3;0;5;7;0;7;3;2;1;25;7;0;0;0;0;1;0;0;0;0;56;0;2;0;1;0;1;0;0;0;16;26;20;451;1;60;0;0;0;0;0;2;0;3;0;0;1;8;13;1;0;24;0;0;0;0;8;0;0;1;0;0;0;2;0;0;0;0;4;52;0;27;10333;50;221;0;0;3;0;23;1;0;3;0;1;0;0;0;14;0;0;0;0;0;0;0;0;0;0;0;20;24;32;41;0;0;356;0;2;2;0;1;0;14;0;0;3;0;2;0;0;3;7;2;3;0;0;0;0;3;23;0;3;3;4;0;1;2;2;469;0;22;101;32;8;108;4;0;0;0;0;1;0;3;6;0;10;0;0;3;1;1;0;0;1;0;0;0;1;5;79;13;0;0;0;0;0;0;0;0;3;4;0;1;0;0;1;587;0;0;2;5;0;5;0;0;0;0;15;0;0;25;1;1;0;0;0;0;3;0;3;0;0;1;10;9;0;0;0;0;0;6;1;0;4;0;1;18;0;15;44;1;0;1;0;0;0;0;16;1;0
Rh-191;0;1;0;4;1;1;3;5;0;2;0;21;0;0;44;0;1;0;3;0;0;8;0;0;15;52;1;0;0;0;1;144;2;0;0;9;1;23;0;0;22;0;2;1;0;40;74;12;33;35;2456;0;178;1;41;5;134;49;13;69;0;0;0;23;1;12;76;0;0;3;84;5;0;0;0;0;1;0;1;0;125;4;1;0;8;1;6;2;0;200;3;0;0;43;0;0;0;0;131;0;0;30;0;22;0;0;0;0;65;13;0;3;95;0;7;2;166;407;0;35;4;24;0;2;2;3;0;1;4;1;1;0;0;1;37;0;82;2;19;0;751;0;5;16;935;497;13;0;0;3;8;0;0;10;0;43;0;0;0;0;9;1;0;0;28;1;17;1;24;0;0;32;0;0;13;0;1;2;4;0;3;0;0;17;10;2;1;46;28;0;0;0;0;0;0;0;0;0;92;0;2;6;5;0;2;0;0;0;34;42;45;513;5;163;0;0;5;1;0;3;0;3;0;0;4;17;65;12;1;16;0;0;0;0;51;0;0;6;5;0;0;27;0;0;3;0;17;186;0;65;25175;89;328;8;0;6;0;151;8;0;9;8;1;0;0;0;12;0;0;0;0;5;1;1;0;0;0;0;102;152;29;41;0;0;615;1;6;4;0;5;0;61;3;2;5;0;7;0;1;0;5;10;12;0;3;0;4;1;17;0;13;3;25;0;1;0;1;801;0;90;176;128;45;328;3;0;0;0;0;1;0;2;52;2;63;0;0;5;5;8;0;0;7;0;0;2;4;14;143;22;0;0;0;1;1;0;0;3;1;34;0;1;0;0;24;1411;0;0;7;3;2;14;0;0;3;0;82;0;4;101;7;4;1;13;1;0;2;2;7;3;5;13;33;14;0;0;0;0;1;40;0;0;36;0;7;13;1;29;67;1;0;3;0;4;0;0;13;3;0
En-166;2;2;6;0;0;23;1;7;0;4;0;24;1;0;0;0;0;22;16;0;0;0;0;0;5;3;0;0;0;0;0;1;1;0;0;3;0;46;0;0;2;0;0;0;0;4;4;1;60;4;1070;144;5;0;517;0;39;7;25;26;0;0;0;1;0;7;238;0;65;0;961;0;1;21;3;1;2;0;7;0;200;3;3;6;0;0;8;0;49;12;0;0;1;0;9;0;0;0;1424;0;10;0;3;28;0;0;0;0;3;1;0;0;50;0;1;12;174;477;2;8;0;0;1;73;0;0;0;0;10;0;0;0;0;0;1;0;1;0;27;0;8;0;0;9;16;6;0;0;0;0;3;0;0;4;0;259;0;1;64;2;0;0;0;12;38;0;60;0;0;0;0;0;0;4;0;31;0;0;3;0;0;77;0;4;2;6;39;27;16;0;2;0;0;0;0;0;0;0;358;2;4;0;0;0;0;0;0;0;2;3;4;1067;0;9958;3;0;1;0;0;4;0;11;0;0;0;0;2;1;0;56;0;0;0;0;3;1;0;1;0;0;52;196;0;0;0;1;0;1;0;5;15155;21;1121;0;0;0;0;85;1;0;1;13;0;0;1;0;35;0;2;0;0;2;0;3;0;0;0;0;3;1;170;6;0;0;1556;0;0;0;0;0;0;6;1;5;0;0;3;0;1;0;0;33;5;0;0;0;0;0;26;0;3;0;6;0;7;0;106;84;2;14;1431;126;4;31;0;0;2;0;0;0;0;0;0;0;3;0;0;16;1;0;0;0;0;0;0;0;1;1;31;8;0;0;0;0;21;0;0;0;0;0;0;0;0;0;9;207;0;0;0;0;0;12;1;0;0;0;17;0;7;514;6;0;0;0;2;1;55;0;0;0;5;3;1;0;0;0;0;0;0;3;0;0;1;0;1;4;5;2;59;23;0;0;0;0;4;0;4;1;1
Rh-155;0;2;1;1;3;0;0;1;0;1;0;14;0;0;27;0;0;0;0;0;0;6;0;0;21;53;0;0;0;0;0;126;0;0;0;5;0;12;0;0;4;0;2;1;1;47;31;4;43;21;1997;0;153;0;274;0;54;71;12;79;0;0;0;21;1;10;64;0;3;0;97;6;0;0;1;0;2;0;0;0;326;2;10;1;2;0;2;0;0;67;2;1;0;28;2;0;0;0;242;0;0;27;1;7;0;0;0;0;34;10;0;0;100;1;3;3;121;1091;3;13;0;25;0;0;1;3;0;0;11;1;0;0;0;1;22;0;32;6;37;0;394;0;4;12;504;295;5;0;0;0;2;0;0;2;0;66;0;0;0;4;3;0;10;3;25;1;15;0;13;0;0;26;0;0;11;1;2;0;3;0;8;1;0;19;2;8;0;32;23;0;1;0;0;0;0;0;0;0;52;0;7;2;1;0;2;0;0;0;10;52;34;498;1;865;0;0;0;1;0;1;0;15;0;0;0;6;37;3;0;22;0;0;0;0;28;0;0;6;11;0;0;10;0;0;1;1;5;85;0;53;22020;58;925;6;0;17;0;68;3;0;6;7;2;0;3;0;20;1;0;1;0;0;0;0;0;0;0;0;36;94;116;36;0;0;747;1;6;7;0;1;0;39;0;0;2;1;10;0;0;0;11;8;5;0;0;0;0;4;35;0;14;3;16;0;0;1;5;825;0;53;292;88;19;208;7;0;0;0;0;0;0;3;17;0;41;0;0;2;1;2;2;0;2;0;0;1;1;12;151;35;0;0;3;0;3;2;0;3;3;25;0;1;0;0;8;1143;0;0;6;10;0;7;0;0;0;0;37;0;3;53;0;0;0;4;1;1;12;0;14;0;0;10;20;12;0;0;0;0;1;27;1;0;22;0;0;8;3;25;74;1;0;1;0;2;0;0;15;5;0
En-184;2;0;0;0;0;14;0;8;0;2;0;12;0;0;0;0;0;26;15;0;0;0;0;0;1;0;0;0;0;0;5;0;4;0;0;0;0;13;0;0;0;0;1;0;0;4;1;0;8;0;63;158;2;0;98;0;14;3;15;6;0;0;0;0;0;2;178;0;12;2;267;1;0;0;1;0;0;0;0;0;119;0;0;3;1;0;9;1;0;2;0;0;1;0;2;0;0;0;483;3;1;0;0;7;0;0;0;0;0;0;0;0;19;0;0;2;96;318;0;4;0;0;0;0;0;0;0;0;0;1;0;0;0;0;0;0;1;1;69;0;10;0;0;3;31;1;0;0;0;0;10;0;0;2;0;120;0;0;80;0;0;0;0;5;12;0;22;0;0;0;0;2;0;3;0;21;0;0;0;0;0;0;0;7;1;2;1;27;6;0;0;0;0;1;0;0;0;0;318;2;1;0;0;0;1;1;0;0;2;1;3;457;0;13016;0;0;1;0;0;0;0;0;0;0;0;0;4;0;0;19;0;0;0;0;5;2;0;1;0;0;11;120;0;0;0;1;0;2;0;4;7346;42;540;0;0;0;0;30;0;0;0;9;0;0;6;0;10;0;0;0;0;3;0;0;0;0;0;0;3;1;221;3;0;0;1101;0;0;0;0;0;1;4;0;0;1;1;0;0;0;0;0;3;1;0;0;0;0;0;23;0;4;1;0;0;2;0;63;66;0;5;1001;194;0;12;0;0;0;0;0;0;0;2;0;0;1;1;0;29;1;0;0;0;0;0;0;0;1;0;22;5;0;0;0;0;14;0;0;0;0;0;0;0;0;0;40;104;0;0;1;1;0;1;0;0;0;0;7;0;2;427;8;1;1;0;1;0;42;0;0;0;4;2;1;0;0;0;0;0;0;1;0;0;1;0;0;3;0;2;87;5;0;0;0;0;12;0;22;0;2
En-041;4;0;0;0;0;32;0;1;0;0;0;186;0;0;1;0;11;2;2;0;0;0;0;0;2;13;0;0;0;0;0;1;0;0;0;0;0;794;0;0;5;0;6;0;0;22;4;0;45;0;66;34;0;0;97;0;4;7;6;153;0;0;1;0;0;81;70;0;3;0;6;0;0;21;7;1;0;0;0;0;378;0;39;2;0;0;0;0;0;0;0;0;0;89;10;0;0;6;5;0;3;0;0;104;0;0;1;0;0;1;1;0;187;0;1;0;238;841;0;0;0;0;0;1;0;0;0;0;8;5;0;0;0;0;2;0;28;2;0;0;2;0;0;40;12;0;0;0;0;0;10;0;0;0;0;185;0;0;3;0;0;0;0;7;255;0;5;0;14;0;0;1;0;8;0;2;0;0;2;0;0;0;0;104;0;0;0;32;18;0;1;0;0;26;0;0;0;0;5;0;0;0;2;2;0;5;0;0;19;0;0;450;0;1169;0;0;1;0;0;24;0;31;0;0;0;0;6;0;0;95;2;0;0;0;0;0;0;0;0;0;64;274;0;0;0;0;0;3;0;6;13381;50;1519;0;0;3;0;46;6;0;0;1;0;0;3;0;29;0;2;0;2;80;0;1;1;0;0;0;26;0;182;16;0;0;197;35;0;2;1;1;1;14;1;0;0;0;0;0;1;3;0;2;5;0;0;0;13;0;14;0;1;0;0;0;0;1;0;79;0;14;1825;282;57;1;0;0;0;0;0;0;0;11;0;0;0;0;0;39;0;11;1;0;0;1;0;2;0;0;0;10;0;3;1;1;13;5;0;0;0;1;1;0;0;0;632;107;37;0;1;2;0;4;0;0;0;0;605;0;0;80;0;0;3;0;3;0;94;0;10;0;0;1;8;0;0;0;0;0;0;0;0;0;1;0;0;1;0;0;28;6;0;2;0;0;0;0;23;1;0
En-077;7;1;0;0;0;56;0;0;0;23;0;120;0;0;0;7;12;0;20;0;0;0;0;0;3;26;0;0;0;0;0;0;0;0;0;0;0;762;0;0;3;0;1;1;0;25;11;1;39;0;48;154;0;0;425;0;5;14;20;217;0;0;2;0;0;133;92;0;3;0;5;0;0;83;5;0;1;0;0;0;480;0;32;5;0;0;2;5;55;0;0;0;0;0;7;0;0;10;8;0;21;0;0;52;0;0;0;1;0;0;1;0;187;0;1;0;230;1107;0;0;0;1;1;30;0;0;0;0;10;13;0;1;0;0;0;0;23;0;0;0;5;0;0;27;17;0;0;0;0;0;10;4;0;0;0;186;0;1;1;0;0;0;0;18;336;0;5;0;26;0;0;0;0;4;1;17;0;0;8;0;0;1;0;67;0;0;0;42;17;0;1;0;1;1;0;0;4;0;10;0;1;0;0;2;0;5;0;0;8;0;0;734;0;11097;0;0;0;0;0;0;0;19;0;0;0;0;11;0;0;15;5;0;0;0;1;2;0;0;1;0;117;253;0;0;0;2;0;3;0;10;16342;69;2218;1;0;1;0;45;1;0;0;3;1;0;1;0;30;0;1;0;1;81;0;1;0;0;0;0;38;0;223;10;0;0;268;30;0;6;3;0;0;23;0;1;0;0;0;0;0;9;0;4;9;0;0;0;14;2;31;0;3;25;3;0;0;3;1;65;0;40;1513;694;0;5;1;0;0;3;0;0;0;29;1;0;1;18;0;11;1;13;4;0;0;4;0;4;0;0;0;10;0;1;0;1;16;9;0;2;0;0;0;0;0;0;962;191;102;0;1;6;0;2;0;0;1;0;1013;0;0;49;0;0;1;0;32;0;58;0;5;0;0;2;14;1;0;0;0;0;0;1;0;0;0;0;0;3;4;1;32;25;0;3;0;0;0;0;32;3;0
No-159;0;0;0;0;0;0;0;0;0;0;0;0;0;0;0;0;0;2;2;0;0;0;0;0;0;0;0;0;0;0;0;0;1;0;0;0;0;1;0;0;0;0;0;0;0;0;0;0;2;0;0;56;0;0;0;0;1;0;0;0;0;0;0;0;0;0;7;0;0;0;1;0;0;0;0;0;0;0;0;0;1;0;0;0;0;0;0;0;0;0;0;0;0;0;0;0;0;0;2;0;0;0;0;0;0;0;0;0;0;0;0;0;1;0;0;0;1;1;0;0;0;0;0;0;0;0;0;0;0;0;0;0;0;0;0;0;0;0;2;0;0;0;0;0;2;0;1;0;0;0;0;0;0;0;0;1;0;0;31;0;0;0;0;0;2;0;0;0;0;0;0;0;0;0;0;4;0;0;0;0;0;0;0;0;0;1;0;0;0;0;0;0;0;0;0;0;0;0;0;0;0;0;0;0;1;0;0;0;0;0;0;2;0;51361;0;0;0;0;0;0;0;0;0;0;0;0;0;0;0;2;0;0;0;0;1;0;0;0;0;0;0;2;0;0;0;0;0;0;0;0;784;1;8;0;0;0;0;1;0;0;0;0;0;0;0;0;0;0;0;0;0;0;0;0;0;0;0;0;0;0;3;0;0;0;20;0;0;0;0;0;0;0;0;0;0;0;0;0;0;0;0;0;0;0;0;0;0;0;1;0;0;0;0;0;1;0;1;6;0;0;23;2;0;1;0;0;0;0;0;0;0;0;0;0;1;0;0;0;0;0;0;0;0;0;0;2;0;0;4;0;0;0;0;0;0;0;0;0;0;0;0;0;0;0;0;8;0;0;0;0;0;0;1;0;0;0;0;0;0;13;0;0;0;0;0;0;1;0;0;0;0;0;0;0;0;0;0;0;0;0;0;0;0;0;0;0;0;0;6;1;0;0;0;0;1;0;0;0;0
En-146;4;1;14;0;0;6;1;3;0;5;8;57;0;0;0;0;0;17;28;0;0;0;0;0;8;5;0;0;0;0;0;2;2;0;0;0;0;13;0;2;2;0;0;0;0;5;2;0;25;6;879;174;11;0;109;0;28;1;5;5;1;0;0;0;0;4;312;0;7;0;152;1;0;1;1;0;0;0;5;0;198;3;4;4;1;0;7;0;0;3;0;3;0;2;9;0;0;0;126;3;3;0;2;49;0;0;0;0;0;0;0;0;59;0;0;5;140;215;0;10;0;0;0;1;0;0;0;0;5;1;0;0;0;0;3;0;0;0;221;0;12;0;0;10;40;8;0;0;0;0;13;0;0;0;0;90;0;1;40;0;0;0;0;2;46;0;31;0;0;0;0;0;0;6;0;48;0;1;8;0;0;1;0;25;1;40;1;33;14;0;2;0;0;1;0;0;1;0;21;2;1;0;0;0;0;0;0;0;4;0;5;761;0;13786;1;0;0;0;0;15;0;11;0;0;1;0;2;1;0;83;0;0;0;0;1;0;0;0;0;0;21;211;0;0;0;1;2;4;0;6;9569;20;1256;0;0;0;0;95;1;0;0;21;0;0;1;0;29;0;2;0;0;3;0;3;1;0;0;0;2;1;61;5;0;0;2128;0;0;0;0;0;2;9;1;0;0;0;3;0;6;0;0;7;2;0;1;0;0;0;26;0;0;1;1;0;4;0;6;105;0;7;1709;147;1;26;0;0;0;0;0;0;0;1;0;0;4;0;0;8;1;0;0;0;0;0;0;2;5;0;14504;9;0;0;0;0;1;3;0;0;0;2;0;0;0;0;44;139;0;0;0;0;0;14;1;0;0;0;16;0;3;824;3;0;0;0;0;1;12;0;2;0;5;2;1;0;0;0;0;0;0;7;4;0;4;0;0;1;1;7;78;26;0;0;0;0;9;0;22;3;0
En-114;0;0;0;0;0;7;15;2;0;4;7;22;0;0;1;0;1;38;17;0;0;0;0;0;3;0;0;0;0;0;0;1;2;0;0;0;0;9;0;0;2;0;0;0;0;3;1;1;36;0;22;234;2;0;15;0;12;4;18;11;0;0;0;0;0;0;235;0;4;0;148;3;0;64;1;0;2;0;0;0;186;0;12;9;0;0;0;0;0;2;0;0;0;0;16;0;0;0;45;6;10;0;2;19;0;0;0;0;0;0;0;0;39;0;0;2;242;199;0;6;0;0;0;0;0;0;0;0;0;0;0;0;0;0;3;0;2;0;234;0;7;0;0;13;49;0;0;0;0;0;8;0;0;7;0;68;0;0;152;0;0;0;0;1;35;0;24;0;1;0;0;0;0;13;0;26;0;0;8;0;0;0;0;8;1;8;2;27;15;0;0;0;0;0;0;0;0;0;166;1;0;0;2;0;0;0;0;0;15;0;4;509;0;28770;2;0;1;0;0;0;0;52;0;0;0;1;2;1;0;23;0;0;0;0;0;0;0;0;0;0;19;169;0;0;0;0;0;2;0;2;8545;11;866;0;0;0;0;51;1;0;1;6;0;0;0;0;14;0;0;0;0;2;0;2;0;0;0;0;3;0;92;2;0;0;1380;0;1;0;0;0;0;5;0;0;0;0;2;0;0;0;0;4;1;0;0;0;0;0;13;0;2;0;1;0;6;0;2;121;0;9;736;59;1;6;4;0;0;0;0;0;0;1;0;0;2;0;0;7;1;0;0;0;0;0;0;0;0;0;23;9;0;0;0;0;9;5;0;0;0;0;0;0;0;0;5;157;0;0;5;3;0;11;0;0;0;1;3;0;4;196;5;0;0;0;1;0;6;0;1;0;1;1;1;0;0;0;0;0;0;4;1;0;11;0;3;1;0;2;79;13;2;0;0;0;5;0;4;0;0
Rh-171;0;1;1;2;2;3;0;2;0;0;0;19;0;0;36;0;0;0;1;0;0;10;0;0;14;55;1;0;0;0;0;110;0;0;0;0;1;14;0;0;6;1;2;0;1;85;36;2;24;39;1024;0;267;0;109;0;71;150;16;57;0;0;0;29;0;5;67;0;0;3;87;10;0;0;0;0;2;0;0;0;214;4;2;1;1;2;5;0;2;100;5;0;0;41;0;0;0;0;396;1;0;45;2;16;0;0;0;0;43;4;0;0;71;0;7;0;109;847;0;17;0;36;0;4;0;1;0;0;7;2;0;0;0;0;23;0;21;2;28;0;537;0;1;6;527;363;13;0;0;0;10;0;0;3;0;43;0;0;0;4;4;0;1;2;18;0;6;0;18;0;0;23;0;2;10;0;0;0;6;0;4;3;0;22;3;4;1;35;25;0;0;0;0;0;0;0;0;0;25;0;5;3;2;0;2;0;0;0;17;42;37;417;2;110;0;0;1;0;1;4;0;4;0;0;2;15;33;3;2;63;0;0;0;0;39;0;0;2;0;0;0;15;0;0;4;0;15;92;0;72;20767;62;702;0;0;9;0;76;6;0;8;4;3;0;2;0;23;3;0;0;0;1;0;0;0;0;0;0;41;90;309;38;0;0;704;1;6;3;0;2;1;26;2;0;3;3;9;0;1;1;12;5;4;0;2;0;3;3;37;0;15;2;12;0;2;1;2;897;0;51;275;39;18;209;3;0;0;0;0;2;0;3;23;1;46;1;0;3;2;1;0;0;6;1;0;0;1;4;137;26;0;2;1;0;5;0;0;3;1;31;0;0;0;0;7;1108;0;0;6;3;2;6;0;0;1;0;36;0;2;61;1;2;0;6;0;0;8;2;12;2;3;7;19;19;0;0;0;0;1;14;2;0;22;0;0;3;0;31;40;1;1;3;0;2;0;0;15;1;1
No-162;0;0;1;0;0;0;0;0;0;0;0;2;0;0;0;0;0;9;0;0;0;1;0;0;0;0;0;0;0;0;0;0;0;0;0;0;0;0;0;0;0;0;0;0;0;0;0;0;0;0;7;66;0;0;1;0;1;0;4;0;0;0;0;0;0;0;1;0;1;0;0;0;0;0;0;0;0;0;0;0;8;0;0;0;0;0;0;0;0;0;0;0;0;0;0;0;0;0;0;0;0;0;0;1;0;0;0;0;0;0;0;0;1;0;0;0;6;6;0;0;0;0;0;0;0;0;0;0;0;0;0;0;0;0;0;0;0;0;0;0;0;0;0;0;2;0;0;0;0;0;0;0;0;0;0;1;0;0;45;0;0;0;0;0;1;0;1;0;0;0;0;0;0;1;0;2;0;0;0;0;0;0;0;0;0;0;0;1;0;0;0;0;0;0;0;0;0;0;0;0;0;0;0;0;0;0;0;0;0;0;0;4;0;75218;0;0;0;0;0;0;0;0;0;0;0;0;0;0;0;8;0;0;0;0;0;0;0;0;0;0;0;0;0;0;0;0;0;1;0;0;842;0;4;0;0;0;0;1;0;0;0;0;0;0;0;0;0;0;0;0;0;0;0;0;0;0;0;0;0;0;1;0;0;0;14;0;0;0;0;0;0;0;0;0;0;0;0;0;0;0;0;0;0;0;0;0;0;0;0;0;0;0;0;0;0;0;0;10;0;0;40;0;0;5;0;0;0;0;0;0;0;0;0;0;0;0;0;0;0;0;0;0;0;0;0;0;0;0;2;0;0;0;0;0;0;0;0;0;0;0;0;0;0;0;0;3;0;0;0;0;0;0;1;0;0;0;1;0;0;8;0;0;0;0;0;0;0;0;0;0;0;0;0;0;0;0;0;0;0;0;0;0;0;0;0;0;0;0;5;0;0;0;0;0;0;0;5;0;0
Rh-169;0;3;1;1;2;4;2;2;0;0;2;17;0;0;5;0;1;0;0;0;0;3;0;0;14;48;0;0;0;0;1;903;0;0;0;0;0;38;0;0;11;0;0;0;0;34;27;2;26;203;3149;0;709;14;114;1;49;129;8;43;0;1;0;8;0;24;23;0;3;1;57;10;0;0;0;0;0;0;0;0;240;5;2;0;6;0;2;0;0;662;2;0;1;22;0;1;0;2;534;1;1;34;0;18;4;0;0;0;94;5;0;8;143;0;3;3;87;538;0;24;0;30;2;1;2;1;0;0;9;1;5;1;0;0;33;0;39;1;22;0;415;0;0;3;584;4058;8;0;1;0;1;0;3;4;0;127;0;0;0;4;3;7;1;1;10;0;5;0;10;0;0;11;0;6;7;0;0;0;2;0;8;0;0;17;4;3;2;41;6;0;0;0;0;0;0;0;0;0;21;0;7;1;0;0;1;0;0;0;17;836;21;475;1;549;0;1;1;0;0;0;0;3;0;0;1;7;35;2;2;26;0;0;0;0;19;0;0;6;5;1;0;4;0;0;1;0;7;81;0;44;21059;169;413;1;0;7;0;73;7;0;4;0;31;0;1;1;1629;0;1;0;0;1;0;1;0;0;0;0;40;667;223;73;0;0;632;2;2;5;0;1;0;32;0;1;3;2;8;0;0;0;2;2;11;0;17;0;3;2;44;0;10;12;7;0;0;2;13;889;0;54;73;99;17;208;4;0;0;0;0;0;0;2;12;2;31;2;0;5;1;0;0;0;6;0;0;2;0;3;65;18;0;1;1;0;3;0;0;0;1;20;0;3;0;0;11;1045;0;0;9;2;1;5;0;0;0;0;26;0;2;47;0;2;0;0;0;1;2;1;10;0;2;3;16;7;1;0;0;0;0;18;1;0;0;0;8;18;1;23;45;0;0;2;0;0;0;0;17;2;0
No-176;0;0;0;0;0;0;0;0;0;0;0;0;0;0;0;0;0;7;0;0;0;0;0;0;0;0;0;0;0;0;0;0;0;0;0;0;0;0;0;0;0;0;0;0;0;0;0;0;0;0;19;59;0;0;2;0;0;0;1;0;0;0;0;0;0;0;5;0;0;0;0;0;0;0;0;0;0;0;0;0;2;0;0;0;0;0;0;0;0;0;0;0;0;0;0;0;0;0;5;0;0;0;0;0;0;0;0;0;0;0;0;0;0;0;0;0;3;2;0;1;0;0;0;0;0;0;0;0;0;0;0;0;0;0;0;0;0;0;1;0;0;0;0;0;0;0;0;0;0;0;0;0;0;0;0;1;0;0;34;0;0;0;0;0;1;0;0;0;0;0;0;0;0;0;0;1;0;0;0;0;0;0;0;0;0;0;0;0;0;0;0;0;0;0;0;0;0;0;0;0;0;0;0;0;0;0;0;0;0;0;0;2;0;58757;0;0;0;0;0;0;0;0;0;0;0;0;0;0;0;0;0;0;0;0;0;0;0;0;0;0;0;1;0;0;0;0;0;0;0;0;4283;0;9;0;0;0;0;0;0;0;0;0;0;0;0;0;2;0;0;0;0;0;0;0;0;0;0;0;0;0;1;0;0;0;21;0;0;0;0;0;0;0;0;0;0;0;0;0;0;0;0;1;0;0;0;0;0;0;0;0;0;0;0;0;0;0;1;3;0;1;7;0;0;1;0;0;0;0;0;0;0;0;0;0;0;0;0;0;0;0;0;0;0;0;0;0;0;0;2;0;0;0;0;0;0;0;0;0;0;0;0;0;0;0;0;7;0;0;0;0;0;0;0;0;0;0;0;0;0;3;0;0;0;0;0;0;0;0;0;0;0;0;0;0;0;0;0;0;0;0;0;0;0;0;0;0;0;0;2;1;0;0;0;0;0;0;0;0;0
En-040;4;4;0;0;0;47;0;19;0;0;0;328;0;1;0;0;16;5;7;0;0;0;0;0;3;10;0;0;0;0;0;1;0;0;0;0;0;357;0;0;0;0;5;1;0;32;9;1;44;0;94;117;0;0;284;0;0;14;12;178;0;0;2;3;1;51;87;0;4;0;28;1;0;0;4;1;0;0;0;0;259;1;24;5;0;0;10;0;0;0;0;0;0;0;2;0;0;5;3;0;8;0;0;131;0;0;0;0;0;0;1;0;83;0;0;0;156;1315;0;1;0;2;4;1;0;0;0;0;44;7;0;0;0;2;2;0;14;5;1;0;5;0;0;31;16;0;0;0;0;0;7;1;0;0;0;167;0;0;30;0;0;0;0;10;127;0;8;0;12;0;0;0;0;1;0;9;0;0;141;1;0;0;0;65;0;0;0;39;6;0;4;0;1;0;0;0;6;0;11;0;0;0;0;1;0;2;0;0;13;0;2;191;0;7600;0;0;5;0;0;0;0;18;0;0;0;0;2;0;0;0;1;0;0;0;0;0;0;1;1;0;56;303;1;0;0;1;0;3;0;9;11885;40;1880;0;0;4;0;46;3;0;0;0;2;0;1;0;0;0;7;0;0;20;0;0;0;0;0;0;18;0;194;4;0;0;192;17;0;2;0;0;3;18;3;2;0;36;0;0;0;5;0;1;5;0;0;0;4;0;31;0;1;0;2;0;0;2;6;31;0;8;1120;278;0;6;0;0;0;1;0;0;0;15;0;0;0;1;0;11;0;6;0;0;2;2;0;3;0;0;0;13;0;2;0;0;11;3;0;0;0;1;1;0;0;0;430;125;32;0;1;5;0;2;0;0;0;0;487;0;0;136;0;0;0;0;8;0;83;0;3;0;0;1;3;1;0;0;0;0;0;0;3;0;1;0;0;0;2;1;20;25;0;0;0;0;0;0;33;1;0
En-183;3;1;3;0;0;10;0;4;0;2;0;15;0;0;2;0;0;33;26;0;0;0;0;0;3;0;0;0;0;0;0;1;2;0;0;0;1;13;0;0;0;0;2;0;0;4;6;0;15;0;139;238;8;0;63;0;16;5;12;11;0;0;0;0;0;2;112;0;9;1;437;2;0;6;2;0;0;0;2;0;164;0;5;4;0;0;2;0;0;2;0;0;0;0;0;0;0;0;84;1;5;0;0;8;0;0;0;0;0;0;0;0;28;0;0;2;98;419;0;3;0;1;0;2;0;0;0;0;7;0;0;0;0;0;1;0;2;1;48;0;3;0;0;2;19;0;0;0;0;0;6;0;0;2;0;91;0;0;107;0;0;0;0;1;25;0;11;0;0;0;0;4;0;0;0;48;0;0;0;0;0;0;0;8;0;6;1;17;9;0;4;0;0;0;0;0;0;0;77;0;2;1;0;0;0;1;0;0;4;0;9;418;0;20167;0;0;2;0;0;1;0;12;0;0;0;0;6;0;1;153;0;0;0;0;3;0;0;0;0;0;13;109;0;0;0;0;0;2;0;1;7034;40;598;0;0;0;0;28;1;0;0;9;0;0;2;0;74;0;0;0;0;3;1;1;0;0;0;0;1;0;73;4;0;0;999;0;0;1;0;0;0;0;0;0;0;0;0;0;0;0;0;0;0;0;0;0;0;0;45;0;0;23;1;0;1;1;6;77;0;5;961;189;0;11;0;0;0;0;0;0;0;1;0;0;0;1;0;8;0;0;0;0;1;0;0;0;1;0;30;1;0;0;0;0;12;0;0;0;0;0;0;0;0;0;1;92;0;0;0;0;0;4;0;0;0;0;9;0;0;145;1;0;0;0;0;0;8;0;1;0;5;0;2;0;0;0;0;0;0;2;0;0;1;0;4;3;1;0;94;15;2;0;0;0;4;0;28;0;0
Rh-015;1;1;0;0;0;27;0;2;0;0;0;17;0;2;6;0;7;0;0;0;0;0;0;0;12;55;1;0;1;0;0;8;2;0;0;0;0;312;2;0;7;0;2;3;0;72;30;81;32;15;479;0;0;1;173;0;13;34;23;143;0;0;6;15;1;42;22;0;7;0;31;0;0;0;11;0;0;0;0;0;719;2;4;0;0;0;2;0;0;0;0;2;0;7;4;2;0;0;51;0;4;1;0;10;0;0;0;0;0;14;0;0;159;0;0;0;125;1394;0;1;0;22;13;25;0;0;0;0;1;3;0;0;0;3;5;0;32;36;0;0;157;0;1;7;365;2;0;0;0;0;4;3;0;0;0;44;0;0;0;0;0;0;0;5;114;0;22;0;14;0;0;2;0;4;1;0;1;0;1;0;0;0;2;33;0;0;0;12;10;0;1;0;0;2;0;0;1;0;4;0;2;0;0;1;0;9;0;0;141;0;2;784;0;103;0;3;8;0;2;0;0;30;0;0;5;0;115;0;0;22;3;0;0;0;7;0;0;4;4;0;9;63;0;0;0;3;0;41;0;68;14315;319;1382;0;0;4;0;72;0;0;1;2;0;0;1;0;175;0;0;0;0;2;0;0;0;0;23;0;17;0;287;66;0;2;176;11;14;12;3;0;0;27;8;0;0;1;1;0;0;0;10;0;4;0;0;0;8;8;53;0;4;8;3;0;0;3;4;1018;0;20;201;310;1;55;2;0;0;2;0;0;0;9;0;2;23;0;0;25;0;4;0;0;0;7;0;0;0;0;2;9;0;1;1;2;6;0;0;1;0;5;1;0;1;0;360;962;8;1;7;13;0;0;0;0;0;0;78;0;0;15;0;0;3;0;2;0;41;0;7;3;0;0;20;3;0;1;0;1;0;1;5;2;4;0;0;2;6;6;17;2;2;3;0;1;0;0;43;7;0
Rh-207;0;3;2;3;2;0;2;2;0;2;2;19;0;0;164;0;1;0;0;3;0;4;0;0;13;32;0;0;1;0;0;58;0;0;0;0;1;18;0;0;13;0;1;2;0;75;33;6;27;0;56;0;9;0;8;0;69;41;14;72;0;0;1;15;1;3;47;0;0;1;172;14;1;1;0;0;1;0;4;0;144;1;12;0;1;0;17;0;0;2;1;0;0;15;1;0;0;3;109;0;2;25;0;20;0;0;0;0;0;14;1;0;46;0;2;4;116;541;1;54;0;13;1;1;2;0;0;0;0;2;0;0;0;0;22;0;56;0;31;0;367;0;0;5;832;3;9;0;0;1;10;0;0;6;0;54;0;0;0;7;4;0;0;0;7;0;5;0;17;0;1;23;0;2;4;0;1;2;8;0;10;0;0;25;4;3;1;43;14;0;0;0;0;0;0;0;0;0;3;0;4;1;0;0;14;0;0;0;111;0;39;1681;3;102;0;0;2;0;0;0;0;6;0;0;3;16;40;5;1;24;1;0;0;0;24;0;0;0;1;0;0;36;0;0;0;0;4;123;0;53;18364;101;99;2;0;4;0;62;2;0;10;0;0;1;0;0;23;3;0;0;0;1;1;0;0;0;0;0;28;0;68;120;0;0;441;0;2;5;0;3;1;27;0;0;0;0;13;0;0;0;2;8;19;0;0;0;0;0;19;0;6;0;12;0;4;16;0;911;0;107;70;71;23;224;2;0;1;0;2;0;0;1;10;0;33;0;0;4;5;1;0;0;3;0;0;0;2;9;75;19;0;0;1;0;0;1;0;0;2;14;0;1;0;0;14;1321;1;0;9;9;0;15;0;0;0;1;39;0;9;113;1;4;0;1;0;0;3;0;3;0;5;11;23;8;0;0;0;0;2;22;0;2;32;0;0;165;0;25;118;1;0;2;0;0;0;0;5;1;0
No-214;0;0;0;0;0;0;0;0;0;0;0;1;0;0;0;0;0;13;2;0;0;0;0;0;0;1;0;0;0;0;0;2;0;0;0;0;0;3;0;0;0;0;0;0;0;0;0;0;3;0;1;78;1;0;1;0;0;0;0;0;0;0;0;0;0;0;6;0;0;0;3;0;0;0;0;0;0;0;0;0;15;0;0;1;0;0;0;0;0;0;0;0;0;1;0;0;0;0;2;0;0;0;0;1;0;0;0;0;0;0;0;0;2;0;0;0;0;5;0;0;0;0;0;0;0;0;0;0;0;0;0;0;0;0;0;0;1;0;0;0;4;0;0;0;2;0;0;0;0;0;0;0;0;0;0;2;0;0;49;0;0;0;0;0;4;0;2;0;0;0;0;0;0;0;0;5;0;0;1;0;0;0;0;0;0;0;0;1;0;0;0;0;0;0;0;0;0;0;4;0;0;0;0;0;0;0;0;0;0;0;0;7;0;70283;0;0;0;0;0;0;0;0;0;0;0;0;0;0;0;0;0;0;0;0;0;0;0;0;0;0;0;3;0;0;0;0;0;0;0;0;1129;0;25;0;0;0;0;1;0;0;0;0;0;0;0;0;0;0;0;0;0;0;0;0;0;0;0;0;0;0;0;1;0;0;20;0;0;0;0;0;0;1;0;0;0;0;0;0;0;0;0;0;0;0;0;0;0;0;0;0;0;0;0;0;0;0;0;4;0;1;44;1;0;0;0;0;0;0;0;0;0;0;0;0;0;0;0;0;1;0;0;0;0;0;0;1;0;0;1;0;0;0;0;0;1;0;0;0;1;0;0;0;0;0;0;5;0;0;0;0;0;0;0;0;0;0;0;0;0;5;0;0;0;0;0;0;1;0;0;0;0;0;0;0;0;0;0;0;0;1;0;0;0;0;0;0;0;0;2;0;0;0;0;0;0;0;0;0;0
No-195;0;1;0;0;0;2;0;1;0;0;0;4;0;0;0;0;1;5;1;0;0;0;0;0;0;1;0;0;0;0;0;0;0;0;0;0;0;0;0;0;0;0;0;0;0;0;1;0;2;0;15;46;0;0;3;0;0;0;0;0;0;0;0;0;0;0;0;0;1;0;2;0;0;0;0;0;0;0;0;0;2;0;0;0;0;0;0;0;0;0;0;0;0;0;0;0;0;0;4;0;0;0;0;1;0;0;0;0;0;0;0;0;1;0;0;0;3;13;0;1;0;0;0;0;0;0;0;0;0;0;0;0;0;0;0;0;0;0;1;0;0;0;0;0;0;0;0;0;0;0;0;0;0;0;0;2;0;0;32;0;0;0;0;0;1;0;1;0;0;0;0;0;0;1;0;0;0;0;0;0;0;0;0;0;0;0;0;0;0;0;0;0;0;0;0;0;0;0;1;0;0;0;0;0;0;0;0;0;0;0;0;10;0;55260;0;1;0;0;0;0;0;1;0;0;0;0;0;0;0;2;0;0;0;0;0;0;0;0;0;0;0;4;0;0;0;0;0;0;0;0;793;1;4;0;0;0;0;0;0;0;0;0;0;0;0;0;0;0;0;0;0;0;0;0;0;0;0;0;0;0;13;0;0;0;12;0;1;0;0;0;0;0;0;0;0;0;0;0;0;0;0;0;0;0;0;0;0;0;3;0;0;0;1;0;0;0;0;7;0;0;15;0;0;0;0;0;0;0;0;0;0;0;0;0;0;0;0;2;0;0;0;0;0;0;0;4;0;0;4271;0;0;0;0;0;1;0;0;0;0;0;0;0;0;0;0;6;0;0;0;0;0;0;0;0;0;0;0;0;0;9;0;1;0;0;0;0;0;0;0;0;0;0;0;0;0;0;0;0;0;0;0;0;0;0;0;0;0;0;4;0;0;0;0;0;0;0;0;0;0
Rh-046;1;1;0;0;0;4;0;9;1;0;0;23;0;0;10;1;9;0;0;0;3;0;0;0;17;81;1;0;0;0;0;16;1;0;0;0;0;129;0;0;12;0;0;2;0;92;43;179;29;21;315;0;0;0;244;0;15;16;34;76;0;0;3;19;4;36;25;0;8;0;0;1;0;0;15;0;0;0;0;0;722;0;1;0;1;5;7;1;0;0;0;1;0;17;4;2;0;0;18;0;8;3;0;6;0;0;0;0;0;10;4;0;105;0;0;1;96;1505;0;0;0;32;9;4;0;0;0;0;2;9;0;0;0;2;4;1;22;65;0;0;251;0;1;9;588;4;1;0;0;0;3;4;0;0;0;34;0;1;1;0;0;0;4;2;152;2;10;0;24;0;0;2;0;1;2;0;1;0;1;0;0;0;6;47;0;0;0;18;8;0;0;0;1;0;0;1;6;0;19;0;3;0;0;4;0;2;0;0;131;1;2;605;1;480;0;0;10;0;2;0;0;10;0;0;0;0;142;0;1;12;2;0;1;0;9;0;0;2;5;0;6;32;0;0;0;2;1;73;0;118;16599;300;1128;0;0;1;0;85;0;0;3;1;0;0;0;0;274;0;0;0;1;1;0;0;0;0;42;0;35;0;389;14;0;1;173;9;27;6;3;0;2;26;7;2;0;0;0;0;0;1;10;1;15;1;0;2;20;2;38;0;10;3;4;0;0;0;15;1431;0;29;156;276;0;51;4;0;0;5;0;0;0;12;1;2;18;0;0;23;1;4;2;0;1;17;0;3;0;0;2;11;0;0;1;2;5;0;0;3;7;3;12;1;2;3;319;1272;1;0;10;15;0;0;1;0;2;0;61;0;0;127;0;0;2;0;0;0;42;0;10;3;0;2;16;7;0;1;0;0;0;2;5;3;15;0;0;2;4;3;15;3;0;0;0;2;0;0;34;3;0
Rh-123;0;1;0;1;0;0;2;2;0;1;0;29;0;0;81;0;0;0;1;0;0;1;0;0;4;26;0;0;0;0;4;60;0;0;0;2;0;18;0;0;8;0;1;1;0;72;22;4;29;0;95;0;22;0;5;0;80;19;9;51;0;0;0;18;0;1;32;0;1;2;36;6;0;0;0;0;1;0;1;0;80;0;7;0;1;0;2;0;0;12;0;0;0;27;0;0;0;4;45;0;1;17;0;11;0;0;1;0;2;2;0;0;30;1;4;1;100;250;0;12;0;13;1;0;0;1;0;0;5;1;0;0;0;0;10;0;23;2;37;0;323;0;6;4;510;17;9;0;0;1;7;0;0;7;0;33;0;0;0;2;3;0;1;0;24;0;5;1;5;0;0;23;0;2;3;0;1;0;4;0;12;0;0;14;4;13;5;33;13;0;0;0;0;0;0;0;0;0;43;0;3;1;1;0;7;0;0;0;28;1;53;742;0;625;0;0;2;0;0;0;0;5;0;0;3;15;33;3;2;91;0;0;0;0;16;0;0;4;1;0;0;10;0;0;2;1;1;62;0;67;12399;50;144;1;0;1;0;70;2;0;11;1;1;0;1;0;8;0;0;0;0;3;0;0;0;0;0;0;30;0;29;59;0;0;350;0;4;2;0;0;0;18;0;0;1;0;11;0;0;0;7;6;2;0;0;0;1;1;36;0;1;2;16;0;0;0;0;369;0;40;82;24;16;154;3;0;0;0;0;0;0;0;11;1;29;0;0;5;3;1;0;0;1;1;0;1;1;7;68;8;0;0;0;0;0;0;0;0;0;29;0;3;0;0;1;540;0;0;4;12;0;7;0;0;1;0;19;0;5;65;4;0;1;5;0;0;0;0;4;1;0;5;20;3;0;0;0;0;0;17;0;0;57;0;0;43;2;20;32;0;0;0;0;1;0;0;5;0;0
No-026;0;0;0;0;0;1;0;0;0;0;0;0;0;0;0;0;2;2;2;0;0;0;0;0;0;0;0;0;0;0;0;0;0;0;0;0;0;44;0;0;0;0;0;0;0;1;0;0;2;0;1;43;0;0;0;0;0;0;0;1;0;0;0;0;0;3;4;0;0;0;0;0;0;1;0;0;0;0;0;0;34;0;0;3;0;0;0;0;0;0;0;0;0;0;0;0;0;0;0;0;0;0;0;0;0;0;0;0;0;0;0;0;4;0;0;0;0;48;0;0;0;0;1;2;0;0;0;0;0;0;0;0;0;0;0;0;0;0;0;0;0;0;0;0;0;0;0;0;0;0;0;0;0;0;0;0;0;0;17;0;0;0;0;0;12;0;0;0;0;0;0;0;0;0;0;2;0;0;0;0;0;0;0;0;0;0;0;1;0;0;0;0;0;0;0;0;0;0;1;0;0;0;0;0;0;0;0;0;0;0;0;6;0;55317;0;0;0;0;0;0;0;0;0;0;0;0;0;0;0;0;0;0;0;0;0;0;0;0;0;0;1;8;0;0;0;0;0;0;0;0;870;1;122;0;0;0;0;2;0;0;0;0;0;0;0;0;14;0;0;0;0;0;0;0;0;0;0;0;0;0;17;0;0;0;1;5;0;0;0;0;0;0;0;0;0;0;0;0;0;0;0;0;0;0;0;0;0;0;0;0;0;0;0;0;0;0;0;2;0;0;41;10;0;0;0;0;0;0;0;0;0;4;0;0;0;0;0;0;0;0;0;0;0;0;0;0;0;0;0;0;0;0;0;0;0;0;0;0;0;0;0;0;0;0;8;4;0;0;0;0;0;0;0;0;0;0;8;0;0;0;0;0;0;0;0;0;0;0;0;0;0;0;0;0;0;0;0;0;0;0;0;0;0;0;0;0;0;0;1;3;0;0;0;0;0;0;0;0;0
En-058;4;3;0;0;0;20;0;10;0;0;0;96;0;0;1;0;9;0;0;0;3;0;0;0;8;12;0;0;0;0;0;0;0;0;0;0;0;775;0;0;1;2;0;2;0;72;11;2;19;0;159;17;20;0;343;0;0;8;4;470;0;0;4;1;1;64;104;0;1;0;33;0;0;69;11;1;0;0;0;0;309;0;27;0;0;0;16;0;0;0;0;0;0;0;4;0;0;1;2;0;10;0;0;114;9;1;0;0;0;1;1;0;339;0;5;0;452;319;0;1;0;0;1;0;0;0;0;0;80;1;0;0;0;4;0;0;23;2;0;0;0;0;0;60;10;0;0;0;0;0;22;17;0;0;0;158;0;0;0;0;0;0;0;14;241;0;3;0;8;0;0;0;0;1;0;1;0;0;25;0;0;0;0;58;0;0;0;37;13;0;3;0;0;1;0;0;2;0;69;0;0;0;0;2;0;6;0;0;9;2;0;123;0;235;0;0;2;0;0;0;0;18;0;0;0;0;5;0;0;0;2;0;0;0;1;0;0;0;11;0;64;269;0;0;0;0;0;4;0;2;20192;23;1407;0;0;0;0;113;3;0;0;1;0;0;0;0;4;0;0;0;0;166;0;1;0;0;0;0;70;0;350;12;0;0;189;49;0;3;0;0;0;37;6;8;0;0;0;0;1;3;5;0;17;0;0;0;4;3;11;0;4;0;0;0;0;0;4;70;0;59;1525;382;0;13;1;0;0;2;0;0;0;6;0;1;1;0;0;42;0;11;3;0;2;1;0;5;0;0;0;28;0;7;2;0;13;4;0;1;1;0;1;0;0;0;960;186;19;0;0;2;0;2;0;0;1;0;573;0;0;30;0;0;4;0;6;0;37;0;3;0;0;11;14;0;0;0;0;0;0;0;0;0;0;0;7;0;8;1;12;0;0;4;0;0;0;0;17;2;0
En-149;2;7;1;0;0;5;0;1;0;1;0;173;0;0;0;0;0;24;21;0;0;1;0;0;7;2;0;0;0;0;2;0;3;0;0;1;0;52;0;0;1;0;0;0;0;8;3;0;27;2;84;168;2;0;75;0;17;1;8;8;0;0;1;1;0;7;225;0;2;0;89;0;0;1;3;0;1;0;0;0;115;1;18;3;0;0;1;0;0;3;0;1;0;1;5;0;0;2;104;2;8;1;1;28;0;0;0;0;0;0;0;0;93;0;0;1;156;129;0;2;0;0;0;2;0;0;0;0;4;0;0;0;0;0;0;0;24;0;129;0;7;0;0;5;33;3;0;0;0;0;3;0;0;0;0;83;0;0;79;0;0;0;0;4;46;0;27;0;1;0;0;0;0;7;0;66;0;0;8;0;0;1;0;7;1;0;1;27;11;0;1;0;0;1;0;0;2;0;14;0;3;0;0;0;0;0;0;0;5;1;4;336;0;15343;0;0;1;0;0;1;0;1;0;0;0;1;0;0;1;43;0;0;0;0;0;1;13;0;4;0;17;166;0;0;0;0;0;0;0;0;9522;16;795;0;0;0;0;82;1;0;0;8;0;0;0;0;5;0;0;0;0;10;0;1;0;0;0;0;7;0;55;1;0;0;1039;0;0;1;0;0;0;7;0;0;0;0;1;0;0;0;0;2;4;0;0;0;0;0;5;0;1;9;2;0;3;0;2;53;0;11;1859;83;2;12;0;0;0;0;0;0;0;1;0;0;1;2;10;1;1;0;1;0;0;0;0;2;1;0;27;10;0;0;0;0;9;2;0;0;0;0;0;1;0;0;5;129;0;0;0;2;0;27;0;0;0;0;36;0;0;201;2;0;0;0;0;0;27;0;0;0;2;1;1;0;0;0;0;0;0;3;0;0;3;0;0;1;1;1;37;17;3;1;0;0;4;0;14;0;0
Rh-205;0;2;2;3;0;1;1;5;0;0;1;25;0;0;130;0;1;0;1;2;0;10;0;0;13;39;0;0;1;0;1;69;0;0;0;0;2;28;0;0;19;1;1;1;4;100;50;7;38;5;333;0;171;0;15;0;89;50;20;85;0;0;1;17;1;9;59;0;1;2;92;21;0;0;1;0;0;0;4;0;158;3;10;0;3;2;3;0;0;37;1;0;0;24;1;0;0;2;102;0;2;38;1;12;0;0;0;0;17;13;0;1;65;0;6;5;145;430;0;31;0;22;0;1;0;2;0;0;34;3;1;0;0;1;18;0;57;4;75;0;547;0;2;6;878;103;8;0;0;3;10;0;0;11;0;63;0;0;0;4;3;0;0;0;20;0;13;0;17;0;1;34;0;1;9;0;2;1;8;0;8;2;0;26;3;14;3;53;23;0;0;0;0;1;0;0;1;0;31;0;6;3;3;0;8;0;0;0;87;13;45;1120;1;573;0;0;4;0;1;0;0;38;0;0;1;22;60;12;4;63;0;0;0;1;47;0;1;5;2;0;0;23;0;0;0;1;5;141;1;66;21689;120;228;2;0;2;0;82;1;0;12;2;2;0;1;0;30;0;12;0;0;0;1;2;0;0;0;0;52;14;62;106;0;0;676;0;4;2;0;3;0;31;0;0;1;2;18;0;0;0;11;6;13;0;1;0;1;1;27;0;4;1;23;0;1;2;0;835;0;100;326;79;17;254;4;0;0;0;1;1;0;2;29;1;40;0;0;12;4;0;0;1;5;0;0;1;3;9;139;20;0;0;0;0;0;2;0;0;1;32;0;4;0;0;13;1311;0;0;13;13;0;12;0;0;1;1;39;0;7;84;2;3;2;2;2;0;4;1;12;0;8;6;33;10;0;0;0;0;1;30;0;4;31;0;0;100;1;44;63;4;0;5;0;1;0;0;20;3;0
No-104;0;0;0;0;0;0;0;0;0;0;0;0;0;0;0;0;0;1;3;0;0;0;0;0;0;0;0;0;0;0;0;0;0;0;0;0;0;71;0;0;0;0;0;0;0;0;0;0;2;0;0;25;0;0;0;0;0;0;0;2;0;0;0;0;0;2;2;0;0;0;0;0;0;0;0;0;0;0;0;0;16;0;1;1;0;0;0;0;0;0;0;0;0;0;0;0;0;0;0;0;0;0;0;0;0;0;0;0;0;0;0;0;1;0;0;0;1;4;0;0;0;0;0;0;0;0;0;0;0;0;0;0;0;1;0;0;0;0;0;0;0;0;0;0;0;0;0;0;0;0;0;0;0;0;0;0;0;0;14;0;0;0;0;0;3;0;0;0;0;0;0;0;0;0;0;3;0;0;0;0;0;0;0;0;0;0;0;0;0;0;0;0;1;0;0;0;0;0;1;0;0;0;0;0;0;0;0;0;0;0;0;1;0;45432;0;0;0;0;0;0;0;1;0;0;0;0;0;0;0;0;0;0;0;0;0;2;0;0;0;0;0;3;0;0;0;0;0;0;0;0;418;1;43;0;0;0;0;0;0;0;0;0;0;0;0;0;2;0;0;0;0;1;0;0;0;0;0;0;0;0;14;0;0;0;1;1;0;0;0;0;0;0;0;0;0;0;0;0;0;0;0;0;0;0;0;0;0;0;1;0;0;0;0;0;0;0;0;4;0;0;35;11;0;0;0;0;0;0;0;0;0;0;0;0;0;0;0;1;0;0;0;0;0;0;0;0;0;0;0;0;0;0;0;0;0;0;0;0;0;0;0;0;0;0;9;4;1;0;0;2;0;0;0;0;0;0;4;0;0;0;0;0;0;0;0;0;2;0;0;0;0;0;0;0;0;0;0;0;0;0;0;0;0;0;0;0;0;0;0;1;0;0;0;0;0;0;0;0;0
No-197;0;0;0;0;0;0;0;0;0;0;0;0;0;0;0;0;0;7;2;0;0;0;0;0;0;1;0;0;0;0;0;0;0;0;0;0;0;0;0;0;0;0;0;0;0;0;0;0;3;1;60;75;0;0;1;0;1;0;2;0;0;0;0;0;0;0;6;0;0;0;1;0;0;0;0;0;0;0;0;0;1;0;0;0;0;0;0;0;0;0;0;0;0;0;0;0;0;0;0;0;0;0;0;0;0;0;0;0;0;0;0;0;0;0;0;0;0;10;0;1;0;0;0;0;0;0;0;0;0;1;0;0;0;0;0;0;0;0;0;0;0;0;0;0;3;0;0;0;0;0;0;0;0;1;0;1;0;0;56;0;0;0;0;0;0;0;1;0;0;0;0;0;0;0;0;5;0;0;1;0;0;0;0;1;0;0;0;0;0;0;0;0;0;0;0;0;0;0;1;0;0;0;0;0;0;0;0;0;0;0;0;41;0;69040;0;0;0;0;0;0;0;0;0;0;0;0;0;0;0;1;0;0;0;0;0;0;0;0;0;0;0;3;0;0;0;0;0;0;0;1;954;0;5;0;0;0;0;0;0;0;0;0;0;0;0;0;0;0;0;0;0;0;0;1;0;0;0;0;0;0;4;0;0;0;16;0;0;0;0;0;0;0;0;0;0;0;0;0;0;0;0;0;0;0;0;0;0;0;1;0;0;0;0;0;0;0;1;7;0;0;28;5;0;0;1;0;0;0;0;0;0;0;0;0;0;0;0;0;0;0;0;0;0;0;0;0;0;0;0;0;0;0;0;0;1;0;0;0;0;0;0;0;0;0;0;3;0;0;0;0;0;0;0;0;0;0;0;0;0;6;0;0;0;0;0;0;0;0;0;0;0;0;0;0;0;0;0;0;0;0;0;0;0;0;0;0;0;0;3;0;0;0;0;0;0;0;0;0;0
En-006;3;0;0;0;0;34;0;0;0;0;0;31;0;0;0;0;12;6;9;0;1;0;0;0;4;5;0;0;0;0;0;0;0;0;0;0;0;240;0;0;2;1;1;0;0;8;6;1;29;1;69;102;0;0;135;0;10;7;9;162;0;0;0;0;0;70;54;0;1;0;13;0;0;16;2;1;0;0;0;0;585;0;33;4;0;0;1;0;0;0;0;2;0;0;7;0;0;0;11;0;4;0;0;41;0;0;0;0;0;0;1;0;115;0;0;0;124;1038;0;2;0;0;0;11;0;0;0;0;14;6;0;1;0;0;0;1;4;2;1;0;3;0;0;7;15;0;0;0;0;0;5;1;0;0;0;138;0;0;20;0;0;0;0;13;121;0;8;0;10;0;0;0;0;29;0;13;0;0;12;0;0;11;1;41;0;0;0;13;5;0;0;0;0;1;0;0;1;0;7;0;0;0;0;1;0;5;0;0;18;0;0;371;0;13701;0;0;6;0;0;0;0;15;0;0;0;0;8;0;0;6;1;0;0;0;0;5;0;0;0;0;110;272;0;0;0;0;0;4;0;9;11057;160;2832;0;0;2;0;17;1;0;0;1;1;0;4;0;44;0;1;0;0;34;0;3;0;0;0;0;5;0;201;4;0;0;188;31;0;0;1;0;0;13;1;0;0;0;0;0;1;9;0;0;5;0;0;0;1;1;20;0;1;8;2;0;0;3;79;17;0;10;1571;278;0;3;0;0;0;0;0;0;0;13;0;0;1;0;0;28;0;6;4;0;0;2;0;3;0;0;0;3;0;1;0;0;16;4;0;0;0;0;0;0;0;0;511;123;39;0;0;1;0;0;0;0;1;0;378;0;0;117;0;0;1;0;11;0;26;0;3;0;0;0;6;0;0;0;0;0;0;1;0;0;3;0;0;4;3;1;8;13;0;1;0;0;1;0;11;1;0
Rh-122;0;8;0;0;1;0;8;2;0;9;3;16;0;0;98;0;1;0;0;2;0;6;0;9;13;24;0;0;0;0;3;74;0;0;0;0;1;16;0;0;12;0;1;0;1;96;50;12;8;0;15;0;1;0;1;0;129;24;20;62;0;1;1;16;0;0;34;0;1;0;115;13;0;0;1;0;2;0;2;0;120;5;10;0;3;1;4;0;0;3;4;0;0;41;0;0;0;3;52;0;0;22;1;26;0;0;0;0;0;14;0;0;50;0;8;0;108;401;0;19;0;14;0;1;0;1;0;0;1;0;0;0;0;0;11;0;35;2;59;0;567;0;1;8;865;4;11;0;0;0;8;0;0;13;0;31;0;0;0;4;4;0;1;1;15;0;11;0;14;0;0;23;0;0;13;1;3;1;2;0;14;0;0;18;5;9;6;49;14;0;4;0;0;0;0;0;1;0;19;0;2;1;3;0;13;0;0;0;83;0;75;854;0;66;0;0;0;0;2;0;0;11;0;0;5;36;50;4;1;21;0;0;0;0;32;0;1;5;1;0;0;18;0;0;3;0;4;92;0;83;17828;57;178;0;0;1;0;75;4;0;16;6;0;0;1;0;14;0;0;0;0;6;0;1;0;0;0;0;63;0;24;48;0;0;529;0;8;5;0;1;0;28;1;0;1;0;11;0;0;0;6;7;11;0;0;0;2;0;16;0;8;0;13;0;0;3;0;617;0;67;113;35;26;206;1;0;0;0;0;1;0;3;21;0;42;0;0;6;1;1;0;0;2;0;0;1;1;20;73;11;0;0;0;0;0;2;0;1;0;37;0;2;0;0;12;753;0;0;11;8;0;12;0;0;3;0;35;0;16;131;2;0;0;0;0;0;1;0;5;0;4;10;25;7;0;0;0;0;2;37;1;0;66;0;0;105;0;26;40;0;0;4;0;2;0;0;8;6;0
Rh-102;0;3;1;0;0;12;0;1;0;0;0;7;0;1;11;0;17;0;1;0;0;1;0;0;14;83;2;0;1;0;0;52;1;0;0;0;0;156;0;0;29;0;0;4;0;112;58;165;66;25;435;0;1;0;216;0;24;37;41;173;0;0;4;24;6;59;58;0;13;0;7;0;0;0;26;0;0;0;0;0;1366;0;0;1;0;1;19;0;1;4;0;1;0;34;4;1;0;0;89;0;1;5;0;4;1;2;1;0;1;6;3;0;145;0;0;0;158;1621;1;2;0;99;23;21;0;0;0;0;2;6;0;0;0;2;6;6;16;86;0;0;399;0;0;9;920;20;4;0;0;0;5;2;0;0;0;47;0;0;0;1;0;0;5;5;190;4;19;0;42;0;0;5;0;1;4;0;2;0;2;0;0;1;7;80;0;0;0;21;18;0;0;0;1;1;0;0;3;0;8;0;0;2;0;2;0;0;4;0;147;1;9;592;6;258;0;0;9;0;2;0;0;52;0;0;5;1;246;3;1;8;3;0;0;0;14;1;0;10;6;0;12;29;0;0;2;9;2;108;0;182;20905;274;1449;0;0;5;0;126;2;1;2;1;0;0;0;0;309;0;0;0;0;5;0;0;0;0;32;1;35;0;316;45;0;1;290;12;37;9;2;0;0;32;13;1;0;0;3;0;2;0;3;1;8;0;1;1;14;5;35;0;11;14;5;0;0;1;30;1852;0;31;193;250;0;63;2;1;0;4;0;0;0;7;2;5;29;0;0;17;0;5;0;0;2;31;3;2;0;0;1;20;0;1;1;1;4;0;0;0;24;19;14;0;3;0;355;1719;5;1;14;31;0;1;0;0;4;0;56;0;0;42;0;0;3;0;3;0;12;0;6;7;0;3;19;11;0;0;0;0;0;1;4;1;6;0;0;2;8;3;20;1;0;0;0;4;0;0;75;3;0
Rh-121;0;6;0;1;2;1;3;0;0;4;2;39;0;0;190;0;2;0;0;1;0;13;0;0;9;58;0;0;0;0;4;85;0;0;0;0;2;30;0;0;18;0;1;0;1;163;44;13;23;1;16;0;1;0;3;0;126;54;17;73;0;0;0;20;0;1;43;0;0;0;121;15;0;0;0;0;3;0;5;0;168;6;10;0;2;1;3;0;0;4;2;0;0;45;0;0;0;2;49;0;2;45;2;32;0;0;2;0;3;7;0;0;53;0;5;6;183;464;0;35;0;36;0;2;0;0;0;0;0;2;0;0;0;0;24;0;63;7;52;0;749;0;2;11;1301;3;10;0;0;0;8;0;0;4;0;54;0;1;0;2;8;0;2;0;26;0;23;0;25;0;0;37;0;2;14;0;2;0;9;0;20;0;0;33;2;17;0;86;28;0;0;0;0;4;0;0;1;0;2;0;3;5;1;0;20;0;0;0;153;0;83;1587;2;57;0;0;2;0;1;0;0;16;0;0;5;36;51;8;3;27;0;0;0;0;38;0;1;5;3;1;0;21;0;0;1;0;10;141;0;106;26197;70;143;1;0;1;0;110;3;0;32;1;0;0;5;0;23;0;0;0;0;3;0;0;0;0;0;0;67;0;68;107;0;1;597;0;17;2;0;7;0;32;0;1;0;0;15;0;0;0;15;6;17;0;0;0;0;1;22;0;8;2;29;0;1;4;0;912;0;109;159;26;39;337;4;0;0;0;0;1;0;0;26;6;58;0;0;13;4;0;0;0;3;0;0;0;2;13;69;23;0;1;1;0;1;6;0;0;4;54;0;9;0;0;6;1158;0;0;25;8;0;11;0;0;4;0;23;0;23;124;2;1;0;4;0;0;2;0;7;4;5;16;51;16;0;0;2;0;3;33;0;0;49;0;0;149;4;30;53;1;0;3;0;2;0;0;7;5;0
No-067;0;0;0;0;0;0;0;0;0;0;0;0;0;0;0;0;4;5;1;0;0;0;0;0;0;0;0;0;0;0;0;0;0;0;0;0;0;24;0;0;0;0;0;0;0;0;1;0;3;0;0;54;0;0;0;0;1;0;0;0;0;0;0;0;0;6;2;0;0;0;0;0;0;0;0;0;0;0;0;0;32;0;0;4;0;0;0;0;0;0;0;0;0;0;0;0;0;0;0;0;0;0;0;0;0;0;0;0;0;0;0;0;3;0;0;0;1;6;0;0;0;0;0;0;0;0;0;0;0;1;0;0;0;0;0;0;0;0;0;0;0;0;0;1;0;0;0;0;0;0;0;0;0;0;0;1;0;0;24;0;0;0;0;0;12;0;0;0;0;0;0;0;0;0;0;2;0;0;0;0;0;0;0;0;0;0;0;0;0;0;0;0;0;0;0;0;0;0;1;0;0;0;0;0;0;0;0;0;0;0;0;1;0;44806;0;0;0;0;0;0;0;3;0;0;0;0;0;0;0;0;0;0;0;0;0;1;0;0;0;0;0;5;0;0;0;0;0;0;0;1;652;1;87;0;0;0;0;0;0;0;0;0;0;0;0;0;10;0;0;0;0;0;0;0;0;0;0;0;0;0;17;0;0;0;3;4;0;0;0;0;0;0;0;0;0;0;0;0;0;0;0;0;1;0;0;0;0;0;0;0;3;0;0;0;0;0;0;6;0;0;3;8;0;0;0;0;0;0;0;0;0;1;0;0;0;0;0;0;0;0;0;0;0;0;0;0;0;0;0;0;0;0;0;0;0;0;0;0;0;0;0;0;0;0;11;5;1;0;0;0;0;0;0;0;0;0;0;0;0;0;0;0;0;0;0;0;2;0;0;0;0;0;0;0;0;0;0;0;0;0;0;0;0;0;0;0;0;0;0;0;0;0;0;0;0;0;0;0;0
