focal_SNP,label,CHR,POS
1_100252083,Abiotic_Permuted,1,100252083
1_100354381,Microbiome,1,100354381
1_100418943,Microbiome,1,100418943
1_100420030,Microbiome,1,100420030
1_100420040,Microbiome,1,100420040
1_100420103,Microbiome,1,100420103
1_100421046,Microbiome,1,100421046
1_100582790,Microbiome,1,100582790
1_100583488,Microbiome,1,100583488
1_100745637,Microbiome,1,100745637
1_10100418,Microbiome_Permuted,1,10100418
1_101517988,Microbiome_Permuted,1,101517988
1_101518056,Microbiome_Permuted,1,101518056
1_102055247,Microbiome,1,102055247
1_102055875,Microbiome,1,102055875
1_102058058,Microbiome,1,102058058
1_102072234,Microbiome,1,102072234
1_102423697,NLR,1,102423697
1_102424564,NLR,1,102424564
1_102426667,NLR,1,102426667
1_102491534,Abiotic_Permuted,1,102491534
1_102611310,Abiotic_Permuted,1,102611310
1_103834875,NLR,1,103834875
1_103835588,NLR,1,103835588
1_103835919,NLR,1,103835919
1_103837187,NLR,1,103837187
1_103949064,Microbiome_Permuted,1,103949064
1_104619241,Microbiome_Permuted,1,104619241
1_104623472,Microbiome_Permuted,1,104623472
1_105121541,NLR,1,105121541
1_105268700,Microbiome,1,105268700
1_105272591,Microbiome,1,105272591
1_105276334,Microbiome,1,105276334
1_106310872,NLR,1,106310872
1_106310973,NLR,1,106310973
1_106428925,NLR,1,106428925
1_106587749,NLR,1,106587749
1_106611002,NLR,1,106611002
1_106613335,NLR,1,106613335
1_106614817,NLR,1,106614817
1_106615314,NLR,1,106615314
1_106615499,NLR,1,106615499
1_106616000,NLR,1,106616000
1_106616404,NLR,1,106616404
1_106616745,NLR,1,106616745
1_106616952,NLR,1,106616952
1_106617419,NLR,1,106617419
1_106619527,NLR,1,106619527
1_106649832,NLR,1,106649832
1_107174752,NLR,1,107174752
1_107189648,NLR,1,107189648
1_107190217,NLR,1,107190217
1_107190329,NLR,1,107190329
1_107190534,NLR,1,107190534
1_107190838,NLR,1,107190838
1_107191007,NLR,1,107191007
1_107191259,NLR,1,107191259
1_107427988,Microbiome_Permuted,1,107427988
1_107428850,Microbiome_Permuted,1,107428850
1_107676140,Microbiome,1,107676140
1_108064667,Microbiome,1,108064667
1_108075212,Microbiome,1,108075212
1_108090594,Microbiome,1,108090594
1_108090635,Microbiome,1,108090635
1_108152119,Microbiome,1,108152119
1_10816074,Abiotic_Permuted,1,10816074
1_108204080,Microbiome,1,108204080
1_108204081,Microbiome,1,108204081
1_108210924,Microbiome,1,108210924
1_108227089,Microbiome,1,108227089
1_10824988,Abiotic_Permuted,1,10824988
1_108283508,Microbiome,1,108283508
1_108326404,Microbiome,1,108326404
1_108332519,Microbiome,1,108332519
1_108336547,Microbiome,1,108336547
1_108337342,Microbiome,1,108337342
1_108337876,Microbiome,1,108337876
1_108498293,Microbiome_Permuted,1,108498293
1_108498297,Microbiome_Permuted,1,108498297
1_108518073,Microbiome,1,108518073
1_108521517,Microbiome,1,108521517
1_108525397,Microbiome,1,108525397
1_108555209,Microbiome,1,108555209
1_108561927,Microbiome,1,108561927
1_108688321,Microbiome,1,108688321
1_108695995,Microbiome,1,108695995
1_108723151,Microbiome,1,108723151
1_108747426,Microbiome,1,108747426
1_108747467,Microbiome,1,108747467
1_109985505,Microbiome_Permuted,1,109985505
1_110668709,NLR,1,110668709
1_110669314,NLR,1,110669314
1_110669315,NLR,1,110669315
1_110669316,NLR,1,110669316
1_110669359,NLR,1,110669359
1_110669436,NLR,1,110669436
1_110669446,NLR,1,110669446
1_110669449,NLR,1,110669449
1_110669600,NLR,1,110669600
1_110669629,NLR,1,110669629
1_110669656,NLR,1,110669656
1_110669732,NLR,1,110669732
1_110669756,NLR,1,110669756
1_110669795,NLR,1,110669795
1_110669830,NLR,1,110669830
1_110669842,NLR,1,110669842
1_110669885,NLR,1,110669885
1_110669923,NLR,1,110669923
1_110669949,NLR,1,110669949
1_110670007,NLR,1,110670007
1_110670026,NLR,1,110670026
1_110670031,NLR,1,110670031
1_110670036,NLR,1,110670036
1_110670073,NLR,1,110670073
1_110670082,NLR,1,110670082
1_110670108,NLR,1,110670108
1_110670131,NLR,1,110670131
1_110670132,NLR,1,110670132
1_110670133,NLR,1,110670133
1_110670274,NLR,1,110670274
1_110670491,NLR,1,110670491
1_110670602,NLR,1,110670602
1_110670685,NLR,1,110670685
1_110670759,NLR,1,110670759
1_110670766,NLR,1,110670766
1_110670793,NLR,1,110670793
1_111724552,Microbiome,1,111724552
1_111904216,Microbiome,1,111904216
1_111939468,Microbiome,1,111939468
1_112117707,NLR,1,112117707
1_112118966,NLR,1,112118966
1_112119383,NLR,1,112119383
1_112119400,NLR,1,112119400
1_112119717,NLR,1,112119717
1_112119718,NLR,1,112119718
1_112635955,Microbiome_Permuted,1,112635955
1_113206244,Microbiome_Permuted,1,113206244
1_113310811,NLR,1,113310811
1_113311611,NLR,1,113311611
1_113312027,NLR,1,113312027
1_113312970,NLR,1,113312970
1_113313173,NLR,1,113313173
1_113313369,NLR,1,113313369
1_113313681,NLR,1,113313681
1_113792918,Abiotic_Permuted,1,113792918
1_113796433,Abiotic_Permuted,1,113796433
1_113796680,Microbiome_Permuted,1,113796680
1_11490558,Microbiome,1,11490558
1_11490565,Microbiome,1,11490565
1_11490615,Microbiome,1,11490615
1_11490624,Microbiome,1,11490624
1_11493796,Microbiome,1,11493796
1_11499178,NLR,1,11499178
1_115170689,Abiotic_Permuted,1,115170689
1_115251930,NLR,1,115251930
1_115252895,NLR,1,115252895
1_115263893,NLR,1,115263893
1_115264106,NLR,1,115264106
1_115328306,Microbiome_Permuted,1,115328306
1_115371803,Microbiome,1,115371803
1_116654621,Abiotic_Permuted,1,116654621
1_119248479,Microbiome,1,119248479
1_119248879,Microbiome,1,119248879
1_119534004,NLR,1,119534004
1_119534604,NLR,1,119534604
1_119536400,NLR,1,119536400
1_119537909,NLR,1,119537909
1_119549847,Microbiome_Permuted,1,119549847
1_121009689,Microbiome,1,121009689
1_121009744,Microbiome,1,121009744
1_121415250,NLR,1,121415250
1_121416312,NLR,1,121416312
1_121575777,Microbiome,1,121575777
1_122688989,Abiotic,1,122688989
1_122693974,Abiotic,1,122693974
1_122724173,Microbiome,1,122724173
1_122724225,Microbiome,1,122724225
1_123638281,Microbiome,1,123638281
1_123638481,Microbiome,1,123638481
1_123638639,Microbiome,1,123638639
1_123638972,Microbiome,1,123638972
1_123639058,Microbiome,1,123639058
1_123640618,Microbiome,1,123640618
1_123641773,Microbiome,1,123641773
1_123641824,Microbiome,1,123641824
1_123641845,Microbiome,1,123641845
1_123643816,Microbiome,1,123643816
1_123644627,Microbiome,1,123644627
1_123646343,Microbiome,1,123646343
1_123657510,Microbiome,1,123657510
1_123660384,Microbiome,1,123660384
1_123661121,Microbiome,1,123661121
1_123661122,Microbiome,1,123661122
1_123661125,Microbiome,1,123661125
1_123662620,Microbiome,1,123662620
1_123669630,Microbiome,1,123669630
1_123670001,Microbiome,1,123670001
1_123674127,Microbiome,1,123674127
1_123675223,Microbiome,1,123675223
1_123675571,Microbiome,1,123675571
1_123676428,Microbiome,1,123676428
1_123681611,Microbiome,1,123681611
1_1245127,NLR,1,1245127
1_1245946,NLR,1,1245946
1_1245954,NLR,1,1245954
1_1246287,NLR,1,1246287
1_1246596,NLR,1,1246596
1_1246685,NLR,1,1246685
1_1246691,NLR,1,1246691
1_1246692,NLR,1,1246692
1_1246694,NLR,1,1246694
1_1246698,NLR,1,1246698
1_1246742,NLR,1,1246742
1_1246772,NLR,1,1246772
1_1246773,NLR,1,1246773
1_1246841,NLR,1,1246841
1_124935161,Microbiome,1,124935161
1_124935170,Microbiome,1,124935170
1_124935273,Microbiome,1,124935273
1_124935293,Microbiome,1,124935293
1_124941092,Microbiome,1,124941092
1_124943261,Microbiome,1,124943261
1_124943360,Microbiome,1,124943360
1_124943543,Microbiome,1,124943543
1_124943630,Microbiome,1,124943630
1_124943636,Microbiome,1,124943636
1_124943638,Microbiome,1,124943638
1_124943663,Microbiome,1,124943663
1_124943665,Microbiome,1,124943665
1_124943691,Microbiome,1,124943691
1_124943701,Microbiome,1,124943701
1_124943749,Microbiome,1,124943749
1_124943751,Microbiome,1,124943751
1_124943776,Microbiome,1,124943776
1_124943779,Microbiome,1,124943779
1_124943864,Microbiome,1,124943864
1_124943871,Microbiome,1,124943871
1_124943908,Microbiome,1,124943908
1_124943928,Microbiome,1,124943928
1_124943943,Microbiome,1,124943943
1_124943963,Microbiome,1,124943963
1_124943964,Microbiome,1,124943964
1_124943976,Microbiome,1,124943976
1_124944008,Microbiome,1,124944008
1_124944048,Microbiome,1,124944048
1_124944063,Microbiome,1,124944063
1_124944078,Microbiome,1,124944078
1_124944105,Microbiome,1,124944105
1_124944138,Microbiome,1,124944138
1_124944144,Microbiome,1,124944144
1_124944192,Microbiome,1,124944192
1_124944221,Microbiome,1,124944221
1_124944229,Microbiome,1,124944229
1_124944233,Microbiome,1,124944233
1_124944248,Microbiome,1,124944248
1_124944260,Microbiome,1,124944260
1_124944276,Microbiome,1,124944276
1_124944283,Microbiome,1,124944283
1_124944288,Microbiome,1,124944288
1_124944299,Microbiome,1,124944299
1_124944333,Microbiome,1,124944333
1_124944359,Microbiome,1,124944359
1_124944390,Microbiome,1,124944390
1_124944420,Microbiome,1,124944420
1_124944454,Microbiome,1,124944454
1_124944482,Microbiome,1,124944482
1_124944487,Microbiome,1,124944487
1_124944504,Microbiome,1,124944504
1_124944511,Microbiome,1,124944511
1_124944546,Microbiome,1,124944546
1_124944631,Microbiome,1,124944631
1_124944634,Microbiome,1,124944634
1_124944652,Microbiome,1,124944652
1_124944658,Microbiome,1,124944658
1_124944673,Microbiome,1,124944673
1_124944675,Microbiome,1,124944675
1_124944766,Microbiome,1,124944766
1_124944803,Microbiome,1,124944803
1_124944859,Microbiome,1,124944859
1_124944867,Microbiome,1,124944867
1_124944901,Microbiome,1,124944901
1_124944902,Microbiome,1,124944902
1_124944950,Microbiome,1,124944950
1_124944953,Microbiome,1,124944953
1_124944961,Microbiome,1,124944961
1_124945001,Microbiome,1,124945001
1_124945014,Microbiome,1,124945014
1_124945090,Microbiome,1,124945090
1_124945094,Microbiome,1,124945094
1_124945167,Microbiome,1,124945167
1_124945342,Microbiome,1,124945342
1_124950478,Microbiome,1,124950478
1_124951088,Microbiome,1,124951088
1_124951121,Microbiome,1,124951121
1_124951555,Microbiome,1,124951555
1_124951697,Microbiome,1,124951697
1_124951842,Microbiome,1,124951842
1_124951864,Microbiome,1,124951864
1_124951910,Microbiome,1,124951910
1_124952069,Microbiome,1,124952069
1_124952080,Microbiome,1,124952080
1_124952189,Microbiome,1,124952189
1_125482058,Microbiome,1,125482058
1_125482509,Microbiome,1,125482509
1_125484014,Microbiome,1,125484014
1_125487316,Microbiome,1,125487316
1_125487477,Microbiome,1,125487477
1_125487687,Microbiome,1,125487687
1_125487750,Microbiome,1,125487750
1_125487770,Microbiome,1,125487770
1_125487824,Microbiome,1,125487824
1_125487989,Microbiome,1,125487989
1_125488017,Microbiome,1,125488017
1_125488048,Microbiome,1,125488048
1_125488287,Microbiome,1,125488287
1_125488338,Microbiome,1,125488338
1_125488347,Microbiome,1,125488347
1_125488571,Microbiome,1,125488571
1_125488579,Microbiome,1,125488579
1_125489184,Microbiome,1,125489184
1_125489220,Microbiome,1,125489220
1_125489645,Microbiome,1,125489645
1_125491021,Microbiome,1,125491021
1_125491066,Microbiome,1,125491066
1_125491073,Microbiome,1,125491073
1_125774679,Microbiome_Permuted,1,125774679
1_126093744,Microbiome_Permuted,1,126093744
1_126139978,Microbiome_Permuted,1,126139978
1_126142453,Microbiome_Permuted,1,126142453
1_127033905,Microbiome_Permuted,1,127033905
1_127073829,Microbiome_Permuted,1,127073829
1_127445792,Abiotic_Permuted,1,127445792
1_12841186,NLR,1,12841186
1_130136031,Microbiome_Permuted,1,130136031
1_130462900,NLR,1,130462900
1_130463734,NLR,1,130463734
1_130483961,NLR,1,130483961
1_130484345,NLR,1,130484345
1_130485140,NLR,1,130485140
1_130719132,Abiotic_Permuted,1,130719132
1_130721047,Abiotic_Permuted,1,130721047
1_130721352,Abiotic_Permuted,1,130721352
1_131441054,Microbiome_Permuted,1,131441054
1_131459879,Microbiome_Permuted,1,131459879
1_131484846,Microbiome_Permuted,1,131484846
1_131673870,Microbiome_Permuted,1,131673870
1_132008704,Microbiome_Permuted,1,132008704
1_13205494,Microbiome_Permuted,1,13205494
1_13205989,Microbiome_Permuted,1,13205989
1_13205995,Microbiome_Permuted,1,13205995
1_13208062,Microbiome_Permuted,1,13208062
1_13208597,Microbiome_Permuted,1,13208597
1_13209132,Microbiome_Permuted,1,13209132
1_132513581,Microbiome,1,132513581
1_132784487,Microbiome,1,132784487
1_132784868,Microbiome,1,132784868
1_133086414,Microbiome,1,133086414
1_133402830,Microbiome_Permuted,1,133402830
1_134425098,Microbiome,1,134425098
1_134429592,Microbiome,1,134429592
1_134442602,Microbiome,1,134442602
1_13563058,Microbiome_Permuted,1,13563058
1_135764854,Microbiome_Permuted,1,135764854
1_135973745,Microbiome,1,135973745
1_14776281,Microbiome_Permuted,1,14776281
1_15260845,Microbiome,1,15260845
1_15260847,Microbiome,1,15260847
1_15260860,Microbiome,1,15260860
1_15260867,Microbiome,1,15260867
1_15261184,Microbiome,1,15261184
1_15335001,Microbiome_Permuted,1,15335001
1_15335130,Microbiome,1,15335130
1_15335692,Microbiome,1,15335692
1_15336131,Microbiome,1,15336131
1_15338539,Microbiome,1,15338539
1_15338812,Microbiome,1,15338812
1_15339216,Microbiome,1,15339216
1_15339300,Microbiome,1,15339300
1_15339325,Microbiome,1,15339325
1_15339332,Microbiome,1,15339332
1_15339335,Microbiome,1,15339335
1_15339348,Microbiome,1,15339348
1_15339386,Microbiome,1,15339386
1_15339482,Microbiome,1,15339482
1_15339569,Microbiome,1,15339569
1_15339842,Microbiome,1,15339842
1_15339851,Microbiome,1,15339851
1_15339879,Microbiome,1,15339879
1_15339899,Microbiome,1,15339899
1_15339994,Microbiome,1,15339994
1_15340092,Microbiome,1,15340092
1_15340118,Microbiome,1,15340118
1_15340195,Microbiome,1,15340195
1_15340234,Microbiome,1,15340234
1_1720815,Microbiome_Permuted,1,1720815
1_17235722,NLR,1,17235722
1_17236146,NLR,1,17236146
1_17236147,NLR,1,17236147
1_18141886,NLR,1,18141886
1_18142757,NLR,1,18142757
1_18143039,NLR,1,18143039
1_18426661,NLR,1,18426661
1_18426725,NLR,1,18426725
1_18426729,NLR,1,18426729
1_18426837,NLR,1,18426837
1_18426843,NLR,1,18426843
1_18427028,NLR,1,18427028
1_18427034,NLR,1,18427034
1_18427046,NLR,1,18427046
1_18427088,NLR,1,18427088
1_18427191,NLR,1,18427191
1_18427218,NLR,1,18427218
1_18427409,NLR,1,18427409
1_18428445,NLR,1,18428445
1_18428521,NLR,1,18428521
1_18428575,NLR,1,18428575
1_18428584,NLR,1,18428584
1_18428591,NLR,1,18428591
1_18428605,NLR,1,18428605
1_18428777,NLR,1,18428777
1_18429022,NLR,1,18429022
1_18429940,NLR,1,18429940
1_18429954,NLR,1,18429954
1_18439159,NLR,1,18439159
1_18439397,NLR,1,18439397
1_18439799,NLR,1,18439799
1_18440607,NLR,1,18440607
1_18440813,NLR,1,18440813
1_18440828,NLR,1,18440828
1_18440946,NLR,1,18440946
1_18441218,NLR,1,18441218
1_18441247,NLR,1,18441247
1_18441444,NLR,1,18441444
1_18441502,NLR,1,18441502
1_18764080,NLR,1,18764080
1_18764107,NLR,1,18764107
1_18764405,NLR,1,18764405
1_18764540,NLR,1,18764540
1_18764548,NLR,1,18764548
1_18764566,NLR,1,18764566
1_18764568,NLR,1,18764568
1_18764625,NLR,1,18764625
1_18764629,NLR,1,18764629
1_18764636,NLR,1,18764636
1_18764649,NLR,1,18764649
1_18764652,NLR,1,18764652
1_18764665,NLR,1,18764665
1_18764686,NLR,1,18764686
1_18764856,NLR,1,18764856
1_19704624,NLR,1,19704624
1_19704626,NLR,1,19704626
1_2030262,Microbiome_Permuted,1,2030262
1_31622357,Microbiome_Permuted,1,31622357
1_32463082,Abiotic,1,32463082
1_32463105,Abiotic,1,32463105
1_32463219,Abiotic,1,32463219
1_33608529,Microbiome,1,33608529
1_33608709,Microbiome,1,33608709
1_33608776,Microbiome,1,33608776
1_3362552,NLR,1,3362552
1_3363071,NLR,1,3363071
1_3363089,NLR,1,3363089
1_3363090,NLR,1,3363090
1_3363104,NLR,1,3363104
1_3363105,NLR,1,3363105
1_33738982,Microbiome,1,33738982
1_33744335,Microbiome,1,33744335
1_33744390,Microbiome,1,33744390
1_33744398,Microbiome,1,33744398
1_33749996,Microbiome,1,33749996
1_33756522,Microbiome,1,33756522
1_36018603,Microbiome_Permuted,1,36018603
1_36018962,Microbiome_Permuted,1,36018962
1_36750051,Microbiome_Permuted,1,36750051
1_4072060,NLR,1,4072060
1_4072198,NLR,1,4072198
1_4072315,NLR,1,4072315
1_4077374,NLR,1,4077374
1_4077658,NLR,1,4077658
1_4087980,NLR,1,4087980
1_40986289,Microbiome_Permuted,1,40986289
1_40986757,Microbiome_Permuted,1,40986757
1_40988132,Microbiome_Permuted,1,40988132
1_4130685,NLR,1,4130685
1_4148877,NLR,1,4148877
1_4205271,NLR,1,4205271
1_4208861,NLR,1,4208861
1_4209671,NLR,1,4209671
1_4272862,NLR,1,4272862
1_4345259,NLR,1,4345259
1_4345261,NLR,1,4345261
1_4345704,NLR,1,4345704
1_4346072,NLR,1,4346072
1_4346116,NLR,1,4346116
1_4346672,NLR,1,4346672
1_4348432,NLR,1,4348432
1_4349621,NLR,1,4349621
1_4349740,NLR,1,4349740
1_4351969,NLR,1,4351969
1_4354033,NLR,1,4354033
1_4354315,NLR,1,4354315
1_4355000,NLR,1,4355000
1_4355380,NLR,1,4355380
1_4355984,NLR,1,4355984
1_4356084,NLR,1,4356084
1_4356358,NLR,1,4356358
1_4356467,NLR,1,4356467
1_4356487,NLR,1,4356487
1_4356522,NLR,1,4356522
1_4356611,NLR,1,4356611
1_4357526,NLR,1,4357526
1_4370469,NLR,1,4370469
1_4370495,NLR,1,4370495
1_4371045,NLR,1,4371045
1_4371105,NLR,1,4371105
1_4392600,NLR,1,4392600
1_44894151,Microbiome,1,44894151
1_44913456,Microbiome,1,44913456
1_44913639,Microbiome,1,44913639
1_44916555,Microbiome,1,44916555
1_44916856,Microbiome,1,44916856
1_44917748,Microbiome,1,44917748
1_44921981,Microbiome,1,44921981
1_45023565,Microbiome,1,45023565
1_45023740,Microbiome,1,45023740
1_45024753,Microbiome,1,45024753
1_45025720,Microbiome,1,45025720
1_45088098,Microbiome,1,45088098
1_45113246,Microbiome,1,45113246
1_45113398,Microbiome,1,45113398
1_45113922,Microbiome,1,45113922
1_45115040,Microbiome,1,45115040
1_45223381,Microbiome,1,45223381
1_45227087,Microbiome,1,45227087
1_45236324,Microbiome,1,45236324
1_45254422,Microbiome,1,45254422
1_45258451,Microbiome,1,45258451
1_45265242,Microbiome,1,45265242
1_45265671,Microbiome,1,45265671
1_45743092,Microbiome,1,45743092
1_45743438,Microbiome,1,45743438
1_45753479,Microbiome,1,45753479
1_48948891,Microbiome_Permuted,1,48948891
1_49264429,NLR,1,49264429
1_49264540,NLR,1,49264540
1_49264978,NLR,1,49264978
1_49265291,NLR,1,49265291
1_49265580,NLR,1,49265580
1_49265581,NLR,1,49265581
1_50395597,Microbiome,1,50395597
1_50395672,Microbiome,1,50395672
1_50431041,Microbiome,1,50431041
1_50771830,Microbiome_Permuted,1,50771830
1_53283859,Microbiome,1,53283859
1_5332249,NLR,1,5332249
1_5419289,NLR,1,5419289
1_54229363,NLR,1,54229363
1_54229610,NLR,1,54229610
1_54230423,NLR,1,54230423
1_54231406,NLR,1,54231406
1_54474522,Microbiome,1,54474522
1_54800873,NLR,1,54800873
1_54800942,NLR,1,54800942
1_54803481,NLR,1,54803481
1_56811487,Abiotic_Permuted,1,56811487
1_57270812,Microbiome_Permuted,1,57270812
1_57271561,Microbiome_Permuted,1,57271561
1_57680324,Abiotic_Permuted,1,57680324
1_57686831,Abiotic_Permuted,1,57686831
1_58146323,Abiotic_Permuted,1,58146323
1_58178788,NLR,1,58178788
1_58505408,Microbiome,1,58505408
1_6079148,NLR,1,6079148
1_6079361,NLR,1,6079361
1_6079727,NLR,1,6079727
1_6079817,NLR,1,6079817
1_6080071,NLR,1,6080071
1_6080155,NLR,1,6080155
1_6080699,NLR,1,6080699
1_6114566,NLR,1,6114566
1_6114568,NLR,1,6114568
1_6114639,NLR,1,6114639
1_6114821,NLR,1,6114821
1_6115515,NLR,1,6115515
1_6115714,NLR,1,6115714
1_6128491,NLR,1,6128491
1_6128538,NLR,1,6128538
1_6128546,NLR,1,6128546
1_6128551,NLR,1,6128551
1_6128582,NLR,1,6128582
1_6129392,NLR,1,6129392
1_6129968,NLR,1,6129968
1_6130384,NLR,1,6130384
1_6130639,NLR,1,6130639
1_6130678,NLR,1,6130678
1_6226189,Microbiome_Permuted,1,6226189
1_62674243,Microbiome,1,62674243
1_64242265,Microbiome,1,64242265
1_67285033,NLR,1,67285033
1_67285212,NLR,1,67285212
1_67481131,Microbiome,1,67481131
1_67984089,Microbiome,1,67984089
1_68102999,Microbiome_Permuted,1,68102999
1_68113269,Microbiome_Permuted,1,68113269
1_68152296,Microbiome_Permuted,1,68152296
1_68961695,Microbiome_Permuted,1,68961695
1_68961708,Microbiome_Permuted,1,68961708
1_72064745,Microbiome_Permuted,1,72064745
1_72287481,Abiotic,1,72287481
1_72287541,Abiotic,1,72287541
1_72378400,Abiotic,1,72378400
1_72409502,Abiotic,1,72409502
1_72437367,Abiotic,1,72437367
1_72437548,Abiotic,1,72437548
1_72439640,Abiotic,1,72439640
1_72482148,Abiotic,1,72482148
1_72492601,Abiotic,1,72492601
1_72501020,Abiotic,1,72501020
1_72503169,Abiotic,1,72503169
1_72504637,Abiotic,1,72504637
1_72506384,Abiotic,1,72506384
1_72537453,Abiotic,1,72537453
1_73348966,Abiotic,1,73348966
1_73353954,Abiotic,1,73353954
1_73361844,Abiotic,1,73361844
1_73417800,Abiotic,1,73417800
1_73425287,Abiotic,1,73425287
1_73447879,Abiotic,1,73447879
1_73534662,NLR,1,73534662
1_74537681,Microbiome,1,74537681
1_74537682,Microbiome,1,74537682
1_75641894,Abiotic_Permuted,1,75641894
1_75675459,Abiotic_Permuted,1,75675459
1_75690676,Abiotic_Permuted,1,75690676
1_75691406,Abiotic_Permuted,1,75691406
1_7635474,NLR,1,7635474
1_7635519,NLR,1,7635519
1_7635583,NLR,1,7635583
1_7635619,NLR,1,7635619
1_7635666,NLR,1,7635666
1_7635667,NLR,1,7635667
1_7635672,NLR,1,7635672
1_7635686,NLR,1,7635686
1_7635802,NLR,1,7635802
1_7635870,NLR,1,7635870
1_7635878,NLR,1,7635878
1_7635955,NLR,1,7635955
1_7635956,NLR,1,7635956
1_7635965,NLR,1,7635965
1_7635969,NLR,1,7635969
1_7635988,NLR,1,7635988
1_7636030,NLR,1,7636030
1_7636040,NLR,1,7636040
1_7636041,NLR,1,7636041
1_7636042,NLR,1,7636042
1_7636044,NLR,1,7636044
1_7636105,NLR,1,7636105
1_77596294,Microbiome,1,77596294
1_77596469,Microbiome,1,77596469
1_77601414,NLR,1,77601414
1_77601936,NLR,1,77601936
1_7767789,NLR,1,7767789
1_7767818,NLR,1,7767818
1_7767873,NLR,1,7767873
1_7767885,NLR,1,7767885
1_7767894,NLR,1,7767894
1_7767895,NLR,1,7767895
1_7767897,NLR,1,7767897
1_77768774,Microbiome_Permuted,1,77768774
1_79444486,Microbiome,1,79444486
1_79446207,Microbiome,1,79446207
1_79449606,Microbiome,1,79449606
1_79464772,Microbiome,1,79464772
1_79696829,Microbiome_Permuted,1,79696829
1_79720983,Microbiome_Permuted,1,79720983
1_79721585,Microbiome_Permuted,1,79721585
1_79725898,Microbiome_Permuted,1,79725898
1_79726751,Microbiome_Permuted,1,79726751
1_79765275,Microbiome_Permuted,1,79765275
1_8030560,NLR,1,8030560
1_8030984,NLR,1,8030984
1_8030999,NLR,1,8030999
1_8033228,NLR,1,8033228
1_8033229,NLR,1,8033229
1_8033241,NLR,1,8033241
1_80774106,Microbiome_Permuted,1,80774106
1_80875581,Microbiome_Permuted,1,80875581
1_81177585,Microbiome,1,81177585
1_81181007,Microbiome,1,81181007
1_81301037,Microbiome_Permuted,1,81301037
1_8130226,Microbiome,1,8130226
1_81442262,Microbiome_Permuted,1,81442262
1_81449483,Microbiome_Permuted,1,81449483
1_82000828,Microbiome,1,82000828
1_82005661,Microbiome,1,82005661
1_82005697,Microbiome,1,82005697
1_83530630,Microbiome,1,83530630
1_8378541,NLR,1,8378541
1_8407849,NLR,1,8407849
1_8407855,NLR,1,8407855
1_8407860,NLR,1,8407860
1_8408087,NLR,1,8408087
1_8408091,NLR,1,8408091
1_8408151,NLR,1,8408151
1_8408207,NLR,1,8408207
1_8408278,NLR,1,8408278
1_8408348,NLR,1,8408348
1_8408438,NLR,1,8408438
1_8408445,NLR,1,8408445
1_8408448,NLR,1,8408448
1_8408454,NLR,1,8408454
1_8408665,NLR,1,8408665
1_8408680,NLR,1,8408680
1_8408743,NLR,1,8408743
1_8408774,NLR,1,8408774
1_8408777,NLR,1,8408777
1_8408784,NLR,1,8408784
1_8408817,NLR,1,8408817
1_8408859,NLR,1,8408859
1_8408863,NLR,1,8408863
1_8408869,NLR,1,8408869
1_8408887,NLR,1,8408887
1_8408929,NLR,1,8408929
1_8409265,NLR,1,8409265
1_8409737,NLR,1,8409737
1_8409763,NLR,1,8409763
1_8409779,NLR,1,8409779
1_8409836,NLR,1,8409836
1_8444594,NLR,1,8444594
1_8444746,NLR,1,8444746
1_8444809,NLR,1,8444809
1_8444840,NLR,1,8444840
1_8444864,NLR,1,8444864
1_8444986,NLR,1,8444986
1_8444993,NLR,1,8444993
1_8444994,NLR,1,8444994
1_8445023,NLR,1,8445023
1_8445026,NLR,1,8445026
1_8445049,NLR,1,8445049
1_8445065,NLR,1,8445065
1_8445135,NLR,1,8445135
1_8445150,NLR,1,8445150
1_8445208,NLR,1,8445208
1_8445236,NLR,1,8445236
1_8445247,NLR,1,8445247
1_8445273,Microbiome_Permuted,1,8445273
1_8445363,NLR,1,8445363
1_8445399,NLR,1,8445399
1_8445416,NLR,1,8445416
1_8445431,NLR,1,8445431
1_8445820,NLR,1,8445820
1_8480174,NLR,1,8480174
1_8480702,NLR,1,8480702
1_8480764,NLR,1,8480764
1_8480842,NLR,1,8480842
1_8480843,NLR,1,8480843
1_8480993,NLR,1,8480993
1_8480998,NLR,1,8480998
1_8481057,NLR,1,8481057
1_8481093,NLR,1,8481093
1_8481103,NLR,1,8481103
1_8481196,NLR,1,8481196
1_8481218,NLR,1,8481218
1_8481246,NLR,1,8481246
1_84949087,Microbiome,1,84949087
1_85762243,Microbiome_Permuted,1,85762243
1_86405866,Microbiome,1,86405866
1_86422784,Microbiome,1,86422784
1_86422786,Microbiome,1,86422786
1_86422787,Microbiome,1,86422787
1_86422899,Microbiome,1,86422899
1_87899021,Microbiome_Permuted,1,87899021
1_87908493,NLR,1,87908493
1_87908514,NLR,1,87908514
1_87908584,NLR,1,87908584
1_87908585,NLR,1,87908585
1_87908713,NLR,1,87908713
1_87908885,NLR,1,87908885
1_87908999,NLR,1,87908999
1_87909025,NLR,1,87909025
1_87909037,NLR,1,87909037
1_87909264,NLR,1,87909264
1_87909324,NLR,1,87909324
1_87909368,NLR,1,87909368
1_87909384,NLR,1,87909384
1_87909465,NLR,1,87909465
1_87909467,NLR,1,87909467
1_87909559,NLR,1,87909559
1_87909597,NLR,1,87909597
1_87909768,NLR,1,87909768
1_87909822,NLR,1,87909822
1_87909833,NLR,1,87909833
1_87909906,NLR,1,87909906
1_87909907,NLR,1,87909907
1_87909916,NLR,1,87909916
1_87909925,NLR,1,87909925
1_87919903,NLR,1,87919903
1_87921515,NLR,1,87921515
1_87921905,NLR,1,87921905
1_89472345,Microbiome_Permuted,1,89472345
1_91037879,Microbiome,1,91037879
1_91038052,Microbiome,1,91038052
1_91038065,Microbiome,1,91038065
1_91038119,Microbiome,1,91038119
1_91038139,Microbiome,1,91038139
1_91038196,Microbiome,1,91038196
1_91038324,Microbiome,1,91038324
1_91038349,Microbiome,1,91038349
1_91038408,Microbiome,1,91038408
1_91038417,Microbiome,1,91038417
1_91124953,Microbiome,1,91124953
1_91125019,Microbiome,1,91125019
1_9113175,NLR,1,9113175
1_9113233,NLR,1,9113233
1_9113234,NLR,1,9113234
1_9113244,NLR,1,9113244
1_9113263,NLR,1,9113263
1_9113265,NLR,1,9113265
1_9113327,NLR,1,9113327
1_9113333,NLR,1,9113333
1_9113337,NLR,1,9113337
1_9113379,NLR,1,9113379
1_9113381,NLR,1,9113381
1_9113382,NLR,1,9113382
1_9113412,NLR,1,9113412
1_9113419,NLR,1,9113419
1_9113430,NLR,1,9113430
1_9113436,NLR,1,9113436
1_9113437,NLR,1,9113437
1_9113458,NLR,1,9113458
1_9113506,Microbiome_Permuted,1,9113506
1_9113509,NLR,1,9113509
1_9113517,NLR,1,9113517
1_9113531,NLR,1,9113531
1_9113584,NLR,1,9113584
1_9113586,NLR,1,9113586
1_9113587,NLR,1,9113587
1_9113588,NLR,1,9113588
1_9113603,NLR,1,9113603
1_9113608,NLR,1,9113608
1_9113617,NLR,1,9113617
1_9113640,NLR,1,9113640
1_9113663,NLR,1,9113663
1_9113680,NLR,1,9113680
1_9113700,NLR,1,9113700
1_9113750,NLR,1,9113750
1_9113758,NLR,1,9113758
1_9113794,NLR,1,9113794
1_9113797,NLR,1,9113797
1_9113809,NLR,1,9113809
1_9113826,NLR,1,9113826
1_9113892,NLR,1,9113892
1_9113942,NLR,1,9113942
1_9113956,NLR,1,9113956
1_9113961,NLR,1,9113961
1_9113962,NLR,1,9113962
1_9113974,NLR,1,9113974
1_9113984,NLR,1,9113984
1_9114003,NLR,1,9114003
1_9114009,NLR,1,9114009
1_9114150,NLR,1,9114150
1_9114154,NLR,1,9114154
1_9114559,NLR,1,9114559
1_9114903,NLR,1,9114903
1_9115566,NLR,1,9115566
1_9115898,NLR,1,9115898
1_9115924,NLR,1,9115924
1_9115954,NLR,1,9115954
1_9116029,NLR,1,9116029
1_9118421,NLR,1,9118421
1_91198084,Microbiome,1,91198084
1_91199703,Microbiome,1,91199703
1_91213399,Microbiome,1,91213399
1_91213573,Microbiome,1,91213573
1_9121736,NLR,1,9121736
1_9122309,NLR,1,9122309
1_9122371,NLR,1,9122371
1_9122392,NLR,1,9122392
1_9122466,NLR,1,9122466
1_9122494,NLR,1,9122494
1_91231944,Microbiome_Permuted,1,91231944
1_91264457,Microbiome_Permuted,1,91264457
1_91277775,Microbiome,1,91277775
1_91783889,Microbiome,1,91783889
1_92000594,Microbiome_Permuted,1,92000594
1_92029102,Microbiome,1,92029102
1_92029103,Microbiome,1,92029103
1_92380856,Microbiome_Permuted,1,92380856
1_92381057,Microbiome_Permuted,1,92381057
1_92751024,Microbiome_Permuted,1,92751024
1_92954290,Microbiome_Permuted,1,92954290
1_93011713,Microbiome_Permuted,1,93011713
1_93035815,Microbiome_Permuted,1,93035815
1_93248097,Microbiome,1,93248097
1_93248140,Microbiome,1,93248140
1_93248142,Microbiome,1,93248142
1_93248148,Microbiome,1,93248148
1_93248166,Microbiome,1,93248166
1_93248190,Microbiome,1,93248190
1_93249841,Microbiome,1,93249841
1_93249939,Microbiome,1,93249939
1_93252576,Microbiome,1,93252576
1_93252584,Microbiome,1,93252584
1_93252610,Microbiome,1,93252610
1_93252640,Microbiome,1,93252640
1_93252684,Microbiome,1,93252684
1_93252691,Microbiome,1,93252691
1_93252788,Microbiome,1,93252788
1_93252794,Microbiome,1,93252794
1_93252799,Microbiome,1,93252799
1_93252812,Microbiome,1,93252812
1_93252845,Microbiome,1,93252845
1_93252859,Microbiome,1,93252859
1_93252866,Microbiome,1,93252866
1_93252869,Microbiome,1,93252869
1_93252885,Microbiome,1,93252885
1_93252985,Microbiome,1,93252985
1_93253002,Microbiome,1,93253002
1_93253012,Microbiome,1,93253012
1_93253041,Microbiome,1,93253041
1_93253059,Microbiome,1,93253059
1_93253062,Microbiome,1,93253062
1_93253147,Microbiome,1,93253147
1_93253150,Microbiome,1,93253150
1_93253170,Microbiome,1,93253170
1_93253174,Microbiome,1,93253174
1_93253184,Microbiome,1,93253184
1_93253186,Microbiome,1,93253186
1_93253218,Microbiome,1,93253218
1_93253224,Microbiome,1,93253224
1_93253227,Microbiome,1,93253227
1_93253257,Microbiome,1,93253257
1_93253258,Microbiome,1,93253258
1_93253261,Microbiome,1,93253261
1_93253331,Microbiome,1,93253331
1_93253334,Microbiome,1,93253334
1_93253340,Microbiome,1,93253340
1_93253342,Microbiome,1,93253342
1_93253343,Microbiome,1,93253343
1_93253354,Microbiome,1,93253354
1_93253360,Microbiome,1,93253360
1_93253431,Microbiome,1,93253431
1_93253444,Microbiome,1,93253444
1_93253449,Microbiome,1,93253449
1_93253455,Microbiome,1,93253455
1_93253473,Microbiome,1,93253473
1_93253539,Microbiome,1,93253539
1_93253587,Microbiome,1,93253587
1_93253597,Microbiome,1,93253597
1_93253601,Microbiome,1,93253601
1_93253644,Microbiome,1,93253644
1_93253784,Microbiome,1,93253784
1_93253863,Microbiome,1,93253863
1_93253924,Microbiome,1,93253924
1_93253962,Microbiome,1,93253962
1_93254062,Microbiome,1,93254062
1_93254089,Microbiome,1,93254089
1_93254126,Microbiome,1,93254126
1_93254156,Microbiome,1,93254156
1_93254157,Microbiome,1,93254157
1_93254174,Microbiome,1,93254174
1_93254195,Microbiome,1,93254195
1_93254264,Microbiome,1,93254264
1_93254298,Microbiome,1,93254298
1_93254317,Microbiome,1,93254317
1_93254320,Microbiome,1,93254320
1_93254322,Microbiome,1,93254322
1_93254414,Microbiome,1,93254414
1_93254464,Microbiome,1,93254464
1_93254465,Microbiome,1,93254465
1_93254476,Microbiome,1,93254476
1_93254501,Microbiome,1,93254501
1_93254554,Microbiome,1,93254554
1_93254556,Microbiome,1,93254556
1_93254602,Microbiome,1,93254602
1_93254641,Microbiome,1,93254641
1_93254645,Microbiome,1,93254645
1_93254730,Microbiome,1,93254730
1_93254951,Microbiome,1,93254951
1_93254969,Microbiome,1,93254969
1_93254976,Microbiome,1,93254976
1_93254977,Microbiome,1,93254977
1_93254993,Microbiome,1,93254993
1_93255005,Microbiome,1,93255005
1_93255072,Microbiome,1,93255072
1_93255080,Microbiome,1,93255080
1_93255262,Microbiome,1,93255262
1_93255404,Microbiome,1,93255404
1_93255405,Microbiome,1,93255405
1_93255514,Microbiome,1,93255514
1_93255543,Microbiome,1,93255543
1_93255603,Microbiome,1,93255603
1_93255744,Microbiome,1,93255744
1_93255864,Microbiome,1,93255864
1_93255867,Microbiome,1,93255867
1_93255907,Microbiome,1,93255907
1_93255921,Microbiome,1,93255921
1_93255969,Microbiome,1,93255969
1_93255992,Microbiome,1,93255992
1_93256020,Microbiome,1,93256020
1_93256119,Microbiome,1,93256119
1_93256125,Microbiome,1,93256125
1_93256126,Microbiome,1,93256126
1_93256172,Microbiome,1,93256172
1_93256181,Microbiome,1,93256181
1_93256252,Microbiome,1,93256252
1_93256343,Microbiome,1,93256343
1_93256359,Microbiome,1,93256359
1_93256371,Microbiome,1,93256371
1_93256390,Microbiome,1,93256390
1_93256500,Microbiome,1,93256500
1_93256631,Microbiome,1,93256631
1_93256845,Microbiome,1,93256845
1_93256889,Microbiome,1,93256889
1_93256988,Microbiome,1,93256988
1_93257062,Microbiome,1,93257062
1_93257248,Microbiome,1,93257248
1_93257255,Microbiome,1,93257255
1_93257272,Microbiome,1,93257272
1_93257297,Microbiome,1,93257297
1_93257328,Microbiome,1,93257328
1_93257506,Microbiome,1,93257506
1_93257552,Microbiome,1,93257552
1_93257567,Microbiome,1,93257567
1_93257576,Microbiome,1,93257576
1_93257580,Microbiome,1,93257580
1_93257586,Microbiome,1,93257586
1_93257603,Microbiome,1,93257603
1_93257629,Microbiome,1,93257629
1_93258032,Microbiome,1,93258032
1_93258049,Microbiome,1,93258049
1_93258193,Microbiome,1,93258193
1_93258237,Microbiome,1,93258237
1_93258299,Microbiome,1,93258299
1_93258304,Microbiome,1,93258304
1_93258466,Microbiome,1,93258466
1_93258509,Microbiome,1,93258509
1_93258516,Microbiome,1,93258516
1_93258551,Microbiome,1,93258551
1_93258575,Microbiome,1,93258575
1_93258600,Microbiome,1,93258600
1_93258601,Microbiome,1,93258601
1_93262347,Microbiome,1,93262347
1_93262349,Microbiome,1,93262349
1_93851367,Microbiome_Permuted,1,93851367
1_93856582,Microbiome_Permuted,1,93856582
1_93872967,Microbiome_Permuted,1,93872967
1_93891488,NLR,1,93891488
1_93891635,NLR,1,93891635
1_93892405,NLR,1,93892405
1_93892560,NLR,1,93892560
1_93892680,NLR,1,93892680
1_93892771,NLR,1,93892771
1_93892780,NLR,1,93892780
1_93892990,NLR,1,93892990
1_93893286,NLR,1,93893286
1_93893508,NLR,1,93893508
1_93897406,NLR,1,93897406
1_93897485,NLR,1,93897485
1_94071091,Microbiome_Permuted,1,94071091
1_94111793,Microbiome_Permuted,1,94111793
1_95305957,Microbiome_Permuted,1,95305957
1_95974000,NLR,1,95974000
1_95974635,NLR,1,95974635
1_95974636,NLR,1,95974636
1_95995083,Microbiome_Permuted,1,95995083
1_96851037,Microbiome_Permuted,1,96851037
1_96851042,Microbiome_Permuted,1,96851042
1_97024135,Microbiome_Permuted,1,97024135
1_97045643,Microbiome_Permuted,1,97045643
1_97919539,NLR,1,97919539
1_97919734,NLR,1,97919734
1_97921037,NLR,1,97921037
1_97922507,NLR,1,97922507
1_97939997,Microbiome_Permuted,1,97939997
1_98076355,Abiotic_Permuted,1,98076355
1_98098320,Microbiome_Permuted,1,98098320
1_98098340,Microbiome_Permuted,1,98098340
1_98519353,Microbiome_Permuted,1,98519353
1_98523839,Microbiome_Permuted,1,98523839
1_98523926,Microbiome_Permuted,1,98523926
1_98523978,Microbiome_Permuted,1,98523978
1_98548601,Microbiome_Permuted,1,98548601
1_99086432,NLR,1,99086432
1_99087228,NLR,1,99087228
1_99088294,NLR,1,99088294
1_99088402,NLR,1,99088402
1_99093337,NLR,1,99093337
1_99093504,NLR,1,99093504
1_99536126,Microbiome_Permuted,1,99536126
2_1091552,NLR,2,1091552
2_15177992,Microbiome,2,15177992
2_16122873,NLR,2,16122873
2_16124330,NLR,2,16124330
2_16124518,NLR,2,16124518
2_16963169,NLR,2,16963169
2_19821986,Microbiome,2,19821986
2_19916693,Microbiome,2,19916693
2_20565450,Microbiome,2,20565450
2_20607984,Microbiome,2,20607984
2_20608032,Microbiome,2,20608032
2_20625809,Microbiome,2,20625809
2_20626075,Microbiome,2,20626075
2_2085321,NLR,2,2085321
2_2086052,NLR,2,2086052
2_2086247,NLR,2,2086247
2_20944600,NLR,2,20944600
2_2207599,Microbiome_Permuted,2,2207599
2_2209390,Microbiome_Permuted,2,2209390
2_2216454,Microbiome_Permuted,2,2216454
2_2637672,Microbiome_Permuted,2,2637672
2_2641305,Microbiome_Permuted,2,2641305
2_2762441,NLR,2,2762441
2_2763281,NLR,2,2763281
2_2828421,Microbiome_Permuted,2,2828421
2_2830745,Microbiome_Permuted,2,2830745
2_2830746,Microbiome_Permuted,2,2830746
2_3022163,Microbiome_Permuted,2,3022163
2_3023276,Microbiome_Permuted,2,3023276
2_32100530,Microbiome_Permuted,2,32100530
2_32107433,Microbiome_Permuted,2,32107433
2_32403379,Abiotic_Permuted,2,32403379
2_32430336,NLR,2,32430336
2_32431141,NLR,2,32431141
2_32431295,NLR,2,32431295
2_32431615,NLR,2,32431615
2_32432000,NLR,2,32432000
2_3395146,Microbiome_Permuted,2,3395146
2_3396599,Microbiome_Permuted,2,3396599
2_3402173,Microbiome_Permuted,2,3402173
2_3402652,Microbiome_Permuted,2,3402652
2_3405189,Microbiome_Permuted,2,3405189
2_3407483,Abiotic,2,3407483
2_3431003,Microbiome_Permuted,2,3431003
2_3676323,Microbiome_Permuted,2,3676323
2_3715120,Microbiome_Permuted,2,3715120
2_3717608,Microbiome_Permuted,2,3717608
2_3719437,Microbiome_Permuted,2,3719437
2_3721287,Microbiome_Permuted,2,3721287
2_3724142,Microbiome_Permuted,2,3724142
2_3976261,Microbiome_Permuted,2,3976261
2_3977143,Microbiome_Permuted,2,3977143
2_3978591,Microbiome_Permuted,2,3978591
2_3979958,Microbiome_Permuted,2,3979958
2_4063172,Microbiome_Permuted,2,4063172
2_42355410,NLR,2,42355410
2_42356017,NLR,2,42356017
2_43386203,NLR,2,43386203
2_43388464,NLR,2,43388464
2_43388625,NLR,2,43388625
2_43415123,NLR,2,43415123
2_43415374,NLR,2,43415374
2_43415771,NLR,2,43415771
2_43416326,NLR,2,43416326
2_43417305,NLR,2,43417305
2_43458495,NLR,2,43458495
2_43458984,NLR,2,43458984
2_43460362,NLR,2,43460362
2_43460476,NLR,2,43460476
2_43460517,NLR,2,43460517
2_43467974,NLR,2,43467974
2_43468624,NLR,2,43468624
2_43468970,NLR,2,43468970
2_43469162,NLR,2,43469162
2_43513169,NLR,2,43513169
2_43513291,NLR,2,43513291
2_43513540,NLR,2,43513540
2_43515007,NLR,2,43515007
2_43515252,NLR,2,43515252
2_44368535,NLR,2,44368535
2_44369767,NLR,2,44369767
2_44369773,NLR,2,44369773
2_44370130,NLR,2,44370130
2_44370880,NLR,2,44370880
2_44370883,NLR,2,44370883
2_44370884,NLR,2,44370884
2_44370956,NLR,2,44370956
2_44370958,NLR,2,44370958
2_44371144,NLR,2,44371144
2_44371276,NLR,2,44371276
2_44407646,NLR,2,44407646
2_44407845,NLR,2,44407845
2_44408477,NLR,2,44408477
2_44408819,NLR,2,44408819
2_44409030,NLR,2,44409030
2_44451120,NLR,2,44451120
2_44451122,NLR,2,44451122
2_44451135,NLR,2,44451135
2_44451137,NLR,2,44451137
2_44451140,NLR,2,44451140
2_44451150,NLR,2,44451150
2_44451154,NLR,2,44451154
2_44451164,NLR,2,44451164
2_44464857,NLR,2,44464857
2_44465120,NLR,2,44465120
2_44465964,NLR,2,44465964
2_44466220,Abiotic_Permuted,2,44466220
2_45031746,Microbiome,2,45031746
2_45032076,Microbiome,2,45032076
2_45032417,Microbiome,2,45032417
2_45236624,Microbiome,2,45236624
2_45238846,Microbiome,2,45238846
2_4668307,Microbiome_Permuted,2,4668307
2_4670050,Microbiome_Permuted,2,4670050
2_4671348,Microbiome_Permuted,2,4671348
2_46940470,Microbiome_Permuted,2,46940470
2_46940723,Microbiome_Permuted,2,46940723
2_46941041,Microbiome_Permuted,2,46941041
2_46941254,Microbiome_Permuted,2,46941254
2_46942151,Microbiome_Permuted,2,46942151
2_46942318,Microbiome_Permuted,2,46942318
2_46942329,Microbiome_Permuted,2,46942329
2_46943513,Microbiome_Permuted,2,46943513
2_46943640,Microbiome_Permuted,2,46943640
2_4724986,Microbiome_Permuted,2,4724986
2_47545189,NLR,2,47545189
2_47546012,NLR,2,47546012
2_4798762,Microbiome_Permuted,2,4798762
2_48297239,NLR,2,48297239
2_48297733,NLR,2,48297733
2_48297891,NLR,2,48297891
2_48298143,NLR,2,48298143
2_48298159,NLR,2,48298159
2_48298486,NLR,2,48298486
2_48298895,NLR,2,48298895
2_48299026,NLR,2,48299026
2_48299157,NLR,2,48299157
2_48299207,NLR,2,48299207
2_5010942,Microbiome_Permuted,2,5010942
2_50565623,Microbiome,2,50565623
2_50588919,Microbiome,2,50588919
2_50697398,Microbiome_Permuted,2,50697398
2_50697707,Microbiome_Permuted,2,50697707
2_50698254,Microbiome_Permuted,2,50698254
2_50698431,Microbiome_Permuted,2,50698431
2_50698485,Microbiome_Permuted,2,50698485
2_50701205,Microbiome_Permuted,2,50701205
2_50701944,Microbiome_Permuted,2,50701944
2_50897997,Microbiome,2,50897997
2_50978126,Microbiome_Permuted,2,50978126
2_5163696,Microbiome_Permuted,2,5163696
2_5182646,Microbiome_Permuted,2,5182646
2_51932852,Microbiome_Permuted,2,51932852
2_52533814,Microbiome_Permuted,2,52533814
2_52679415,NLR,2,52679415
2_52679537,NLR,2,52679537
2_52681635,NLR,2,52681635
2_5294785,Microbiome_Permuted,2,5294785
2_5299644,Microbiome_Permuted,2,5299644
2_5300274,Microbiome_Permuted,2,5300274
2_5381423,Microbiome_Permuted,2,5381423
2_5485232,Microbiome_Permuted,2,5485232
2_5539633,Microbiome_Permuted,2,5539633
2_5542393,Microbiome_Permuted,2,5542393
2_5546618,Microbiome_Permuted,2,5546618
2_5547058,Microbiome_Permuted,2,5547058
2_55981367,Microbiome_Permuted,2,55981367
2_5599137,Microbiome_Permuted,2,5599137
2_56021726,Microbiome_Permuted,2,56021726
2_56068503,Microbiome_Permuted,2,56068503
2_5609395,Microbiome_Permuted,2,5609395
2_56482647,Microbiome_Permuted,2,56482647
2_5658786,Microbiome_Permuted,2,5658786
2_5676836,Microbiome_Permuted,2,5676836
2_56999969,Microbiome_Permuted,2,56999969
2_57000290,Microbiome_Permuted,2,57000290
2_57107152,Microbiome_Permuted,2,57107152
2_57122127,Microbiome_Permuted,2,57122127
2_58071959,Microbiome_Permuted,2,58071959
2_5864413,Microbiome_Permuted,2,5864413
2_5867989,Microbiome_Permuted,2,5867989
2_5868683,Microbiome,2,5868683
2_5868753,Microbiome_Permuted,2,5868753
2_58713305,NLR,2,58713305
2_58713350,NLR,2,58713350
2_58713356,NLR,2,58713356
2_58713449,NLR,2,58713449
2_58713512,NLR,2,58713512
2_58713518,NLR,2,58713518
2_58713525,NLR,2,58713525
2_58713539,NLR,2,58713539
2_58713549,NLR,2,58713549
2_58713614,NLR,2,58713614
2_58713615,NLR,2,58713615
2_58714507,NLR,2,58714507
2_58714662,NLR,2,58714662
2_58714733,NLR,2,58714733
2_58714738,NLR,2,58714738
2_58714751,NLR,2,58714751
2_58715186,NLR,2,58715186
2_58715750,NLR,2,58715750
2_58715758,NLR,2,58715758
2_58715893,NLR,2,58715893
2_58715900,NLR,2,58715900
2_58716103,NLR,2,58716103
2_58716104,NLR,2,58716104
2_58716171,NLR,2,58716171
2_5880117,Microbiome,2,5880117
2_59253147,NLR,2,59253147
2_59254549,NLR,2,59254549
2_59254975,NLR,2,59254975
2_59278014,NLR,2,59278014
2_5928768,Microbiome_Permuted,2,5928768
2_59305496,NLR,2,59305496
2_5932256,Microbiome_Permuted,2,5932256
2_59327858,NLR,2,59327858
2_59327891,NLR,2,59327891
2_59328407,NLR,2,59328407
2_59328425,NLR,2,59328425
2_59328456,NLR,2,59328456
2_59328502,NLR,2,59328502
2_59328520,NLR,2,59328520
2_59328523,NLR,2,59328523
2_59328531,NLR,2,59328531
2_59328532,NLR,2,59328532
2_59328543,NLR,2,59328543
2_59328549,NLR,2,59328549
2_59328552,NLR,2,59328552
2_59328576,NLR,2,59328576
2_59328600,NLR,2,59328600
2_59329157,NLR,2,59329157
2_59329177,NLR,2,59329177
2_59329882,NLR,2,59329882
2_5933259,Microbiome_Permuted,2,5933259
2_59344087,NLR,2,59344087
2_59344965,NLR,2,59344965
2_59345040,NLR,2,59345040
2_59345050,NLR,2,59345050
2_59345108,NLR,2,59345108
2_59345134,NLR,2,59345134
2_59345152,NLR,2,59345152
2_59345178,NLR,2,59345178
2_59345194,NLR,2,59345194
2_59345205,NLR,2,59345205
2_59345317,NLR,2,59345317
2_59345325,NLR,2,59345325
2_59345337,NLR,2,59345337
2_59345350,NLR,2,59345350
2_59345459,NLR,2,59345459
2_59345464,NLR,2,59345464
2_59345513,NLR,2,59345513
2_59345599,NLR,2,59345599
2_59345729,NLR,2,59345729
2_59346461,NLR,2,59346461
2_59346577,NLR,2,59346577
2_59346621,NLR,2,59346621
2_59346638,NLR,2,59346638
2_59346648,NLR,2,59346648
2_59346670,NLR,2,59346670
2_59346712,NLR,2,59346712
2_59346716,NLR,2,59346716
2_59346722,NLR,2,59346722
2_59346727,NLR,2,59346727
2_59346746,NLR,2,59346746
2_59346755,NLR,2,59346755
2_59347289,NLR,2,59347289
2_59347322,NLR,2,59347322
2_59347613,NLR,2,59347613
2_59347650,NLR,2,59347650
2_59347651,NLR,2,59347651
2_59347654,NLR,2,59347654
2_59347698,NLR,2,59347698
2_59347714,NLR,2,59347714
2_59347719,NLR,2,59347719
2_59347723,NLR,2,59347723
2_59347724,NLR,2,59347724
2_59347735,NLR,2,59347735
2_59347765,NLR,2,59347765
2_59347780,NLR,2,59347780
2_59347819,NLR,2,59347819
2_59347843,NLR,2,59347843
2_59347914,NLR,2,59347914
2_59347921,NLR,2,59347921
2_59347928,NLR,2,59347928
2_59347939,NLR,2,59347939
2_59347947,NLR,2,59347947
2_59347968,NLR,2,59347968
2_59348204,NLR,2,59348204
2_59348353,NLR,2,59348353
2_59348935,NLR,2,59348935
2_59349860,NLR,2,59349860
2_59350159,NLR,2,59350159
2_59354128,NLR,2,59354128
2_59361195,NLR,2,59361195
2_59363450,NLR,2,59363450
2_59363641,NLR,2,59363641
2_59363980,NLR,2,59363980
2_59364962,NLR,2,59364962
2_59365500,NLR,2,59365500
2_59366701,NLR,2,59366701
2_59367214,NLR,2,59367214
2_59383342,NLR,2,59383342
2_59385856,NLR,2,59385856
2_59414363,NLR,2,59414363
2_59415224,NLR,2,59415224
2_59415446,NLR,2,59415446
2_59415549,NLR,2,59415549
2_59416570,NLR,2,59416570
2_59421680,NLR,2,59421680
2_59421799,NLR,2,59421799
2_59422392,NLR,2,59422392
2_59422403,NLR,2,59422403
2_59422415,NLR,2,59422415
2_59422898,NLR,2,59422898
2_59422993,NLR,2,59422993
2_59423072,NLR,2,59423072
2_59423343,NLR,2,59423343
2_59423634,NLR,2,59423634
2_59424087,NLR,2,59424087
2_59424334,NLR,2,59424334
2_59424452,NLR,2,59424452
2_59424754,NLR,2,59424754
2_59424894,NLR,2,59424894
2_59425197,NLR,2,59425197
2_59425505,NLR,2,59425505
2_59425633,NLR,2,59425633
2_59425810,NLR,2,59425810
2_59425871,NLR,2,59425871
2_59426222,NLR,2,59426222
2_59426267,NLR,2,59426267
2_59426289,NLR,2,59426289
2_59426701,NLR,2,59426701
2_59427518,NLR,2,59427518
2_59427796,NLR,2,59427796
2_59428154,NLR,2,59428154
2_59428494,NLR,2,59428494
2_59428973,NLR,2,59428973
2_59429272,NLR,2,59429272
2_59429458,NLR,2,59429458
2_59429717,NLR,2,59429717
2_59430877,NLR,2,59430877
2_5972337,Microbiome_Permuted,2,5972337
2_59876300,Microbiome,2,59876300
2_59876439,Microbiome,2,59876439
2_59877009,NLR,2,59877009
2_6006129,Microbiome,2,6006129
2_6006243,Microbiome,2,6006243
2_60101528,NLR,2,60101528
2_60101762,NLR,2,60101762
2_60101770,NLR,2,60101770
2_60101772,NLR,2,60101772
2_60101801,NLR,2,60101801
2_60101839,NLR,2,60101839
2_60101887,NLR,2,60101887
2_60101902,NLR,2,60101902
2_60101911,NLR,2,60101911
2_60101963,NLR,2,60101963
2_60101996,NLR,2,60101996
2_60102023,NLR,2,60102023
2_60102032,NLR,2,60102032
2_60102054,NLR,2,60102054
2_60102058,NLR,2,60102058
2_60102116,NLR,2,60102116
2_60102207,NLR,2,60102207
2_60102457,NLR,2,60102457
2_60103061,NLR,2,60103061
2_60103064,NLR,2,60103064
2_60103067,NLR,2,60103067
2_60103075,NLR,2,60103075
2_60103081,NLR,2,60103081
2_60103234,NLR,2,60103234
2_60103238,NLR,2,60103238
2_60103248,NLR,2,60103248
2_60103250,NLR,2,60103250
2_60103255,NLR,2,60103255
2_60103315,NLR,2,60103315
2_60103328,NLR,2,60103328
2_60103329,NLR,2,60103329
2_60103332,NLR,2,60103332
2_60103335,NLR,2,60103335
2_60103353,NLR,2,60103353
2_60103568,NLR,2,60103568
2_60103569,NLR,2,60103569
2_60103590,NLR,2,60103590
2_60104338,NLR,2,60104338
2_60104352,NLR,2,60104352
2_6015536,Microbiome,2,6015536
2_6015786,Microbiome,2,6015786
2_60223783,NLR,2,60223783
2_60223786,NLR,2,60223786
2_60223791,NLR,2,60223791
2_60223797,NLR,2,60223797
2_60223804,NLR,2,60223804
2_60223829,NLR,2,60223829
2_60223832,NLR,2,60223832
2_60223838,NLR,2,60223838
2_60223878,NLR,2,60223878
2_60223886,NLR,2,60223886
2_60224015,NLR,2,60224015
2_60224018,NLR,2,60224018
2_60224057,NLR,2,60224057
2_60224060,NLR,2,60224060
2_60224070,NLR,2,60224070
2_60224087,NLR,2,60224087
2_60224177,NLR,2,60224177
2_60224184,NLR,2,60224184
2_60224741,NLR,2,60224741
2_60224746,NLR,2,60224746
2_60224747,NLR,2,60224747
2_60224789,NLR,2,60224789
2_60224795,NLR,2,60224795
2_60224823,NLR,2,60224823
2_60224851,NLR,2,60224851
2_60224876,NLR,2,60224876
2_60224899,NLR,2,60224899
2_60224956,NLR,2,60224956
2_60224958,NLR,2,60224958
2_60234933,NLR,2,60234933
2_60235175,NLR,2,60235175
2_60235292,NLR,2,60235292
2_60235303,NLR,2,60235303
2_60235308,NLR,2,60235308
2_60235319,NLR,2,60235319
2_60235413,NLR,2,60235413
2_60236004,NLR,2,60236004
2_60236619,NLR,2,60236619
2_60237012,NLR,2,60237012
2_60237018,NLR,2,60237018
2_60268014,NLR,2,60268014
2_60268026,NLR,2,60268026
2_60268034,NLR,2,60268034
2_60268037,NLR,2,60268037
2_60268038,NLR,2,60268038
2_60268040,NLR,2,60268040
2_60268048,NLR,2,60268048
2_60268053,NLR,2,60268053
2_60268139,NLR,2,60268139
2_60268179,NLR,2,60268179
2_60268181,NLR,2,60268181
2_60269524,NLR,2,60269524
2_60269560,NLR,2,60269560
2_60269635,NLR,2,60269635
2_60269827,NLR,2,60269827
2_60281483,NLR,2,60281483
2_60281851,NLR,2,60281851
2_60282327,NLR,2,60282327
2_60282929,NLR,2,60282929
2_60511228,NLR,2,60511228
2_6063460,Microbiome,2,6063460
2_6067027,Microbiome,2,6067027
2_61128598,Microbiome,2,61128598
2_61401571,NLR,2,61401571
2_61420709,NLR,2,61420709
2_61421060,NLR,2,61421060
2_61421550,NLR,2,61421550
2_61423541,Microbiome,2,61423541
2_61436860,NLR,2,61436860
2_61436953,NLR,2,61436953
2_61436963,NLR,2,61436963
2_61482081,NLR,2,61482081
2_61483328,NLR,2,61483328
2_61483704,NLR,2,61483704
2_61484170,NLR,2,61484170
2_61484510,NLR,2,61484510
2_61493255,NLR,2,61493255
2_61493508,NLR,2,61493508
2_61495251,NLR,2,61495251
2_61495505,NLR,2,61495505
2_61496474,NLR,2,61496474
2_61497169,NLR,2,61497169
2_61516349,NLR,2,61516349
2_61517449,NLR,2,61517449
2_61815235,Microbiome,2,61815235
2_62044231,Microbiome,2,62044231
2_6333220,Microbiome,2,6333220
2_6333337,Microbiome,2,6333337
2_6333678,Microbiome,2,6333678
2_6333943,Microbiome,2,6333943
2_6334307,Microbiome,2,6334307
2_6335597,Microbiome,2,6335597
2_6342152,Microbiome,2,6342152
2_64909717,NLR,2,64909717
2_64911159,NLR,2,64911159
2_64914022,NLR,2,64914022
2_64914714,NLR,2,64914714
2_64914720,NLR,2,64914720
2_64914976,NLR,2,64914976
2_64987910,Microbiome,2,64987910
2_64997971,Microbiome,2,64997971
2_65000759,Microbiome,2,65000759
2_65001305,Microbiome,2,65001305
2_65116362,NLR,2,65116362
2_65116379,NLR,2,65116379
2_65116423,NLR,2,65116423
2_65116431,NLR,2,65116431
2_65117279,NLR,2,65117279
2_65117328,NLR,2,65117328
2_65117484,NLR,2,65117484
2_65117948,NLR,2,65117948
2_65117950,NLR,2,65117950
2_65118141,NLR,2,65118141
2_65118170,NLR,2,65118170
2_65118177,NLR,2,65118177
2_65118487,NLR,2,65118487
2_65118569,NLR,2,65118569
2_65118575,NLR,2,65118575
2_65118596,NLR,2,65118596
2_65118600,NLR,2,65118600
2_65119024,NLR,2,65119024
2_65119025,NLR,2,65119025
2_65119102,NLR,2,65119102
2_6512383,Microbiome,2,6512383
2_6512911,Microbiome,2,6512911
2_65357013,NLR,2,65357013
2_65357018,NLR,2,65357018
2_65357022,NLR,2,65357022
2_65357059,NLR,2,65357059
2_65357060,NLR,2,65357060
2_65357115,NLR,2,65357115
2_6615297,Microbiome,2,6615297
2_6616630,Microbiome,2,6616630
2_6618195,Microbiome,2,6618195
2_6619307,Microbiome,2,6619307
2_6619316,Microbiome,2,6619316
2_6619774,Microbiome,2,6619774
2_6619775,Microbiome,2,6619775
2_6679371,Microbiome,2,6679371
2_6680100,Microbiome,2,6680100
2_6680101,Microbiome,2,6680101
2_6680305,Microbiome,2,6680305
2_6681457,Microbiome,2,6681457
2_6696251,Microbiome,2,6696251
2_67697131,Microbiome_Permuted,2,67697131
2_67754290,Microbiome_Permuted,2,67754290
2_67756144,Microbiome_Permuted,2,67756144
2_70478295,Abiotic_Permuted,2,70478295
2_71335026,Microbiome_Permuted,2,71335026
2_71351215,Microbiome_Permuted,2,71351215
2_71636246,Microbiome_Permuted,2,71636246
2_72353723,NLR,2,72353723
2_72355229,NLR,2,72355229
2_72360624,NLR,2,72360624
2_72360985,NLR,2,72360985
2_72360990,NLR,2,72360990
2_72361168,NLR,2,72361168
2_72361199,NLR,2,72361199
2_72362038,NLR,2,72362038
2_72362121,NLR,2,72362121
2_72362151,NLR,2,72362151
2_72362497,NLR,2,72362497
2_72362891,NLR,2,72362891
2_72362905,NLR,2,72362905
2_72363369,NLR,2,72363369
2_72363556,NLR,2,72363556
2_72833758,Microbiome,2,72833758
2_72838274,Microbiome,2,72838274
2_72839251,Microbiome,2,72839251
2_72839317,Microbiome,2,72839317
2_72860243,Microbiome,2,72860243
2_72919914,Microbiome,2,72919914
2_72923100,Microbiome,2,72923100
2_72968966,Microbiome,2,72968966
2_72996944,Microbiome_Permuted,2,72996944
2_73272074,Microbiome_Permuted,2,73272074
2_73328171,Microbiome,2,73328171
2_73328779,Microbiome,2,73328779
2_73328875,Microbiome,2,73328875
2_73439694,NLR,2,73439694
2_73439756,NLR,2,73439756
2_73439841,NLR,2,73439841
2_73441407,NLR,2,73441407
2_73441567,NLR,2,73441567
2_74485651,Abiotic_Permuted,2,74485651
2_75275192,Microbiome_Permuted,2,75275192
2_75279005,Microbiome_Permuted,2,75279005
2_75281164,Microbiome_Permuted,2,75281164
2_75573989,Microbiome,2,75573989
2_75656472,Microbiome,2,75656472
2_75669032,Microbiome,2,75669032
2_75669562,Microbiome,2,75669562
2_75670106,Microbiome,2,75670106
2_75670614,Microbiome,2,75670614
2_75671581,Microbiome,2,75671581
2_75671783,Microbiome,2,75671783
2_75681805,Microbiome,2,75681805
2_75682054,Microbiome,2,75682054
2_75682125,Microbiome,2,75682125
2_75682973,Microbiome,2,75682973
2_75719214,Microbiome,2,75719214
2_75720504,Microbiome,2,75720504
2_75721337,Microbiome,2,75721337
2_75722990,Microbiome,2,75722990
2_75723948,Microbiome,2,75723948
2_75725349,Microbiome,2,75725349
2_75726459,Microbiome,2,75726459
2_75728178,Microbiome,2,75728178
2_75788071,Microbiome,2,75788071
2_75789584,Microbiome,2,75789584
2_75789924,Microbiome,2,75789924
2_75793337,Microbiome,2,75793337
2_75796767,Microbiome,2,75796767
2_75799812,Microbiome,2,75799812
2_75799977,Microbiome,2,75799977
2_75932454,Microbiome,2,75932454
2_75934591,Microbiome,2,75934591
2_75944600,Microbiome,2,75944600
2_76019416,Microbiome,2,76019416
2_76020236,Microbiome,2,76020236
2_76026198,Microbiome,2,76026198
2_76031057,Microbiome,2,76031057
2_76035964,Microbiome,2,76035964
2_76036152,Microbiome,2,76036152
2_76036301,Microbiome,2,76036301
2_76036790,Microbiome,2,76036790
2_76125884,Microbiome,2,76125884
2_76127070,Microbiome,2,76127070
2_76128088,Microbiome,2,76128088
2_76134077,Microbiome,2,76134077
2_76149149,Microbiome,2,76149149
2_76149150,Microbiome,2,76149150
2_76149321,Microbiome,2,76149321
2_76149400,Microbiome,2,76149400
2_76149523,Microbiome,2,76149523
2_76149529,Microbiome,2,76149529
2_76151739,Microbiome,2,76151739
2_76152122,Microbiome,2,76152122
2_76152233,Microbiome,2,76152233
2_76154264,Microbiome,2,76154264
2_76155132,Microbiome,2,76155132
2_76155486,Microbiome,2,76155486
2_76155840,Microbiome,2,76155840
2_76155911,Microbiome,2,76155911
2_76156042,Microbiome,2,76156042
2_76156049,Microbiome,2,76156049
2_76156081,Microbiome,2,76156081
2_76156091,Microbiome,2,76156091
2_76156273,Microbiome,2,76156273
2_76156719,Microbiome,2,76156719
2_76157797,Microbiome,2,76157797
2_76161642,Microbiome,2,76161642
2_76162294,Microbiome,2,76162294
2_76163500,Microbiome,2,76163500
2_76167382,Microbiome,2,76167382
2_76167619,Microbiome,2,76167619
2_76167792,Microbiome,2,76167792
2_76168164,Microbiome,2,76168164
2_76168215,Microbiome,2,76168215
2_76168306,Microbiome,2,76168306
2_76168335,Microbiome,2,76168335
2_76168509,Microbiome,2,76168509
2_76168625,Microbiome,2,76168625
2_76168699,Microbiome,2,76168699
2_76168703,Microbiome,2,76168703
2_76169008,Microbiome,2,76169008
2_76174557,Microbiome,2,76174557
2_76177479,Microbiome,2,76177479
2_76181717,Microbiome,2,76181717
2_76185000,Microbiome,2,76185000
2_76185838,Microbiome,2,76185838
2_76187126,Microbiome,2,76187126
2_76188938,Microbiome,2,76188938
2_76189498,Microbiome,2,76189498
2_76190567,Microbiome,2,76190567
2_76193206,Microbiome,2,76193206
2_76193778,Microbiome,2,76193778
2_76769518,Microbiome,2,76769518
2_76858421,Microbiome,2,76858421
2_77085637,Microbiome,2,77085637
2_78233168,Microbiome,2,78233168
2_78441073,Microbiome,2,78441073
2_78461040,NLR,2,78461040
2_78462359,NLR,2,78462359
2_78471299,Microbiome,2,78471299
2_78478806,Microbiome,2,78478806
2_78478830,Microbiome,2,78478830
2_78478831,Microbiome,2,78478831
2_78478896,Microbiome,2,78478896
2_78479152,Microbiome,2,78479152
2_78479423,Microbiome,2,78479423
2_78556645,NLR,2,78556645
2_78583135,Microbiome,2,78583135
2_78586667,Microbiome,2,78586667
2_78587235,Microbiome,2,78587235
2_78606912,Microbiome,2,78606912
2_78609830,Microbiome,2,78609830
2_78650259,Microbiome,2,78650259
2_78652743,Microbiome,2,78652743
2_78805972,Microbiome,2,78805972
2_78806010,Microbiome,2,78806010
2_78995153,NLR,2,78995153
2_78995240,NLR,2,78995240
2_78996694,NLR,2,78996694
2_79001646,NLR,2,79001646
2_79002384,NLR,2,79002384
2_79275803,Microbiome_Permuted,2,79275803
2_79320158,Microbiome,2,79320158
2_79381234,Microbiome,2,79381234
2_79985424,Microbiome_Permuted,2,79985424
2_80025502,Microbiome,2,80025502
2_80405751,Microbiome,2,80405751
2_81676953,NLR,2,81676953
2_81678056,NLR,2,81678056
2_81678881,NLR,2,81678881
2_81679033,NLR,2,81679033
2_81690237,NLR,2,81690237
2_81691301,NLR,2,81691301
2_81794455,NLR,2,81794455
2_81794611,NLR,2,81794611
2_81794614,NLR,2,81794614
2_81794616,NLR,2,81794616
2_81794627,NLR,2,81794627
2_81794628,NLR,2,81794628
2_81794663,NLR,2,81794663
2_81794683,NLR,2,81794683
2_81794685,NLR,2,81794685
2_81794686,NLR,2,81794686
2_81794689,NLR,2,81794689
2_81794691,NLR,2,81794691
2_81794694,NLR,2,81794694
2_81794695,NLR,2,81794695
2_81794700,NLR,2,81794700
2_81794945,NLR,2,81794945
2_81795678,NLR,2,81795678
2_81795738,NLR,2,81795738
2_81795907,NLR,2,81795907
2_81796070,NLR,2,81796070
2_81796877,NLR,2,81796877
2_81797276,Microbiome,2,81797276
2_81797469,NLR,2,81797469
2_81802648,NLR,2,81802648
2_81805467,NLR,2,81805467
2_81879689,NLR,2,81879689
2_81881892,NLR,2,81881892
2_81881894,NLR,2,81881894
2_81881895,NLR,2,81881895
2_81881896,NLR,2,81881896
2_81881902,NLR,2,81881902
2_81881909,NLR,2,81881909
2_81897017,NLR,2,81897017
2_81897623,NLR,2,81897623
2_81897872,NLR,2,81897872
2_81897874,NLR,2,81897874
2_81897875,NLR,2,81897875
2_81897916,NLR,2,81897916
2_81897935,NLR,2,81897935
2_81897961,NLR,2,81897961
2_81897989,NLR,2,81897989
2_81898068,NLR,2,81898068
2_81898069,NLR,2,81898069
2_81898070,NLR,2,81898070
2_81898134,NLR,2,81898134
2_81898139,NLR,2,81898139
2_81908896,NLR,2,81908896
2_81909224,NLR,2,81909224
2_81909245,NLR,2,81909245
2_81909337,NLR,2,81909337
2_81909379,NLR,2,81909379
2_81909383,NLR,2,81909383
2_81909384,NLR,2,81909384
2_81909399,NLR,2,81909399
2_81909415,NLR,2,81909415
2_81909427,NLR,2,81909427
2_81909447,NLR,2,81909447
2_81909448,NLR,2,81909448
2_81909529,NLR,2,81909529
2_81909538,NLR,2,81909538
2_81909554,NLR,2,81909554
2_81909644,NLR,2,81909644
2_81909744,NLR,2,81909744
2_81909748,NLR,2,81909748
2_81909761,NLR,2,81909761
2_81909894,NLR,2,81909894
2_81909903,NLR,2,81909903
2_81909965,NLR,2,81909965
2_81910186,NLR,2,81910186
2_81910190,NLR,2,81910190
2_81910192,NLR,2,81910192
2_81910195,NLR,2,81910195
2_81910225,NLR,2,81910225
2_81910250,NLR,2,81910250
2_81910254,NLR,2,81910254
2_81910284,NLR,2,81910284
2_81910288,NLR,2,81910288
2_81910384,NLR,2,81910384
2_81910399,NLR,2,81910399
2_81910500,NLR,2,81910500
2_81910555,NLR,2,81910555
2_81910598,NLR,2,81910598
2_81910617,NLR,2,81910617
2_81910673,NLR,2,81910673
2_81910676,NLR,2,81910676
2_81910685,NLR,2,81910685
2_81910697,NLR,2,81910697
2_81910706,NLR,2,81910706
2_81910727,NLR,2,81910727
2_81910748,NLR,2,81910748
2_81910817,NLR,2,81910817
2_81910818,NLR,2,81910818
2_81910835,NLR,2,81910835
2_81910863,NLR,2,81910863
2_81910942,NLR,2,81910942
2_81910943,NLR,2,81910943
2_81910944,NLR,2,81910944
2_81911008,NLR,2,81911008
2_81911013,NLR,2,81911013
2_81911017,NLR,2,81911017
2_81911023,NLR,2,81911023
2_81911038,NLR,2,81911038
2_81911040,NLR,2,81911040
2_81911074,NLR,2,81911074
2_81911080,NLR,2,81911080
2_81911166,NLR,2,81911166
2_81926898,NLR,2,81926898
2_81926905,NLR,2,81926905
2_81926913,NLR,2,81926913
2_81927012,NLR,2,81927012
2_81927068,NLR,2,81927068
2_81993258,NLR,2,81993258
2_81993274,NLR,2,81993274
2_81993294,NLR,2,81993294
2_81993297,NLR,2,81993297
2_81993303,NLR,2,81993303
2_81993329,NLR,2,81993329
2_81993341,NLR,2,81993341
2_81993403,NLR,2,81993403
2_82050762,NLR,2,82050762
2_82050788,NLR,2,82050788
2_82050800,NLR,2,82050800
2_82050801,NLR,2,82050801
2_82050957,NLR,2,82050957
2_82052113,NLR,2,82052113
2_82052254,NLR,2,82052254
2_82052304,NLR,2,82052304
2_82052455,NLR,2,82052455
2_82052458,NLR,2,82052458
2_82052781,NLR,2,82052781
2_82052812,NLR,2,82052812
2_82052831,NLR,2,82052831
2_82052842,NLR,2,82052842
2_82052848,NLR,2,82052848
2_82052854,NLR,2,82052854
2_82052882,NLR,2,82052882
2_82053011,NLR,2,82053011
2_82053022,NLR,2,82053022
2_82053023,NLR,2,82053023
2_82053024,NLR,2,82053024
2_82053034,NLR,2,82053034
2_82053089,NLR,2,82053089
2_82053095,NLR,2,82053095
2_82113701,Microbiome_Permuted,2,82113701
2_82113758,Microbiome_Permuted,2,82113758
2_82113777,Microbiome_Permuted,2,82113777
2_82113833,Microbiome_Permuted,2,82113833
2_82113890,Microbiome_Permuted,2,82113890
2_82113915,Microbiome_Permuted,2,82113915
2_82113931,Microbiome_Permuted,2,82113931
2_82114156,Microbiome_Permuted,2,82114156
2_82114199,Microbiome_Permuted,2,82114199
2_82114210,Microbiome_Permuted,2,82114210
2_82114224,Microbiome_Permuted,2,82114224
2_82114274,Microbiome_Permuted,2,82114274
2_82114275,Microbiome_Permuted,2,82114275
2_82114289,Microbiome_Permuted,2,82114289
2_82114307,Microbiome_Permuted,2,82114307
2_82114308,Microbiome_Permuted,2,82114308
2_82114310,Microbiome_Permuted,2,82114310
2_82114339,Microbiome_Permuted,2,82114339
2_82118288,Microbiome_Permuted,2,82118288
2_82347118,Microbiome_Permuted,2,82347118
2_82578698,Microbiome_Permuted,2,82578698
2_82578702,Microbiome_Permuted,2,82578702
2_82578836,Microbiome_Permuted,2,82578836
2_82578837,Microbiome_Permuted,2,82578837
2_82687009,NLR,2,82687009
2_82687012,NLR,2,82687012
2_82687013,NLR,2,82687013
2_82687014,NLR,2,82687014
2_82687018,NLR,2,82687018
2_82687071,NLR,2,82687071
2_82687074,NLR,2,82687074
2_82687086,NLR,2,82687086
2_82687099,NLR,2,82687099
2_82687101,NLR,2,82687101
2_82687106,NLR,2,82687106
2_82687348,NLR,2,82687348
2_82687446,NLR,2,82687446
2_82687600,NLR,2,82687600
2_82687609,NLR,2,82687609
2_82687610,NLR,2,82687610
2_82687621,NLR,2,82687621
2_82687627,NLR,2,82687627
2_82687662,NLR,2,82687662
2_82687680,NLR,2,82687680
2_82687693,NLR,2,82687693
2_82687702,NLR,2,82687702
2_82687707,NLR,2,82687707
2_82687734,NLR,2,82687734
2_82687737,NLR,2,82687737
2_82687766,NLR,2,82687766
2_82687771,NLR,2,82687771
2_82687773,NLR,2,82687773
2_82687774,NLR,2,82687774
2_82687780,NLR,2,82687780
2_82687830,NLR,2,82687830
2_82687838,NLR,2,82687838
2_82687839,NLR,2,82687839
2_82687840,NLR,2,82687840
2_82687857,NLR,2,82687857
2_82687859,NLR,2,82687859
2_82687860,NLR,2,82687860
2_82687864,NLR,2,82687864
2_82687875,NLR,2,82687875
2_82687922,NLR,2,82687922
2_82687930,NLR,2,82687930
2_82687932,NLR,2,82687932
2_82687935,NLR,2,82687935
2_82687940,NLR,2,82687940
2_82687958,NLR,2,82687958
2_82687961,NLR,2,82687961
2_82687965,NLR,2,82687965
2_82688001,NLR,2,82688001
2_82688011,NLR,2,82688011
2_82688013,NLR,2,82688013
2_82688027,NLR,2,82688027
2_82688073,NLR,2,82688073
2_82688079,NLR,2,82688079
2_82688175,NLR,2,82688175
2_82688180,NLR,2,82688180
2_82688233,NLR,2,82688233
2_82688252,NLR,2,82688252
2_82688257,NLR,2,82688257
2_82688269,NLR,2,82688269
2_82688284,NLR,2,82688284
2_82688297,NLR,2,82688297
2_82688298,NLR,2,82688298
2_82688315,NLR,2,82688315
2_82688366,NLR,2,82688366
2_82688376,NLR,2,82688376
2_82688392,NLR,2,82688392
2_82688412,NLR,2,82688412
2_82688413,NLR,2,82688413
2_82688418,NLR,2,82688418
2_82688422,NLR,2,82688422
2_82688423,NLR,2,82688423
2_82688442,NLR,2,82688442
2_82688455,NLR,2,82688455
2_82688460,NLR,2,82688460
2_82688468,NLR,2,82688468
2_82688486,NLR,2,82688486
2_82688487,NLR,2,82688487
2_82688506,NLR,2,82688506
2_82688515,NLR,2,82688515
2_82688518,NLR,2,82688518
2_82688524,NLR,2,82688524
2_82688526,NLR,2,82688526
2_82688527,NLR,2,82688527
2_82688554,NLR,2,82688554
2_82688694,NLR,2,82688694
2_82688697,NLR,2,82688697
2_82688704,NLR,2,82688704
2_82688710,NLR,2,82688710
2_82688712,NLR,2,82688712
2_82688739,NLR,2,82688739
2_82688754,NLR,2,82688754
2_82688758,NLR,2,82688758
2_82688759,NLR,2,82688759
2_82688760,NLR,2,82688760
2_82688767,NLR,2,82688767
2_82688768,NLR,2,82688768
2_82688771,NLR,2,82688771
2_82688794,NLR,2,82688794
2_82688806,NLR,2,82688806
2_82688813,NLR,2,82688813
2_82688822,NLR,2,82688822
2_82688823,NLR,2,82688823
2_82688824,NLR,2,82688824
2_82688827,NLR,2,82688827
2_82688829,NLR,2,82688829
2_82688830,NLR,2,82688830
2_82688832,NLR,2,82688832
2_82688836,NLR,2,82688836
2_82688857,NLR,2,82688857
2_82688880,NLR,2,82688880
2_82688881,NLR,2,82688881
2_82688889,NLR,2,82688889
2_82688891,NLR,2,82688891
2_82688892,NLR,2,82688892
2_82688908,NLR,2,82688908
2_82688913,NLR,2,82688913
2_82688915,NLR,2,82688915
2_82688920,NLR,2,82688920
2_82688932,NLR,2,82688932
2_82688962,NLR,2,82688962
2_82688998,NLR,2,82688998
2_82689063,NLR,2,82689063
2_82689069,NLR,2,82689069
2_82689070,NLR,2,82689070
2_82689165,NLR,2,82689165
2_82689174,NLR,2,82689174
2_82689223,NLR,2,82689223
2_82689232,NLR,2,82689232
2_82689235,NLR,2,82689235
2_82689237,NLR,2,82689237
2_82689253,NLR,2,82689253
2_82689255,NLR,2,82689255
2_82689256,NLR,2,82689256
2_82689258,NLR,2,82689258
2_82689342,NLR,2,82689342
2_82689429,NLR,2,82689429
2_82689432,NLR,2,82689432
2_82689460,NLR,2,82689460
2_83276272,NLR,2,83276272
2_83276486,NLR,2,83276486
2_83277042,NLR,2,83277042
2_83277582,NLR,2,83277582
2_83277599,NLR,2,83277599
2_83278259,NLR,2,83278259
2_83278611,NLR,2,83278611
2_83279173,NLR,2,83279173
2_83279432,NLR,2,83279432
2_83279478,NLR,2,83279478
2_83279592,NLR,2,83279592
2_83279963,NLR,2,83279963
2_83280497,NLR,2,83280497
2_85910166,Microbiome,2,85910166
2_86108777,Microbiome,2,86108777
2_86169041,Microbiome_Permuted,2,86169041
2_86242948,Microbiome_Permuted,2,86242948
2_86244186,Microbiome_Permuted,2,86244186
2_86396843,Microbiome_Permuted,2,86396843
2_87563685,Microbiome,2,87563685
2_87580785,Microbiome,2,87580785
2_87582320,Microbiome,2,87582320
2_87582350,Microbiome,2,87582350
2_87640291,Microbiome,2,87640291
2_87700234,Microbiome,2,87700234
2_88180424,Microbiome_Permuted,2,88180424
2_88195757,NLR,2,88195757
2_88195792,NLR,2,88195792
2_88195816,NLR,2,88195816
2_88195829,NLR,2,88195829
2_88195900,NLR,2,88195900
2_89967358,Microbiome,2,89967358
2_91275359,Microbiome,2,91275359
2_91467057,Microbiome,2,91467057
2_91468460,Microbiome,2,91468460
2_91481748,Microbiome,2,91481748
2_91489232,Microbiome,2,91489232
2_91554627,Microbiome,2,91554627
2_91556025,Microbiome,2,91556025
2_91563291,Microbiome,2,91563291
2_91568725,Microbiome,2,91568725
2_91576947,Microbiome,2,91576947
2_91594695,Microbiome,2,91594695
2_91784976,Microbiome,2,91784976
2_91804393,Microbiome,2,91804393
2_91804624,Microbiome,2,91804624
2_91805243,Microbiome,2,91805243
2_91806366,Microbiome,2,91806366
2_91808960,Abiotic_Permuted,2,91808960
2_91808964,Abiotic_Permuted,2,91808964
2_91808968,Abiotic_Permuted,2,91808968
2_91809015,Abiotic_Permuted,2,91809015
2_91809049,Microbiome,2,91809049
2_91809053,Microbiome,2,91809053
2_91809057,Microbiome,2,91809057
2_91809061,Microbiome,2,91809061
2_91809063,Microbiome,2,91809063
2_91814300,Microbiome,2,91814300
2_91930211,Abiotic_Permuted,2,91930211
2_92141745,Abiotic_Permuted,2,92141745
2_92995347,Microbiome_Permuted,2,92995347
2_93280667,NLR,2,93280667
2_93280784,NLR,2,93280784
2_93557456,Abiotic_Permuted,2,93557456
2_93675041,Microbiome,2,93675041
2_93685480,Microbiome,2,93685480
2_93687327,Microbiome,2,93687327
2_93687668,Microbiome,2,93687668
2_94618323,Microbiome,2,94618323
2_94618654,Microbiome,2,94618654
2_94619666,Microbiome,2,94619666
2_95177121,Microbiome_Permuted,2,95177121
2_95306666,Abiotic_Permuted,2,95306666
3_10054948,Microbiome_Permuted,3,10054948
3_10212066,NLR,3,10212066
3_10212089,NLR,3,10212089
3_10212146,NLR,3,10212146
3_10212149,NLR,3,10212149
3_10212150,NLR,3,10212150
3_10212151,NLR,3,10212151
3_10212167,NLR,3,10212167
3_10212169,NLR,3,10212169
3_10212173,NLR,3,10212173
3_10214873,NLR,3,10214873
3_10217877,NLR,3,10217877
3_10217895,NLR,3,10217895
3_10217982,NLR,3,10217982
3_10217988,NLR,3,10217988
3_10218002,NLR,3,10218002
3_10218003,NLR,3,10218003
3_10218009,NLR,3,10218009
3_10218015,NLR,3,10218015
3_10218184,NLR,3,10218184
3_10218322,NLR,3,10218322
3_10219259,NLR,3,10219259
3_10226573,NLR,3,10226573
3_10226625,NLR,3,10226625
3_10226844,NLR,3,10226844
3_10226953,NLR,3,10226953
3_10226983,NLR,3,10226983
3_10227056,NLR,3,10227056
3_10227077,NLR,3,10227077
3_10227184,NLR,3,10227184
3_10227187,NLR,3,10227187
3_10227598,NLR,3,10227598
3_10227649,NLR,3,10227649
3_10227731,NLR,3,10227731
3_10239080,NLR,3,10239080
3_10239101,NLR,3,10239101
3_10239113,NLR,3,10239113
3_10239137,NLR,3,10239137
3_10239139,NLR,3,10239139
3_10239141,NLR,3,10239141
3_10239156,NLR,3,10239156
3_10239161,NLR,3,10239161
3_10239607,NLR,3,10239607
3_10239615,NLR,3,10239615
3_10239631,NLR,3,10239631
3_10239636,NLR,3,10239636
3_10239670,NLR,3,10239670
3_10239750,NLR,3,10239750
3_10239751,NLR,3,10239751
3_10239753,NLR,3,10239753
3_10239756,NLR,3,10239756
3_10239760,NLR,3,10239760
3_10240105,NLR,3,10240105
3_10241198,NLR,3,10241198
3_10241254,NLR,3,10241254
3_10245232,NLR,3,10245232
3_10245454,NLR,3,10245454
3_10245561,NLR,3,10245561
3_10245565,NLR,3,10245565
3_10245566,NLR,3,10245566
3_10245581,NLR,3,10245581
3_10245596,NLR,3,10245596
3_10245603,NLR,3,10245603
3_10245604,NLR,3,10245604
3_10245641,NLR,3,10245641
3_10245644,NLR,3,10245644
3_10245661,NLR,3,10245661
3_10245685,NLR,3,10245685
3_10245730,NLR,3,10245730
3_10245734,NLR,3,10245734
3_10246010,NLR,3,10246010
3_10246097,NLR,3,10246097
3_10246156,NLR,3,10246156
3_10246170,NLR,3,10246170
3_10246175,NLR,3,10246175
3_10246182,NLR,3,10246182
3_10246214,NLR,3,10246214
3_10246222,NLR,3,10246222
3_10246225,NLR,3,10246225
3_10246268,NLR,3,10246268
3_10246737,NLR,3,10246737
3_10247232,NLR,3,10247232
3_10247373,NLR,3,10247373
3_10247455,NLR,3,10247455
3_10247527,NLR,3,10247527
3_10247557,NLR,3,10247557
3_10247716,NLR,3,10247716
3_10257519,NLR,3,10257519
3_10257710,NLR,3,10257710
3_10269482,NLR,3,10269482
3_10269490,NLR,3,10269490
3_10269503,NLR,3,10269503
3_10269523,NLR,3,10269523
3_10269574,NLR,3,10269574
3_10269587,NLR,3,10269587
3_10269596,NLR,3,10269596
3_10269623,NLR,3,10269623
3_10269636,NLR,3,10269636
3_10269639,NLR,3,10269639
3_10269640,NLR,3,10269640
3_10269641,NLR,3,10269641
3_10269642,NLR,3,10269642
3_10269649,NLR,3,10269649
3_10269695,NLR,3,10269695
3_10269697,NLR,3,10269697
3_10269707,NLR,3,10269707
3_10269764,NLR,3,10269764
3_10269767,NLR,3,10269767
3_10269783,NLR,3,10269783
3_10269790,NLR,3,10269790
3_10269791,NLR,3,10269791
3_10270434,NLR,3,10270434
3_10270470,NLR,3,10270470
3_10270488,NLR,3,10270488
3_10270515,NLR,3,10270515
3_10270517,NLR,3,10270517
3_10270613,NLR,3,10270613
3_10270624,NLR,3,10270624
3_10271067,NLR,3,10271067
3_10271100,NLR,3,10271100
3_10271122,NLR,3,10271122
3_10271141,NLR,3,10271141
3_10271150,NLR,3,10271150
3_10271151,NLR,3,10271151
3_10271153,NLR,3,10271153
3_10271181,NLR,3,10271181
3_10271186,NLR,3,10271186
3_10271187,NLR,3,10271187
3_10271188,NLR,3,10271188
3_10271190,NLR,3,10271190
3_10271193,NLR,3,10271193
3_10271195,NLR,3,10271195
3_10271236,NLR,3,10271236
3_10271237,NLR,3,10271237
3_10271239,NLR,3,10271239
3_10271247,NLR,3,10271247
3_10271257,NLR,3,10271257
3_10271292,NLR,3,10271292
3_10271314,NLR,3,10271314
3_10271320,NLR,3,10271320
3_10271370,NLR,3,10271370
3_10271374,NLR,3,10271374
3_10271381,NLR,3,10271381
3_10271403,NLR,3,10271403
3_10271409,NLR,3,10271409
3_10271427,NLR,3,10271427
3_10271436,NLR,3,10271436
3_10271465,NLR,3,10271465
3_10271484,NLR,3,10271484
3_10271504,NLR,3,10271504
3_10271505,NLR,3,10271505
3_10271509,NLR,3,10271509
3_10271932,NLR,3,10271932
3_10271935,NLR,3,10271935
3_10271949,NLR,3,10271949
3_10271961,NLR,3,10271961
3_10271964,NLR,3,10271964
3_10271970,NLR,3,10271970
3_10271974,NLR,3,10271974
3_10272019,NLR,3,10272019
3_10272028,NLR,3,10272028
3_10272045,NLR,3,10272045
3_10272049,NLR,3,10272049
3_10272108,NLR,3,10272108
3_10272113,NLR,3,10272113
3_10272114,NLR,3,10272114
3_10272117,NLR,3,10272117
3_10272123,NLR,3,10272123
3_10272124,NLR,3,10272124
3_10272130,NLR,3,10272130
3_10272131,NLR,3,10272131
3_10272147,NLR,3,10272147
3_10272163,NLR,3,10272163
3_10272164,NLR,3,10272164
3_10272165,NLR,3,10272165
3_10272174,NLR,3,10272174
3_10272177,NLR,3,10272177
3_10272204,NLR,3,10272204
3_10272212,NLR,3,10272212
3_10272214,NLR,3,10272214
3_10272215,NLR,3,10272215
3_10272224,NLR,3,10272224
3_10272225,NLR,3,10272225
3_10272231,NLR,3,10272231
3_10272280,NLR,3,10272280
3_10272297,NLR,3,10272297
3_10272324,NLR,3,10272324
3_10272328,NLR,3,10272328
3_10272330,NLR,3,10272330
3_10272333,NLR,3,10272333
3_10272335,NLR,3,10272335
3_10272341,NLR,3,10272341
3_10272342,NLR,3,10272342
3_10272348,NLR,3,10272348
3_10274975,NLR,3,10274975
3_10275038,NLR,3,10275038
3_10275155,NLR,3,10275155
3_10275247,NLR,3,10275247
3_10275287,NLR,3,10275287
3_10275288,NLR,3,10275288
3_10275315,NLR,3,10275315
3_10275387,NLR,3,10275387
3_10275420,NLR,3,10275420
3_10275617,NLR,3,10275617
3_10275667,NLR,3,10275667
3_10275703,NLR,3,10275703
3_10275708,NLR,3,10275708
3_10275718,NLR,3,10275718
3_10275767,NLR,3,10275767
3_10275773,NLR,3,10275773
3_10275810,NLR,3,10275810
3_10275816,NLR,3,10275816
3_10275819,NLR,3,10275819
3_10275826,NLR,3,10275826
3_10275845,NLR,3,10275845
3_10275886,NLR,3,10275886
3_10275889,NLR,3,10275889
3_10276050,NLR,3,10276050
3_10276266,NLR,3,10276266
3_10276359,NLR,3,10276359
3_10276622,NLR,3,10276622
3_10276631,NLR,3,10276631
3_10276895,NLR,3,10276895
3_10277193,NLR,3,10277193
3_10277308,NLR,3,10277308
3_10277370,NLR,3,10277370
3_10277515,NLR,3,10277515
3_10383307,Microbiome_Permuted,3,10383307
3_12018221,Abiotic_Permuted,3,12018221
3_12020215,Abiotic_Permuted,3,12020215
3_12021309,Abiotic_Permuted,3,12021309
3_12031946,Abiotic_Permuted,3,12031946
3_12904152,NLR,3,12904152
3_12916599,NLR,3,12916599
3_12939063,NLR,3,12939063
3_12939325,NLR,3,12939325
3_12939413,NLR,3,12939413
3_12939510,NLR,3,12939510
3_12939547,NLR,3,12939547
3_12939563,NLR,3,12939563
3_12939680,NLR,3,12939680
3_12939940,NLR,3,12939940
3_12942336,NLR,3,12942336
3_13063789,NLR,3,13063789
3_13064162,NLR,3,13064162
3_13312772,NLR,3,13312772
3_13313369,NLR,3,13313369
3_13313401,NLR,3,13313401
3_13313418,NLR,3,13313418
3_13313525,NLR,3,13313525
3_13313894,NLR,3,13313894
3_13314306,NLR,3,13314306
3_13346347,NLR,3,13346347
3_13346734,NLR,3,13346734
3_13346739,NLR,3,13346739
3_13346749,NLR,3,13346749
3_13346791,NLR,3,13346791
3_13346854,NLR,3,13346854
3_13346865,NLR,3,13346865
3_13347034,NLR,3,13347034
3_13347057,NLR,3,13347057
3_13347077,NLR,3,13347077
3_13347135,NLR,3,13347135
3_13347552,NLR,3,13347552
3_13347683,NLR,3,13347683
3_13347688,NLR,3,13347688
3_13347702,NLR,3,13347702
3_13347976,NLR,3,13347976
3_13349299,NLR,3,13349299
3_13349428,NLR,3,13349428
3_13356117,NLR,3,13356117
3_13358814,NLR,3,13358814
3_13358952,NLR,3,13358952
3_13524681,Microbiome_Permuted,3,13524681
3_136089,Microbiome,3,136089
3_13633287,NLR,3,13633287
3_13633355,NLR,3,13633355
3_13633428,NLR,3,13633428
3_13634027,NLR,3,13634027
3_15686414,Microbiome,3,15686414
3_15686644,Microbiome,3,15686644
3_1628874,Microbiome,3,1628874
3_1628960,Microbiome,3,1628960
3_17184154,Microbiome_Permuted,3,17184154
3_18706141,Microbiome_Permuted,3,18706141
3_18708461,Microbiome_Permuted,3,18708461
3_1912468,NLR,3,1912468
3_1912473,NLR,3,1912473
3_19372527,NLR,3,19372527
3_19373064,NLR,3,19373064
3_19374703,NLR,3,19374703
3_20310758,Microbiome,3,20310758
3_21287764,Microbiome,3,21287764
3_21506773,Microbiome_Permuted,3,21506773
3_21506804,Microbiome_Permuted,3,21506804
3_21506808,Microbiome_Permuted,3,21506808
3_21506814,Microbiome_Permuted,3,21506814
3_21506830,Microbiome_Permuted,3,21506830
3_21506831,Microbiome_Permuted,3,21506831
3_21506834,Microbiome_Permuted,3,21506834
3_21506849,Microbiome_Permuted,3,21506849
3_21506850,Microbiome_Permuted,3,21506850
3_21506853,Microbiome_Permuted,3,21506853
3_21506890,Microbiome_Permuted,3,21506890
3_21506923,Microbiome_Permuted,3,21506923
3_21507496,Microbiome_Permuted,3,21507496
3_22900193,Abiotic_Permuted,3,22900193
3_22900284,Abiotic_Permuted,3,22900284
3_24184032,Microbiome,3,24184032
3_24373569,Microbiome,3,24373569
3_25339,Microbiome,3,25339
3_25376811,Microbiome,3,25376811
3_25402,Microbiome,3,25402
3_26311868,Abiotic_Permuted,3,26311868
3_26994,Microbiome,3,26994
3_27371393,NLR,3,27371393
3_27373485,NLR,3,27373485
3_27373912,NLR,3,27373912
3_2740274,Microbiome_Permuted,3,2740274
3_28069183,Microbiome,3,28069183
3_28071574,Microbiome,3,28071574
3_28085368,Microbiome,3,28085368
3_28085481,Microbiome,3,28085481
3_28085498,Microbiome,3,28085498
3_28085560,Microbiome,3,28085560
3_28085634,Microbiome,3,28085634
3_28085645,Microbiome,3,28085645
3_28085665,Microbiome,3,28085665
3_28085668,Microbiome,3,28085668
3_28085708,Microbiome,3,28085708
3_28085716,Microbiome,3,28085716
3_28086366,Microbiome,3,28086366
3_28093235,Microbiome,3,28093235
3_28093634,Microbiome,3,28093634
3_28093667,Microbiome,3,28093667
3_28093678,Microbiome,3,28093678
3_28093686,Microbiome,3,28093686
3_28093689,Microbiome,3,28093689
3_28093695,Microbiome,3,28093695
3_28093704,Microbiome,3,28093704
3_28093965,Microbiome,3,28093965
3_28093970,Microbiome,3,28093970
3_28298817,Microbiome_Permuted,3,28298817
3_286961,Microbiome,3,286961
3_29069,Microbiome,3,29069
3_29112360,NLR,3,29112360
3_2926510,NLR,3,2926510
3_2926833,NLR,3,2926833
3_2929242,NLR,3,2929242
3_2929361,NLR,3,2929361
3_2951122,NLR,3,2951122
3_2951240,NLR,3,2951240
3_2951320,NLR,3,2951320
3_30114666,NLR,3,30114666
3_30116360,NLR,3,30116360
3_30116570,NLR,3,30116570
3_30117692,NLR,3,30117692
3_30118715,NLR,3,30118715
3_30118799,NLR,3,30118799
3_30218169,Microbiome_Permuted,3,30218169
3_31030,Microbiome,3,31030
3_31772368,NLR,3,31772368
3_31773448,NLR,3,31773448
3_31793953,NLR,3,31793953
3_31793956,NLR,3,31793956
3_31793971,NLR,3,31793971
3_31797350,NLR,3,31797350
3_31797374,NLR,3,31797374
3_31798059,NLR,3,31798059
3_31888047,NLR,3,31888047
3_31888359,NLR,3,31888359
3_31888806,NLR,3,31888806
3_31888901,NLR,3,31888901
3_31889154,NLR,3,31889154
3_31889165,NLR,3,31889165
3_31889171,NLR,3,31889171
3_31889687,NLR,3,31889687
3_31890655,NLR,3,31890655
3_31890990,NLR,3,31890990
3_31891371,NLR,3,31891371
3_31891532,NLR,3,31891532
3_31891626,NLR,3,31891626
3_31892515,NLR,3,31892515
3_31895835,NLR,3,31895835
3_31896697,NLR,3,31896697
3_31896740,NLR,3,31896740
3_31897240,NLR,3,31897240
3_31897474,NLR,3,31897474
3_31898581,NLR,3,31898581
3_31898589,NLR,3,31898589
3_31898696,NLR,3,31898696
3_31898785,NLR,3,31898785
3_31899075,NLR,3,31899075
3_31899076,NLR,3,31899076
3_31899080,NLR,3,31899080
3_31899085,NLR,3,31899085
3_31899086,NLR,3,31899086
3_31899405,NLR,3,31899405
3_31920671,NLR,3,31920671
3_31922068,NLR,3,31922068
3_31922360,NLR,3,31922360
3_31964910,NLR,3,31964910
3_31966165,NLR,3,31966165
3_31966270,NLR,3,31966270
3_31967757,NLR,3,31967757
3_31967869,NLR,3,31967869
3_31970568,NLR,3,31970568
3_31971947,NLR,3,31971947
3_31972043,NLR,3,31972043
3_31972190,NLR,3,31972190
3_31973166,NLR,3,31973166
3_31973601,NLR,3,31973601
3_31974358,NLR,3,31974358
3_31974530,NLR,3,31974530
3_31974565,NLR,3,31974565
3_31974700,NLR,3,31974700
3_31975530,NLR,3,31975530
3_31975728,NLR,3,31975728
3_31976446,NLR,3,31976446
3_31976877,NLR,3,31976877
3_31997480,NLR,3,31997480
3_31997629,NLR,3,31997629
3_32001535,NLR,3,32001535
3_32051645,NLR,3,32051645
3_32053313,NLR,3,32053313
3_32055161,NLR,3,32055161
3_32055270,NLR,3,32055270
3_32057782,NLR,3,32057782
3_32057792,NLR,3,32057792
3_32057793,NLR,3,32057793
3_32057794,NLR,3,32057794
3_32057852,NLR,3,32057852
3_32057939,NLR,3,32057939
3_32058422,NLR,3,32058422
3_32059208,NLR,3,32059208
3_32059462,NLR,3,32059462
3_32059533,NLR,3,32059533
3_32060021,NLR,3,32060021
3_32060497,NLR,3,32060497
3_32060505,NLR,3,32060505
3_32060582,NLR,3,32060582
3_32060640,NLR,3,32060640
3_32060858,NLR,3,32060858
3_32060905,NLR,3,32060905
3_32060911,NLR,3,32060911
3_32060915,NLR,3,32060915
3_32060924,NLR,3,32060924
3_32060968,NLR,3,32060968
3_32060982,NLR,3,32060982
3_32060991,NLR,3,32060991
3_32060993,NLR,3,32060993
3_32061022,NLR,3,32061022
3_32061057,NLR,3,32061057
3_32061059,NLR,3,32061059
3_32061414,NLR,3,32061414
3_32061432,NLR,3,32061432
3_32061460,NLR,3,32061460
3_32061543,NLR,3,32061543
3_32061565,NLR,3,32061565
3_32061939,NLR,3,32061939
3_32073014,NLR,3,32073014
3_32095530,NLR,3,32095530
3_32116432,NLR,3,32116432
3_32117141,NLR,3,32117141
3_32118149,NLR,3,32118149
3_32185255,NLR,3,32185255
3_32185641,NLR,3,32185641
3_32255907,NLR,3,32255907
3_32256467,NLR,3,32256467
3_32260740,NLR,3,32260740
3_32260985,NLR,3,32260985
3_32417,Microbiome,3,32417
3_32925378,Microbiome_Permuted,3,32925378
3_32925697,Microbiome_Permuted,3,32925697
3_3334496,NLR,3,3334496
3_3334712,NLR,3,3334712
3_3334829,NLR,3,3334829
3_3334954,NLR,3,3334954
3_3335393,NLR,3,3335393
3_3335415,NLR,3,3335415
3_3335416,NLR,3,3335416
3_3336425,NLR,3,3336425
3_3338847,NLR,3,3338847
3_3341400,NLR,3,3341400
3_33416615,NLR,3,33416615
3_33416842,NLR,3,33416842
3_33416914,NLR,3,33416914
3_33418974,NLR,3,33418974
3_33419791,NLR,3,33419791
3_33419827,NLR,3,33419827
3_33421295,NLR,3,33421295
3_33421919,NLR,3,33421919
3_33422178,NLR,3,33422178
3_33422298,NLR,3,33422298
3_3343745,NLR,3,3343745
3_33498032,NLR,3,33498032
3_34234196,Abiotic_Permuted,3,34234196
3_34235510,Abiotic_Permuted,3,34235510
3_34241493,Abiotic_Permuted,3,34241493
3_34249063,Abiotic_Permuted,3,34249063
3_34305963,Microbiome_Permuted,3,34305963
3_34516025,Microbiome,3,34516025
3_34612328,NLR,3,34612328
3_35965,Microbiome,3,35965
3_35991342,Microbiome_Permuted,3,35991342
3_37220320,NLR,3,37220320
3_37220350,NLR,3,37220350
3_37220770,NLR,3,37220770
3_37220887,NLR,3,37220887
3_37220888,NLR,3,37220888
3_37220890,NLR,3,37220890
3_37221466,NLR,3,37221466
3_37221467,NLR,3,37221467
3_37221883,NLR,3,37221883
3_37379,Microbiome,3,37379
3_38269,Microbiome,3,38269
3_38283064,Microbiome_Permuted,3,38283064
3_38324978,NLR,3,38324978
3_38325046,NLR,3,38325046
3_38325477,NLR,3,38325477
3_38327027,NLR,3,38327027
3_38327117,NLR,3,38327117
3_38327299,NLR,3,38327299
3_38327319,NLR,3,38327319
3_38327363,NLR,3,38327363
3_38327653,NLR,3,38327653
3_38328007,NLR,3,38328007
3_38328212,NLR,3,38328212
3_38329014,NLR,3,38329014
3_38329116,NLR,3,38329116
3_38329352,NLR,3,38329352
3_39021078,Microbiome,3,39021078
3_39021079,Microbiome,3,39021079
3_4320568,Abiotic,3,4320568
3_43383458,NLR,3,43383458
3_43383992,NLR,3,43383992
3_43384111,NLR,3,43384111
3_43384600,NLR,3,43384600
3_43384702,NLR,3,43384702
3_43385282,NLR,3,43385282
3_43386114,NLR,3,43386114
3_43447521,NLR,3,43447521
3_43447624,NLR,3,43447624
3_43447945,NLR,3,43447945
3_43448089,NLR,3,43448089
3_43448170,NLR,3,43448170
3_43449543,NLR,3,43449543
3_43449544,NLR,3,43449544
3_43450617,NLR,3,43450617
3_43451000,NLR,3,43451000
3_43451466,NLR,3,43451466
3_43451575,NLR,3,43451575
3_43452538,NLR,3,43452538
3_44592150,Microbiome,3,44592150
3_44605518,Microbiome,3,44605518
3_4850605,NLR,3,4850605
3_51809923,NLR,3,51809923
3_51809926,NLR,3,51809926
3_51809945,NLR,3,51809945
3_51810284,NLR,3,51810284
3_51810886,NLR,3,51810886
3_51811054,NLR,3,51811054
3_51811080,NLR,3,51811080
3_51821497,Microbiome,3,51821497
3_51822534,Microbiome,3,51822534
3_51822826,Microbiome,3,51822826
3_51951011,Microbiome,3,51951011
3_51951429,Microbiome,3,51951429
3_51961308,Microbiome,3,51961308
3_51998191,Microbiome,3,51998191
3_52000323,Microbiome,3,52000323
3_52177716,Microbiome,3,52177716
3_52180648,Microbiome,3,52180648
3_52250879,Microbiome,3,52250879
3_52252862,Microbiome,3,52252862
3_52255378,Microbiome,3,52255378
3_52319115,Microbiome,3,52319115
3_52319322,Microbiome,3,52319322
3_52319364,Microbiome,3,52319364
3_52319649,Microbiome,3,52319649
3_52364214,Microbiome,3,52364214
3_52364902,Microbiome,3,52364902
3_52368946,Microbiome,3,52368946
3_52440940,Microbiome,3,52440940
3_52441416,Microbiome,3,52441416
3_52443627,Microbiome,3,52443627
3_52461813,Microbiome,3,52461813
3_52463669,Microbiome,3,52463669
3_52473958,Microbiome,3,52473958
3_52475046,Microbiome,3,52475046
3_52476215,Microbiome,3,52476215
3_52476386,Microbiome,3,52476386
3_52478447,Microbiome,3,52478447
3_52478448,Microbiome,3,52478448
3_52486384,Microbiome,3,52486384
3_52486912,Microbiome,3,52486912
3_52487422,Microbiome,3,52487422
3_52507189,Microbiome,3,52507189
3_52719874,Microbiome,3,52719874
3_52755952,Microbiome,3,52755952
3_52865457,Microbiome,3,52865457
3_53030365,Microbiome,3,53030365
3_53064090,Microbiome,3,53064090
3_53298751,Microbiome,3,53298751
3_53490417,Microbiome,3,53490417
3_53643851,Microbiome,3,53643851
3_53659345,Microbiome,3,53659345
3_53888161,Microbiome,3,53888161
3_53893633,Microbiome,3,53893633
3_54046623,Microbiome,3,54046623
3_54049031,Microbiome,3,54049031
3_54106463,Microbiome,3,54106463
3_54114020,Microbiome,3,54114020
3_54116864,Microbiome,3,54116864
3_54121792,Microbiome,3,54121792
3_54130273,Microbiome,3,54130273
3_54136098,Microbiome,3,54136098
3_54136315,Microbiome,3,54136315
3_54137369,Microbiome,3,54137369
3_54139651,Microbiome,3,54139651
3_54139807,Microbiome,3,54139807
3_54140496,Microbiome,3,54140496
3_54251859,Microbiome,3,54251859
3_54311,Microbiome,3,54311
3_54316,Microbiome,3,54316
3_54433727,Microbiome,3,54433727
3_54435346,Microbiome,3,54435346
3_54438158,Microbiome,3,54438158
3_54626291,Microbiome,3,54626291
3_54669777,Microbiome,3,54669777
3_54717230,Microbiome,3,54717230
3_54717329,Microbiome,3,54717329
3_54844287,Microbiome,3,54844287
3_54847693,Microbiome,3,54847693
3_54854824,Microbiome,3,54854824
3_54862793,Microbiome,3,54862793
3_54875,Microbiome,3,54875
3_54880018,Microbiome,3,54880018
3_54927380,Microbiome,3,54927380
3_54927382,Microbiome,3,54927382
3_54935840,Microbiome,3,54935840
3_54936005,Microbiome,3,54936005
3_54973553,Microbiome,3,54973553
3_55058342,Microbiome,3,55058342
3_55115,Microbiome,3,55115
3_55846992,Microbiome_Permuted,3,55846992
3_55851629,Microbiome_Permuted,3,55851629
3_55886339,Microbiome_Permuted,3,55886339
3_56286373,Microbiome,3,56286373
3_56286422,Microbiome,3,56286422
3_56287937,Microbiome,3,56287937
3_56289290,Microbiome,3,56289290
3_56459009,Microbiome,3,56459009
3_56470017,Microbiome,3,56470017
3_56470256,Microbiome,3,56470256
3_56470622,Microbiome,3,56470622
3_56472442,Microbiome,3,56472442
3_56472876,Microbiome,3,56472876
3_57545284,Microbiome_Permuted,3,57545284
3_57547508,Microbiome_Permuted,3,57547508
3_57549888,Microbiome_Permuted,3,57549888
3_5971946,NLR,3,5971946
3_5974991,NLR,3,5974991
3_5983409,NLR,3,5983409
3_5995970,NLR,3,5995970
3_5996486,NLR,3,5996486
3_5996609,NLR,3,5996609
3_5997067,NLR,3,5997067
3_5998717,NLR,3,5998717
3_5999325,NLR,3,5999325
3_5999863,NLR,3,5999863
3_5999912,NLR,3,5999912
3_6000148,NLR,3,6000148
3_6000282,NLR,3,6000282
3_6000340,NLR,3,6000340
3_6000823,NLR,3,6000823
3_6015253,NLR,3,6015253
3_6015376,NLR,3,6015376
3_6015862,NLR,3,6015862
3_6016101,NLR,3,6016101
3_60709736,Microbiome_Permuted,3,60709736
3_60710821,Microbiome_Permuted,3,60710821
3_60983088,Microbiome_Permuted,3,60983088
3_60983291,Microbiome_Permuted,3,60983291
3_62747612,Microbiome,3,62747612
3_62749804,Microbiome,3,62749804
3_63110928,NLR,3,63110928
3_64413,Microbiome,3,64413
3_64535024,Microbiome_Permuted,3,64535024
3_64550360,Microbiome_Permuted,3,64550360
3_6527563,Microbiome,3,6527563
3_65783504,NLR,3,65783504
3_65784466,NLR,3,65784466
3_65784660,NLR,3,65784660
3_66006942,Microbiome,3,66006942
3_66008656,Microbiome,3,66008656
3_66461684,NLR,3,66461684
3_66462336,NLR,3,66462336
3_66462542,NLR,3,66462542
3_66468179,NLR,3,66468179
3_66468265,NLR,3,66468265
3_66480157,NLR,3,66480157
3_66480322,NLR,3,66480322
3_67721590,Microbiome_Permuted,3,67721590
3_6772499,Microbiome,3,6772499
3_6773131,Microbiome,3,6773131
3_6775286,Microbiome,3,6775286
3_6776356,Microbiome,3,6776356
3_67835888,NLR,3,67835888
3_67845791,NLR,3,67845791
3_67857580,NLR,3,67857580
3_67859401,NLR,3,67859401
3_68182332,NLR,3,68182332
3_68182372,NLR,3,68182372
3_68182657,NLR,3,68182657
3_68182974,NLR,3,68182974
3_68183094,NLR,3,68183094
3_68183200,NLR,3,68183200
3_68183859,NLR,3,68183859
3_68184120,NLR,3,68184120
3_68184411,NLR,3,68184411
3_68184454,NLR,3,68184454
3_68184866,NLR,3,68184866
3_68184904,NLR,3,68184904
3_68184984,NLR,3,68184984
3_68185453,NLR,3,68185453
3_68185674,NLR,3,68185674
3_68185707,NLR,3,68185707
3_68217563,NLR,3,68217563
3_68217597,NLR,3,68217597
3_68217697,NLR,3,68217697
3_68218043,NLR,3,68218043
3_68218618,NLR,3,68218618
3_68219064,NLR,3,68219064
3_68219511,NLR,3,68219511
3_68219610,NLR,3,68219610
3_68219627,NLR,3,68219627
3_68219774,NLR,3,68219774
3_6834147,Microbiome_Permuted,3,6834147
3_68821411,NLR,3,68821411
3_69098293,Microbiome,3,69098293
3_69101829,NLR,3,69101829
3_70014390,NLR,3,70014390
3_70014473,NLR,3,70014473
3_7044907,Microbiome_Permuted,3,7044907
3_7045077,Microbiome_Permuted,3,7045077
3_70712098,Microbiome,3,70712098
3_71077574,Microbiome_Permuted,3,71077574
3_71474958,Microbiome_Permuted,3,71474958
3_71692790,Microbiome,3,71692790
3_71692933,Microbiome,3,71692933
3_71694165,Microbiome,3,71694165
3_71694523,Microbiome,3,71694523
3_71695593,Microbiome,3,71695593
3_71815929,Microbiome,3,71815929
3_71817687,Microbiome,3,71817687
3_72243197,Microbiome_Permuted,3,72243197
3_72512871,Abiotic_Permuted,3,72512871
3_72565908,Abiotic_Permuted,3,72565908
3_73335701,Microbiome_Permuted,3,73335701
3_7365031,Microbiome_Permuted,3,7365031
3_73654200,Microbiome_Permuted,3,73654200
3_7367584,Microbiome_Permuted,3,7367584
3_73719986,Microbiome_Permuted,3,73719986
3_73719988,Microbiome_Permuted,3,73719988
3_73719990,Microbiome_Permuted,3,73719990
3_74377580,Microbiome_Permuted,3,74377580
3_74636515,Abiotic_Permuted,3,74636515
3_74964422,Microbiome_Permuted,3,74964422
3_75933982,Microbiome_Permuted,3,75933982
3_75976766,Microbiome_Permuted,3,75976766
3_760651,Microbiome_Permuted,3,760651
3_76153466,Microbiome_Permuted,3,76153466
3_76456687,Microbiome_Permuted,3,76456687
3_76608160,Microbiome_Permuted,3,76608160
3_76629801,Microbiome_Permuted,3,76629801
3_76630478,Microbiome_Permuted,3,76630478
3_76666167,Microbiome_Permuted,3,76666167
3_76680658,Microbiome_Permuted,3,76680658
3_76681929,Microbiome_Permuted,3,76681929
3_77285641,Microbiome_Permuted,3,77285641
3_77300258,Microbiome_Permuted,3,77300258
3_77871872,Microbiome_Permuted,3,77871872
3_77919427,Microbiome_Permuted,3,77919427
3_77989776,Microbiome_Permuted,3,77989776
3_78105926,NLR,3,78105926
3_78105965,NLR,3,78105965
3_78106010,NLR,3,78106010
3_78106511,NLR,3,78106511
3_78106679,NLR,3,78106679
3_78106856,NLR,3,78106856
3_78107547,NLR,3,78107547
3_78107921,NLR,3,78107921
3_78107981,NLR,3,78107981
3_78108003,NLR,3,78108003
3_78108881,NLR,3,78108881
3_78109520,Microbiome_Permuted,3,78109520
3_78135813,Microbiome_Permuted,3,78135813
3_78202930,Microbiome_Permuted,3,78202930
3_78224402,Microbiome_Permuted,3,78224402
3_78236608,Microbiome_Permuted,3,78236608
3_78352979,Microbiome_Permuted,3,78352979
3_78546830,Microbiome_Permuted,3,78546830
3_79056510,Microbiome_Permuted,3,79056510
3_79069681,Microbiome_Permuted,3,79069681
3_79422361,Microbiome,3,79422361
3_79445739,Microbiome,3,79445739
3_79446429,Microbiome,3,79446429
3_79446459,Microbiome,3,79446459
3_79446687,Microbiome,3,79446687
3_79446718,Microbiome,3,79446718
3_79446792,Microbiome,3,79446792
3_79446840,Microbiome,3,79446840
3_79446844,Microbiome,3,79446844
3_79446860,Microbiome,3,79446860
3_79446968,Microbiome,3,79446968
3_79446973,Microbiome,3,79446973
3_79447297,Microbiome,3,79447297
3_79450017,Microbiome,3,79450017
3_79455008,Microbiome,3,79455008
3_79512201,Microbiome,3,79512201
3_80656266,Microbiome,3,80656266
3_80657999,Microbiome,3,80657999
3_80658044,Microbiome,3,80658044
3_80658695,Microbiome,3,80658695
3_80658796,Microbiome,3,80658796
3_80663165,Microbiome,3,80663165
3_80664442,Microbiome,3,80664442
3_81116907,Microbiome,3,81116907
3_81129804,Microbiome,3,81129804
3_81165185,Microbiome,3,81165185
3_81167105,Microbiome,3,81167105
3_81181479,Microbiome,3,81181479
3_81225401,Microbiome,3,81225401
3_81250064,Microbiome,3,81250064
3_81976119,NLR,3,81976119
3_82423575,Microbiome,3,82423575
3_82428875,Microbiome,3,82428875
3_82435336,Microbiome,3,82435336
3_82439066,Microbiome,3,82439066
3_82442805,Microbiome,3,82442805
3_82516543,Microbiome,3,82516543
3_82521114,Microbiome,3,82521114
3_82523539,Microbiome,3,82523539
3_82535472,Microbiome,3,82535472
3_82550209,Microbiome,3,82550209
3_82574896,Microbiome,3,82574896
3_82582060,Microbiome,3,82582060
3_82596362,Microbiome,3,82596362
3_82599675,Microbiome,3,82599675
3_82607112,Microbiome,3,82607112
3_82929947,Microbiome_Permuted,3,82929947
3_82930034,Microbiome_Permuted,3,82930034
3_82930046,Microbiome_Permuted,3,82930046
3_82930796,Microbiome_Permuted,3,82930796
3_82930806,Microbiome_Permuted,3,82930806
3_82931365,Microbiome_Permuted,3,82931365
3_82932086,Microbiome_Permuted,3,82932086
3_82934533,Microbiome_Permuted,3,82934533
3_82934917,Microbiome_Permuted,3,82934917
3_82967765,NLR,3,82967765
3_82968628,NLR,3,82968628
3_82969190,NLR,3,82969190
3_82969392,NLR,3,82969392
3_82969662,NLR,3,82969662
3_82969664,NLR,3,82969664
3_82979726,NLR,3,82979726
3_82980373,NLR,3,82980373
3_82980606,NLR,3,82980606
3_82980615,NLR,3,82980615
3_82980616,NLR,3,82980616
3_82980628,NLR,3,82980628
3_82980694,NLR,3,82980694
3_82980814,NLR,3,82980814
3_82981358,NLR,3,82981358
3_82981366,NLR,3,82981366
3_82981860,NLR,3,82981860
3_82981980,NLR,3,82981980
3_82982846,NLR,3,82982846
3_82982868,NLR,3,82982868
3_82982992,NLR,3,82982992
3_82983050,NLR,3,82983050
3_82983072,NLR,3,82983072
3_82983111,NLR,3,82983111
3_82983121,NLR,3,82983121
3_82983161,NLR,3,82983161
3_82983195,NLR,3,82983195
3_82983268,NLR,3,82983268
3_82983359,NLR,3,82983359
3_82983376,NLR,3,82983376
3_82983457,NLR,3,82983457
3_82983723,NLR,3,82983723
3_82984058,NLR,3,82984058
3_82984487,NLR,3,82984487
3_82984744,NLR,3,82984744
3_82985367,NLR,3,82985367
3_82985621,NLR,3,82985621
3_82985624,NLR,3,82985624
3_82985636,NLR,3,82985636
3_82985639,NLR,3,82985639
3_82985655,NLR,3,82985655
3_82985739,NLR,3,82985739
3_82985753,NLR,3,82985753
3_82985893,NLR,3,82985893
3_82985984,NLR,3,82985984
3_82986073,NLR,3,82986073
3_82986075,NLR,3,82986075
3_82988113,NLR,3,82988113
3_82988568,NLR,3,82988568
3_83003989,NLR,3,83003989
3_83004027,NLR,3,83004027
3_83006024,NLR,3,83006024
3_83019837,NLR,3,83019837
3_83019983,NLR,3,83019983
3_83020493,NLR,3,83020493
3_83020590,NLR,3,83020590
3_83020591,NLR,3,83020591
3_83020592,NLR,3,83020592
3_83020599,NLR,3,83020599
3_83020893,NLR,3,83020893
3_83020902,NLR,3,83020902
3_83020903,NLR,3,83020903
3_83020912,NLR,3,83020912
3_83021325,NLR,3,83021325
3_83023569,NLR,3,83023569
3_83023587,NLR,3,83023587
3_83023589,NLR,3,83023589
3_83023727,NLR,3,83023727
3_83023728,NLR,3,83023728
3_83023748,NLR,3,83023748
3_83023765,NLR,3,83023765
3_83023766,NLR,3,83023766
3_83023819,NLR,3,83023819
3_83033126,Microbiome,3,83033126
3_83080381,NLR,3,83080381
3_83080808,NLR,3,83080808
3_83081014,NLR,3,83081014
3_83081040,NLR,3,83081040
3_83081070,NLR,3,83081070
3_83081236,NLR,3,83081236
3_83081857,NLR,3,83081857
3_83082396,NLR,3,83082396
3_83082420,NLR,3,83082420
3_83082423,NLR,3,83082423
3_83083402,NLR,3,83083402
3_83083932,NLR,3,83083932
3_83083992,NLR,3,83083992
3_83101240,NLR,3,83101240
3_83101417,NLR,3,83101417
3_83101424,NLR,3,83101424
3_83101544,NLR,3,83101544
3_83101546,NLR,3,83101546
3_83101564,NLR,3,83101564
3_83101582,NLR,3,83101582
3_83101587,NLR,3,83101587
3_83101605,NLR,3,83101605
3_83101609,NLR,3,83101609
3_83101928,NLR,3,83101928
3_83103511,NLR,3,83103511
3_83104333,NLR,3,83104333
3_83116795,NLR,3,83116795
3_83116815,NLR,3,83116815
3_83116916,NLR,3,83116916
3_83116996,NLR,3,83116996
3_83117011,NLR,3,83117011
3_83117123,NLR,3,83117123
3_83117194,NLR,3,83117194
3_83117197,NLR,3,83117197
3_83117205,NLR,3,83117205
3_83117224,NLR,3,83117224
3_83117271,NLR,3,83117271
3_83117570,NLR,3,83117570
3_83117639,NLR,3,83117639
3_83117686,NLR,3,83117686
3_83117701,NLR,3,83117701
3_83117702,NLR,3,83117702
3_83117752,NLR,3,83117752
3_83117825,NLR,3,83117825
3_83117942,NLR,3,83117942
3_83118083,NLR,3,83118083
3_83118101,NLR,3,83118101
3_83118162,NLR,3,83118162
3_83118248,NLR,3,83118248
3_83118311,NLR,3,83118311
3_83118494,NLR,3,83118494
3_83118500,NLR,3,83118500
3_83118569,NLR,3,83118569
3_83118733,NLR,3,83118733
3_83118816,NLR,3,83118816
3_83118824,NLR,3,83118824
3_83118920,NLR,3,83118920
3_83119047,NLR,3,83119047
3_83119103,NLR,3,83119103
3_83119104,NLR,3,83119104
3_83119178,NLR,3,83119178
3_83119181,NLR,3,83119181
3_83119229,NLR,3,83119229
3_83119370,NLR,3,83119370
3_83119683,NLR,3,83119683
3_83119763,NLR,3,83119763
3_83119779,NLR,3,83119779
3_83119844,NLR,3,83119844
3_83120094,NLR,3,83120094
3_83120186,NLR,3,83120186
3_83120334,NLR,3,83120334
3_83138719,NLR,3,83138719
3_83138855,NLR,3,83138855
3_83139928,NLR,3,83139928
3_83139942,NLR,3,83139942
3_83140145,NLR,3,83140145
3_83140677,NLR,3,83140677
3_83155832,NLR,3,83155832
3_83156465,NLR,3,83156465
3_83157622,NLR,3,83157622
3_83157698,NLR,3,83157698
3_83157706,NLR,3,83157706
3_83157719,NLR,3,83157719
3_83158275,NLR,3,83158275
3_83158493,NLR,3,83158493
3_83159448,NLR,3,83159448
3_83160216,NLR,3,83160216
3_83160336,NLR,3,83160336
3_83173889,NLR,3,83173889
3_83178306,NLR,3,83178306
3_83178589,NLR,3,83178589
3_83178970,NLR,3,83178970
3_83179443,NLR,3,83179443
3_83179662,NLR,3,83179662
3_83180669,NLR,3,83180669
3_83180992,NLR,3,83180992
3_83181937,NLR,3,83181937
3_83182722,NLR,3,83182722
3_83182823,NLR,3,83182823
3_83183528,NLR,3,83183528
3_83183683,NLR,3,83183683
3_83183703,NLR,3,83183703
3_83184591,NLR,3,83184591
3_83185102,NLR,3,83185102
3_83185397,NLR,3,83185397
3_83197360,NLR,3,83197360
3_83197441,NLR,3,83197441
3_83197845,NLR,3,83197845
3_83197902,NLR,3,83197902
3_83198313,NLR,3,83198313
3_83198580,NLR,3,83198580
3_83198734,NLR,3,83198734
3_83199501,NLR,3,83199501
3_83199682,NLR,3,83199682
3_83200344,NLR,3,83200344
3_83200724,NLR,3,83200724
3_83200739,NLR,3,83200739
3_83201679,NLR,3,83201679
3_83201976,NLR,3,83201976
3_83201986,NLR,3,83201986
3_83202148,NLR,3,83202148
3_83205282,NLR,3,83205282
3_83205490,NLR,3,83205490
3_83205582,NLR,3,83205582
3_83205734,NLR,3,83205734
3_83205981,NLR,3,83205981
3_83206435,NLR,3,83206435
3_83206830,NLR,3,83206830
3_83207136,NLR,3,83207136
3_83207486,NLR,3,83207486
3_83207541,NLR,3,83207541
3_83207646,NLR,3,83207646
3_83408633,Microbiome_Permuted,3,83408633
3_83438561,NLR,3,83438561
3_83439617,NLR,3,83439617
3_83439798,NLR,3,83439798
3_83440234,NLR,3,83440234
3_83440236,NLR,3,83440236
3_83446947,NLR,3,83446947
3_84334851,Microbiome,3,84334851
3_84334886,Microbiome,3,84334886
3_84451378,Abiotic_Permuted,3,84451378
3_84473478,Microbiome_Permuted,3,84473478
3_84516962,Microbiome_Permuted,3,84516962
3_85199499,Microbiome_Permuted,3,85199499
3_86170739,Microbiome,3,86170739
3_86303785,Microbiome_Permuted,3,86303785
3_86442976,Microbiome_Permuted,3,86442976
3_86845975,Microbiome_Permuted,3,86845975
3_87143063,Microbiome,3,87143063
3_87161347,Microbiome,3,87161347
3_87174244,Microbiome,3,87174244
3_87417619,Microbiome,3,87417619
3_87480077,Microbiome,3,87480077
3_88266324,Microbiome_Permuted,3,88266324
3_88376171,Microbiome_Permuted,3,88376171
3_88632959,Microbiome,3,88632959
3_89592081,Microbiome_Permuted,3,89592081
3_90313790,Abiotic_Permuted,3,90313790
3_90315082,Microbiome_Permuted,3,90315082
3_90317661,Microbiome,3,90317661
3_90340527,Microbiome_Permuted,3,90340527
3_90350784,Microbiome_Permuted,3,90350784
3_90353489,Microbiome_Permuted,3,90353489
3_90367592,Microbiome_Permuted,3,90367592
3_91033459,Microbiome_Permuted,3,91033459
3_91137378,Microbiome_Permuted,3,91137378
3_91150605,Microbiome_Permuted,3,91150605
3_91180417,Microbiome_Permuted,3,91180417
3_91638909,Microbiome_Permuted,3,91638909
3_91639142,Microbiome_Permuted,3,91639142
3_91725055,Microbiome,3,91725055
3_91731263,Microbiome,3,91731263
3_91731486,Microbiome,3,91731486
3_91731703,Microbiome,3,91731703
3_91732142,Microbiome,3,91732142
3_92101024,NLR,3,92101024
3_93253441,Microbiome,3,93253441
3_93253478,Microbiome,3,93253478
3_93253493,Microbiome,3,93253493
3_93262972,Microbiome,3,93262972
3_93333128,Microbiome,3,93333128
3_93360817,Microbiome,3,93360817
3_94011177,Microbiome_Permuted,3,94011177
3_94011785,Microbiome_Permuted,3,94011785
3_94369695,NLR,3,94369695
3_94369991,NLR,3,94369991
3_94370127,NLR,3,94370127
3_94383491,NLR,3,94383491
3_94385280,NLR,3,94385280
3_94385317,NLR,3,94385317
3_94817184,Microbiome,3,94817184
3_94836899,Microbiome,3,94836899
3_94844575,Microbiome,3,94844575
3_94869548,Microbiome,3,94869548
3_94879662,Microbiome,3,94879662
3_95383039,Microbiome_Permuted,3,95383039
3_96016371,NLR,3,96016371
3_96017272,NLR,3,96017272
3_96017580,NLR,3,96017580
3_96017736,NLR,3,96017736
3_96017816,NLR,3,96017816
3_96017917,NLR,3,96017917
3_96018194,NLR,3,96018194
3_96018232,NLR,3,96018232
3_96018282,NLR,3,96018282
3_96352917,NLR,3,96352917
3_96353009,NLR,3,96353009
3_96353201,NLR,3,96353201
3_96358225,NLR,3,96358225
3_96503050,Microbiome_Permuted,3,96503050
4_11490264,Microbiome,4,11490264
4_14543237,Microbiome_Permuted,4,14543237
4_14543500,Microbiome_Permuted,4,14543500
4_18238642,Microbiome_Permuted,4,18238642
4_1995692,Microbiome,4,1995692
4_21195412,Microbiome_Permuted,4,21195412
4_24718231,NLR,4,24718231
4_24718337,NLR,4,24718337
4_24718420,NLR,4,24718420
4_24718919,NLR,4,24718919
4_24719336,NLR,4,24719336
4_24719338,NLR,4,24719338
4_24719340,NLR,4,24719340
4_24719341,NLR,4,24719341
4_24720485,NLR,4,24720485
4_24720533,NLR,4,24720533
4_24720581,NLR,4,24720581
4_24720862,NLR,4,24720862
4_24721764,NLR,4,24721764
4_24721910,NLR,4,24721910
4_25565155,NLR,4,25565155
4_2970576,Microbiome,4,2970576
4_2970902,Microbiome,4,2970902
4_2970909,Microbiome,4,2970909
4_2971884,Microbiome,4,2971884
4_2973599,Microbiome,4,2973599
4_2974064,Microbiome,4,2974064
4_2977442,Microbiome,4,2977442
4_2979014,Microbiome,4,2979014
4_30444373,Abiotic,4,30444373
4_3158304,Microbiome,4,3158304
4_3158565,Microbiome,4,3158565
4_3158572,Microbiome,4,3158572
4_3158584,Microbiome,4,3158584
4_3158674,Microbiome,4,3158674
4_3158920,Microbiome,4,3158920
4_3159043,Microbiome,4,3159043
4_3166530,Microbiome,4,3166530
4_3166834,Microbiome,4,3166834
4_3166916,Microbiome,4,3166916
4_3168897,Microbiome,4,3168897
4_3172205,Microbiome,4,3172205
4_3172654,Microbiome,4,3172654
4_3213173,Microbiome,4,3213173
4_3253388,NLR,4,3253388
4_3253545,NLR,4,3253545
4_3253610,NLR,4,3253610
4_3253675,NLR,4,3253675
4_3253678,NLR,4,3253678
4_3253682,NLR,4,3253682
4_3254050,NLR,4,3254050
4_3254424,NLR,4,3254424
4_34040917,Microbiome,4,34040917
4_34349461,Microbiome_Permuted,4,34349461
4_34753825,Microbiome_Permuted,4,34753825
4_3520379,Microbiome_Permuted,4,3520379
4_3525485,Microbiome_Permuted,4,3525485
4_3525713,Microbiome_Permuted,4,3525713
4_3586499,Microbiome_Permuted,4,3586499
4_36090515,Microbiome,4,36090515
4_3916787,Abiotic,4,3916787
4_3917699,Abiotic,4,3917699
4_3918985,Abiotic,4,3918985
4_3919676,Abiotic,4,3919676
4_3919887,Abiotic,4,3919887
4_3920496,Abiotic,4,3920496
4_3920645,Abiotic,4,3920645
4_3920847,Abiotic,4,3920847
4_3928764,Abiotic,4,3928764
4_4258540,Microbiome,4,4258540
4_44770917,NLR,4,44770917
4_46720252,Microbiome,4,46720252
4_46726718,Microbiome,4,46726718
4_47397934,Microbiome_Permuted,4,47397934
4_47417000,Microbiome_Permuted,4,47417000
4_47417040,Microbiome_Permuted,4,47417040
4_47417041,Microbiome_Permuted,4,47417041
4_47652475,Abiotic,4,47652475
4_4993713,Microbiome_Permuted,4,4993713
4_4993714,Microbiome_Permuted,4,4993714
4_4993719,Microbiome_Permuted,4,4993719
4_5036987,Microbiome_Permuted,4,5036987
4_50804621,Microbiome,4,50804621
4_50804622,Microbiome,4,50804622
4_51077048,Microbiome_Permuted,4,51077048
4_51077320,Microbiome_Permuted,4,51077320
4_51077817,Microbiome_Permuted,4,51077817
4_51167834,Microbiome,4,51167834
4_51171997,Microbiome_Permuted,4,51171997
4_51263439,Microbiome,4,51263439
4_51485266,Microbiome_Permuted,4,51485266
4_51824420,Microbiome_Permuted,4,51824420
4_51833956,Microbiome_Permuted,4,51833956
4_51839529,Microbiome_Permuted,4,51839529
4_51841201,Microbiome_Permuted,4,51841201
4_51842267,Microbiome_Permuted,4,51842267
4_52514073,Microbiome_Permuted,4,52514073
4_52791159,Abiotic,4,52791159
4_53036151,Microbiome,4,53036151
4_55509351,Microbiome,4,55509351
4_55509858,Microbiome,4,55509858
4_5611159,Microbiome_Permuted,4,5611159
4_5693687,Microbiome_Permuted,4,5693687
4_5792781,NLR,4,5792781
4_592898,Microbiome_Permuted,4,592898
4_60680701,Microbiome,4,60680701
4_60684822,Microbiome,4,60684822
4_60692656,Microbiome,4,60692656
4_60692659,Microbiome,4,60692659
4_60693223,Microbiome,4,60693223
4_60698935,Microbiome,4,60698935
4_60699109,Microbiome,4,60699109
4_60702837,Microbiome,4,60702837
4_61616648,Microbiome,4,61616648
4_61859461,Microbiome,4,61859461
4_64321420,Microbiome,4,64321420
4_64344412,Microbiome,4,64344412
4_64730067,Microbiome_Permuted,4,64730067
4_64730136,Microbiome_Permuted,4,64730136
4_64732183,Microbiome_Permuted,4,64732183
4_64732375,Microbiome_Permuted,4,64732375
4_64876505,Abiotic,4,64876505
4_65618976,Microbiome,4,65618976
4_65944050,Abiotic_Permuted,4,65944050
4_66004704,NLR,4,66004704
4_66004779,NLR,4,66004779
4_66005694,NLR,4,66005694
4_66006216,NLR,4,66006216
4_66007284,NLR,4,66007284
4_66008292,NLR,4,66008292
4_66008656,NLR,4,66008656
4_66008938,NLR,4,66008938
4_66008995,NLR,4,66008995
4_66009304,NLR,4,66009304
4_66179497,Microbiome,4,66179497
4_67077703,Microbiome,4,67077703
4_67417618,Abiotic,4,67417618
4_67431340,Microbiome,4,67431340
4_67480590,Microbiome,4,67480590
4_67482860,Microbiome,4,67482860
4_68753829,Microbiome_Permuted,4,68753829
4_68753913,Microbiome_Permuted,4,68753913
4_68959282,NLR,4,68959282
4_68959359,NLR,4,68959359
4_68959499,NLR,4,68959499
4_68960532,NLR,4,68960532
4_68961158,NLR,4,68961158
4_69088301,Microbiome,4,69088301
4_69089104,Microbiome,4,69089104
4_69622756,Microbiome_Permuted,4,69622756
4_69768228,Microbiome,4,69768228
4_69783645,Microbiome,4,69783645
4_70416028,Microbiome,4,70416028
4_70419855,Microbiome,4,70419855
4_70536145,Microbiome,4,70536145
4_70542159,Microbiome,4,70542159
4_70543189,Microbiome,4,70543189
4_70544982,Microbiome,4,70544982
4_71178897,Abiotic_Permuted,4,71178897
4_71178898,Abiotic_Permuted,4,71178898
4_71179255,Abiotic_Permuted,4,71179255
4_71180018,Abiotic_Permuted,4,71180018
4_71180790,Abiotic_Permuted,4,71180790
4_71181979,Abiotic_Permuted,4,71181979
4_71182383,Abiotic_Permuted,4,71182383
4_75586412,Microbiome_Permuted,4,75586412
4_75756052,Microbiome_Permuted,4,75756052
4_76346022,Microbiome_Permuted,4,76346022
4_76470487,Microbiome_Permuted,4,76470487
4_76470492,Microbiome_Permuted,4,76470492
4_76470559,Microbiome_Permuted,4,76470559
4_76470756,Microbiome_Permuted,4,76470756
4_76470787,Microbiome_Permuted,4,76470787
4_76470856,Microbiome_Permuted,4,76470856
4_76471369,Microbiome_Permuted,4,76471369
4_76471370,Microbiome_Permuted,4,76471370
4_76471376,Microbiome_Permuted,4,76471376
4_76471390,Microbiome_Permuted,4,76471390
4_76471819,Microbiome_Permuted,4,76471819
4_76472011,Microbiome_Permuted,4,76472011
4_76472227,Microbiome_Permuted,4,76472227
4_76472255,Microbiome_Permuted,4,76472255
4_76472508,Microbiome_Permuted,4,76472508
4_76472530,Microbiome_Permuted,4,76472530
4_76472543,Microbiome_Permuted,4,76472543
4_76472674,Microbiome_Permuted,4,76472674
4_76473352,Microbiome_Permuted,4,76473352
4_76682948,Microbiome_Permuted,4,76682948
4_76685033,Microbiome_Permuted,4,76685033
4_7687173,Microbiome,4,7687173
4_7687216,Microbiome,4,7687216
4_7687254,Microbiome,4,7687254
4_7687361,Microbiome,4,7687361
4_7687912,Microbiome,4,7687912
4_7687958,Microbiome,4,7687958
4_7688022,Microbiome,4,7688022
4_7688030,Microbiome,4,7688030
4_7690491,Microbiome,4,7690491
4_7691479,Microbiome,4,7691479
4_7691921,Microbiome,4,7691921
4_77307824,Microbiome_Permuted,4,77307824
4_77410547,Microbiome_Permuted,4,77410547
4_77647779,Microbiome,4,77647779
4_77648549,Microbiome,4,77648549
4_77648565,Microbiome,4,77648565
4_77782862,Microbiome_Permuted,4,77782862
4_78795327,Microbiome_Permuted,4,78795327
4_79061721,Microbiome,4,79061721
4_79063811,Microbiome,4,79063811
4_79132047,Microbiome_Permuted,4,79132047
4_79178812,Microbiome_Permuted,4,79178812
4_79614672,Microbiome_Permuted,4,79614672
4_8047466,Microbiome_Permuted,4,8047466
4_8086053,Microbiome_Permuted,4,8086053
4_8086288,Microbiome_Permuted,4,8086288
4_8115709,Microbiome_Permuted,4,8115709
4_81753997,Abiotic,4,81753997
4_8184884,Microbiome_Permuted,4,8184884
4_81852441,Microbiome,4,81852441
4_82043231,Abiotic,4,82043231
4_82545518,NLR,4,82545518
4_82547285,NLR,4,82547285
4_82547383,NLR,4,82547383
4_82547520,NLR,4,82547520
4_82547528,NLR,4,82547528
4_82547535,NLR,4,82547535
4_82559631,NLR,4,82559631
4_82560318,NLR,4,82560318
4_82560728,NLR,4,82560728
4_82560826,NLR,4,82560826
4_82561777,NLR,4,82561777
4_82562059,NLR,4,82562059
4_82562362,NLR,4,82562362
4_82569803,NLR,4,82569803
4_82588254,NLR,4,82588254
4_82589089,NLR,4,82589089
4_82589573,NLR,4,82589573
4_82683327,Microbiome,4,82683327
4_82689324,Microbiome,4,82689324
4_82727412,Microbiome,4,82727412
4_82743235,Microbiome,4,82743235
4_82934542,Microbiome,4,82934542
4_82934543,Microbiome,4,82934543
4_82934544,Microbiome,4,82934544
4_82934547,Microbiome,4,82934547
4_83201970,Microbiome_Permuted,4,83201970
4_83271467,Microbiome,4,83271467
4_83272544,Microbiome,4,83272544
4_8341553,Microbiome_Permuted,4,8341553
4_8505878,Abiotic_Permuted,4,8505878
5_10865387,Abiotic_Permuted,5,10865387
5_1096698,Microbiome_Permuted,5,1096698
5_10967061,Microbiome_Permuted,5,10967061
5_1106491,Microbiome_Permuted,5,1106491
5_1110400,Microbiome_Permuted,5,1110400
5_11397776,NLR,5,11397776
5_11398319,NLR,5,11398319
5_11398365,NLR,5,11398365
5_11400277,NLR,5,11400277
5_11400287,NLR,5,11400287
5_11400317,NLR,5,11400317
5_12918066,NLR,5,12918066
5_12918740,NLR,5,12918740
5_12919708,NLR,5,12919708
5_12919945,NLR,5,12919945
5_13106024,Microbiome_Permuted,5,13106024
5_13828605,Microbiome_Permuted,5,13828605
5_14537720,NLR,5,14537720
5_15910731,Abiotic,5,15910731
5_15912188,Abiotic,5,15912188
5_15913667,Abiotic,5,15913667
5_15913703,Abiotic,5,15913703
5_15914838,Abiotic,5,15914838
5_15917301,Abiotic,5,15917301
5_15917598,Abiotic,5,15917598
5_15917791,Abiotic,5,15917791
5_16014666,Microbiome,5,16014666
5_16016560,Microbiome,5,16016560
5_16017832,Microbiome,5,16017832
5_16026628,Microbiome,5,16026628
5_16026934,Microbiome,5,16026934
5_16027713,Microbiome,5,16027713
5_16162284,Microbiome,5,16162284
5_16162367,Microbiome,5,16162367
5_16162461,Microbiome,5,16162461
5_16162498,Microbiome,5,16162498
5_16162726,Microbiome,5,16162726
5_16162748,Microbiome,5,16162748
5_16162863,Microbiome,5,16162863
5_16162871,Microbiome,5,16162871
5_16162982,Microbiome,5,16162982
5_16163056,Microbiome,5,16163056
5_18181383,Microbiome_Permuted,5,18181383
5_18193350,Microbiome_Permuted,5,18193350
5_23388790,NLR,5,23388790
5_23463352,NLR,5,23463352
5_23463499,NLR,5,23463499
5_23463980,NLR,5,23463980
5_23464109,NLR,5,23464109
5_23464501,NLR,5,23464501
5_23464526,NLR,5,23464526
5_25015104,Microbiome,5,25015104
5_25015959,Microbiome,5,25015959
5_25020852,Microbiome,5,25020852
5_25021591,Microbiome,5,25021591
5_25238863,Microbiome_Permuted,5,25238863
5_274193,Microbiome_Permuted,5,274193
5_321846,Microbiome_Permuted,5,321846
5_32190925,NLR,5,32190925
5_32191082,NLR,5,32191082
5_33154975,Microbiome_Permuted,5,33154975
5_3557257,NLR,5,3557257
5_3557806,NLR,5,3557806
5_3558019,NLR,5,3558019
5_3558117,NLR,5,3558117
5_3558897,NLR,5,3558897
5_3560440,NLR,5,3560440
5_3560761,NLR,5,3560761
5_3560959,NLR,5,3560959
5_3560997,NLR,5,3560997
5_3561103,NLR,5,3561103
5_3561118,NLR,5,3561118
5_3561184,NLR,5,3561184
5_36856052,Microbiome_Permuted,5,36856052
5_37223777,Microbiome_Permuted,5,37223777
5_37623511,Microbiome_Permuted,5,37623511
5_38591542,Microbiome,5,38591542
5_39585316,Microbiome,5,39585316
5_39585662,Microbiome,5,39585662
5_39585703,Microbiome,5,39585703
5_39585834,Microbiome,5,39585834
5_39586672,Microbiome,5,39586672
5_39586860,Microbiome,5,39586860
5_40618044,Microbiome_Permuted,5,40618044
5_40871546,Microbiome,5,40871546
5_44267023,Microbiome,5,44267023
5_44269410,Microbiome,5,44269410
5_44269868,Microbiome,5,44269868
5_44273664,Microbiome,5,44273664
5_44284291,Microbiome,5,44284291
5_44385915,Microbiome,5,44385915
5_44387579,Microbiome,5,44387579
5_44635827,Microbiome,5,44635827
5_45235547,Microbiome_Permuted,5,45235547
5_46143133,Microbiome,5,46143133
5_47758149,Microbiome_Permuted,5,47758149
5_49093133,Abiotic_Permuted,5,49093133
5_52454662,Microbiome_Permuted,5,52454662
5_52454672,Microbiome_Permuted,5,52454672
5_52455504,Microbiome_Permuted,5,52455504
5_53559651,Microbiome,5,53559651
5_53888103,Microbiome_Permuted,5,53888103
5_54357180,Microbiome,5,54357180
5_55668884,Microbiome,5,55668884
5_56215522,Microbiome_Permuted,5,56215522
5_56216892,Microbiome_Permuted,5,56216892
5_56323442,Microbiome_Permuted,5,56323442
5_56344199,Microbiome_Permuted,5,56344199
5_56352371,Abiotic_Permuted,5,56352371
5_56873123,Microbiome,5,56873123
5_57394512,Microbiome_Permuted,5,57394512
5_57633211,Microbiome,5,57633211
5_57648169,Microbiome,5,57648169
5_57649588,Microbiome,5,57649588
5_57652000,Microbiome,5,57652000
5_57654111,Microbiome,5,57654111
5_58208574,Microbiome_Permuted,5,58208574
5_59374384,Microbiome,5,59374384
5_61120186,Abiotic_Permuted,5,61120186
5_61257441,NLR,5,61257441
5_61258865,NLR,5,61258865
5_61260344,NLR,5,61260344
5_61327002,Microbiome,5,61327002
5_61327012,Microbiome,5,61327012
5_61327022,Microbiome,5,61327022
5_61327028,Microbiome,5,61327028
5_61327037,Microbiome,5,61327037
5_61327043,Microbiome,5,61327043
5_62383736,Microbiome_Permuted,5,62383736
5_62715908,Microbiome_Permuted,5,62715908
5_64252688,Microbiome_Permuted,5,64252688
5_64254030,Microbiome_Permuted,5,64254030
5_64485489,Microbiome,5,64485489
5_65962704,Microbiome,5,65962704
5_65964962,Microbiome,5,65964962
5_67172264,Microbiome,5,67172264
5_67526387,Microbiome_Permuted,5,67526387
5_67528226,Microbiome_Permuted,5,67528226
5_67534282,Microbiome_Permuted,5,67534282
5_67545422,Microbiome_Permuted,5,67545422
5_67730806,Microbiome,5,67730806
5_67737228,Microbiome,5,67737228
5_67739070,Microbiome,5,67739070
5_6850063,Microbiome_Permuted,5,6850063
5_696938,Microbiome_Permuted,5,696938
5_7289788,Microbiome,5,7289788
5_7675341,Microbiome,5,7675341
5_8016745,NLR,5,8016745
5_8591657,Microbiome_Permuted,5,8591657
5_9688934,NLR,5,9688934
5_9689026,NLR,5,9689026
5_9690055,NLR,5,9690055
5_9765831,Microbiome,5,9765831
5_9768130,Microbiome,5,9768130
5_9771445,Microbiome,5,9771445
5_9837894,Microbiome,5,9837894
6_10206,Microbiome,6,10206
6_10231558,Microbiome_Permuted,6,10231558
6_10263422,Microbiome_Permuted,6,10263422
6_1028874,Microbiome_Permuted,6,1028874
6_10418880,Microbiome_Permuted,6,10418880
6_1043270,Microbiome_Permuted,6,1043270
6_1045534,Microbiome_Permuted,6,1045534
6_12552274,Microbiome_Permuted,6,12552274
6_12665526,NLR,6,12665526
6_12867544,NLR,6,12867544
6_12868206,NLR,6,12868206
6_12868399,NLR,6,12868399
6_12870040,NLR,6,12870040
6_12870078,NLR,6,12870078
6_12870371,NLR,6,12870371
6_12871578,NLR,6,12871578
6_129108,Microbiome,6,129108
6_13320211,NLR,6,13320211
6_13320796,NLR,6,13320796
6_13322254,NLR,6,13322254
6_13348052,NLR,6,13348052
6_13348219,NLR,6,13348219
6_13348893,NLR,6,13348893
6_13353778,Microbiome_Permuted,6,13353778
6_13914318,Abiotic,6,13914318
6_14652,Microbiome,6,14652
6_16298014,Microbiome,6,16298014
6_16360,Microbiome,6,16360
6_16636,Microbiome,6,16636
6_211765,Microbiome,6,211765
6_211772,Microbiome,6,211772
6_212129,Microbiome,6,212129
6_23133103,NLR,6,23133103
6_23133296,NLR,6,23133296
6_23437858,NLR,6,23437858
6_23438118,NLR,6,23438118
6_24682598,Microbiome_Permuted,6,24682598
6_2996742,Microbiome_Permuted,6,2996742
6_30302670,Microbiome,6,30302670
6_30318707,Microbiome,6,30318707
6_352442,Microbiome,6,352442
6_353202,Microbiome,6,353202
6_360232,Microbiome,6,360232
6_361313,Microbiome,6,361313
6_361324,Microbiome,6,361324
6_364086,Microbiome,6,364086
6_364472,Microbiome,6,364472
6_366986,Microbiome,6,366986
6_369245,Microbiome,6,369245
6_373694,Microbiome,6,373694
6_374317,Microbiome,6,374317
6_375182,Microbiome,6,375182
6_375309,Microbiome,6,375309
6_375665,Microbiome,6,375665
6_376162,Microbiome,6,376162
6_376710,Microbiome,6,376710
6_377295,Microbiome,6,377295
6_377573,Microbiome,6,377573
6_381146,Microbiome,6,381146
6_381999,Microbiome,6,381999
6_38441229,NLR,6,38441229
6_38442270,NLR,6,38442270
6_38443266,NLR,6,38443266
6_38444724,NLR,6,38444724
6_38444908,NLR,6,38444908
6_394529,Microbiome,6,394529
6_401551,Microbiome,6,401551
6_401793,Microbiome,6,401793
6_401834,Microbiome,6,401834
6_401846,Microbiome,6,401846
6_402757,Microbiome,6,402757
6_405019,Microbiome,6,405019
6_40659094,Microbiome_Permuted,6,40659094
6_40909025,Microbiome_Permuted,6,40909025
6_4212264,Microbiome_Permuted,6,4212264
6_42379532,NLR,6,42379532
6_42431193,NLR,6,42431193
6_42439167,NLR,6,42439167
6_42601110,NLR,6,42601110
6_42601884,NLR,6,42601884
6_42694796,NLR,6,42694796
6_42695597,NLR,6,42695597
6_42716929,NLR,6,42716929
6_42717142,NLR,6,42717142
6_42717397,NLR,6,42717397
6_42719142,NLR,6,42719142
6_42719154,NLR,6,42719154
6_42720518,NLR,6,42720518
6_430957,Microbiome,6,430957
6_433350,Microbiome,6,433350
6_4420190,Microbiome_Permuted,6,4420190
6_4420516,Microbiome_Permuted,6,4420516
6_4432644,Microbiome_Permuted,6,4432644
6_44348021,Microbiome_Permuted,6,44348021
6_4434989,Microbiome_Permuted,6,4434989
6_44364351,Microbiome_Permuted,6,44364351
6_44365850,Microbiome_Permuted,6,44365850
6_44380139,Microbiome_Permuted,6,44380139
6_44380963,Microbiome_Permuted,6,44380963
6_44381225,Microbiome_Permuted,6,44381225
6_44381433,Microbiome_Permuted,6,44381433
6_44383000,Microbiome_Permuted,6,44383000
6_44384298,Microbiome_Permuted,6,44384298
6_45105011,NLR,6,45105011
6_45105408,NLR,6,45105408
6_469454,Microbiome,6,469454
6_47004923,NLR,6,47004923
6_47005051,NLR,6,47005051
6_47005158,NLR,6,47005158
6_47005885,NLR,6,47005885
6_47005945,NLR,6,47005945
6_47006466,NLR,6,47006466
6_47006698,NLR,6,47006698
6_47007289,NLR,6,47007289
6_47007525,NLR,6,47007525
6_47007711,NLR,6,47007711
6_470447,Microbiome,6,470447
6_47326400,Microbiome_Permuted,6,47326400
6_47664130,NLR,6,47664130
6_47664535,NLR,6,47664535
6_47664586,NLR,6,47664586
6_47677037,NLR,6,47677037
6_47677430,NLR,6,47677430
6_47678436,NLR,6,47678436
6_48075066,NLR,6,48075066
6_48092450,Abiotic,6,48092450
6_48095531,Abiotic,6,48095531
6_48095539,Abiotic,6,48095539
6_48101110,Abiotic,6,48101110
6_484828,Microbiome,6,484828
6_48914799,NLR,6,48914799
6_48917591,NLR,6,48917591
6_48918164,NLR,6,48918164
6_48918617,Microbiome_Permuted,6,48918617
6_48962778,Microbiome,6,48962778
6_48970912,Microbiome,6,48970912
6_48971042,Microbiome,6,48971042
6_48972475,Microbiome,6,48972475
6_48972767,Microbiome,6,48972767
6_48974017,Microbiome,6,48974017
6_48975273,Microbiome,6,48975273
6_48981602,Microbiome,6,48981602
6_49067026,NLR,6,49067026
6_49067027,NLR,6,49067027
6_49067395,NLR,6,49067395
6_49076905,NLR,6,49076905
6_49077655,NLR,6,49077655
6_49121617,Microbiome_Permuted,6,49121617
6_49129814,Microbiome_Permuted,6,49129814
6_49132184,Microbiome_Permuted,6,49132184
6_49229142,NLR,6,49229142
6_492367,Microbiome,6,492367
6_4960645,Microbiome,6,4960645
6_4960648,Microbiome,6,4960648
6_4960656,Microbiome,6,4960656
6_4960661,Microbiome,6,4960661
6_4960662,Microbiome,6,4960662
6_4960672,Microbiome,6,4960672
6_49801375,NLR,6,49801375
6_49801407,NLR,6,49801407
6_49801409,NLR,6,49801409
6_49801416,NLR,6,49801416
6_49801424,NLR,6,49801424
6_49801426,NLR,6,49801426
6_49801436,NLR,6,49801436
6_49801441,NLR,6,49801441
6_49801445,NLR,6,49801445
6_49801446,NLR,6,49801446
6_49801450,NLR,6,49801450
6_49801465,NLR,6,49801465
6_49801468,NLR,6,49801468
6_49801514,NLR,6,49801514
6_49801522,NLR,6,49801522
6_49801543,NLR,6,49801543
6_49801642,NLR,6,49801642
6_49801926,NLR,6,49801926
6_49801927,NLR,6,49801927
6_49801933,NLR,6,49801933
6_49801951,NLR,6,49801951
6_49801967,NLR,6,49801967
6_49802061,NLR,6,49802061
6_49802106,NLR,6,49802106
6_49802112,NLR,6,49802112
6_49802209,NLR,6,49802209
6_49802214,NLR,6,49802214
6_49802334,NLR,6,49802334
6_49802345,NLR,6,49802345
6_49802423,NLR,6,49802423
6_49802638,NLR,6,49802638
6_49802657,NLR,6,49802657
6_49802666,NLR,6,49802666
6_49802731,NLR,6,49802731
6_49802740,NLR,6,49802740
6_49802757,NLR,6,49802757
6_49802763,NLR,6,49802763
6_49802846,NLR,6,49802846
6_49802916,NLR,6,49802916
6_49802945,NLR,6,49802945
6_49802946,NLR,6,49802946
6_49802956,NLR,6,49802956
6_49803159,NLR,6,49803159
6_49803160,NLR,6,49803160
6_49803300,NLR,6,49803300
6_49803508,NLR,6,49803508
6_49803662,NLR,6,49803662
6_49803673,NLR,6,49803673
6_49803796,NLR,6,49803796
6_49803824,NLR,6,49803824
6_49803860,NLR,6,49803860
6_49803878,NLR,6,49803878
6_49803904,NLR,6,49803904
6_49803932,NLR,6,49803932
6_49803999,NLR,6,49803999
6_49804007,NLR,6,49804007
6_49804104,NLR,6,49804104
6_49804117,NLR,6,49804117
6_49804128,NLR,6,49804128
6_49804146,NLR,6,49804146
6_49804192,NLR,6,49804192
6_49804262,NLR,6,49804262
6_49804273,NLR,6,49804273
6_500863,Microbiome,6,500863
6_50188086,Microbiome,6,50188086
6_50188122,Microbiome,6,50188122
6_502929,Microbiome,6,502929
6_51012529,Microbiome,6,51012529
6_510381,Microbiome,6,510381
6_512115,Microbiome,6,512115
6_5171330,Microbiome,6,5171330
6_52067495,Microbiome_Permuted,6,52067495
6_52101895,Microbiome_Permuted,6,52101895
6_526322,Microbiome,6,526322
6_52792138,Microbiome_Permuted,6,52792138
6_53129867,Microbiome,6,53129867
6_53135216,Microbiome,6,53135216
6_53163863,Microbiome,6,53163863
6_531642,Microbiome,6,531642
6_53168469,Microbiome,6,53168469
6_53192605,Microbiome,6,53192605
6_53214824,Microbiome,6,53214824
6_53220621,Microbiome,6,53220621
6_53220956,Microbiome,6,53220956
6_53221045,Microbiome,6,53221045
6_54241080,NLR,6,54241080
6_54242224,NLR,6,54242224
6_54243720,NLR,6,54243720
6_54897750,Microbiome_Permuted,6,54897750
6_56567945,Microbiome,6,56567945
6_56582344,Microbiome,6,56582344
6_56766758,Microbiome,6,56766758
6_56979417,Microbiome,6,56979417
6_57160577,Microbiome,6,57160577
6_57160613,Microbiome,6,57160613
6_57160693,Microbiome,6,57160693
6_57176718,Microbiome,6,57176718
6_57214782,Microbiome,6,57214782
6_57215897,Microbiome,6,57215897
6_57216434,Microbiome,6,57216434
6_57216948,Microbiome,6,57216948
6_57286015,Microbiome,6,57286015
6_57675567,Microbiome,6,57675567
6_57675808,Microbiome,6,57675808
6_57690198,Microbiome,6,57690198
6_57692846,Microbiome,6,57692846
6_57739577,Microbiome,6,57739577
6_58086356,NLR,6,58086356
6_58086443,NLR,6,58086443
6_58086452,NLR,6,58086452
6_58086453,NLR,6,58086453
6_58086455,NLR,6,58086455
6_58086470,NLR,6,58086470
6_58086471,NLR,6,58086471
6_58086485,NLR,6,58086485
6_58086487,NLR,6,58086487
6_58086492,NLR,6,58086492
6_58086501,NLR,6,58086501
6_58086511,NLR,6,58086511
6_58086512,NLR,6,58086512
6_58086517,NLR,6,58086517
6_58086525,NLR,6,58086525
6_58086530,NLR,6,58086530
6_58086539,NLR,6,58086539
6_58086542,NLR,6,58086542
6_58086543,NLR,6,58086543
6_58086544,NLR,6,58086544
6_58086546,NLR,6,58086546
6_58086548,NLR,6,58086548
6_58086550,NLR,6,58086550
6_58086556,NLR,6,58086556
6_58086558,NLR,6,58086558
6_58086561,NLR,6,58086561
6_58086565,NLR,6,58086565
6_58086572,NLR,6,58086572
6_58086574,NLR,6,58086574
6_58086585,NLR,6,58086585
6_58086593,NLR,6,58086593
6_58086608,NLR,6,58086608
6_58086611,NLR,6,58086611
6_58086620,NLR,6,58086620
6_58086624,NLR,6,58086624
6_58086626,NLR,6,58086626
6_58086645,NLR,6,58086645
6_58086650,NLR,6,58086650
6_58086653,NLR,6,58086653
6_58086717,NLR,6,58086717
6_58086721,NLR,6,58086721
6_58086791,NLR,6,58086791
6_58086850,NLR,6,58086850
6_58086856,NLR,6,58086856
6_58086911,NLR,6,58086911
6_58086930,NLR,6,58086930
6_58086956,NLR,6,58086956
6_58086976,NLR,6,58086976
6_58086982,NLR,6,58086982
6_58086999,NLR,6,58086999
6_58087015,NLR,6,58087015
6_58087020,NLR,6,58087020
6_58087025,NLR,6,58087025
6_58087032,NLR,6,58087032
6_58087034,NLR,6,58087034
6_58087035,NLR,6,58087035
6_58087059,NLR,6,58087059
6_58087065,NLR,6,58087065
6_58087116,NLR,6,58087116
6_58087118,NLR,6,58087118
6_58087164,NLR,6,58087164
6_58087165,NLR,6,58087165
6_58087240,NLR,6,58087240
6_58087248,NLR,6,58087248
6_58087330,NLR,6,58087330
6_58087332,NLR,6,58087332
6_58087379,NLR,6,58087379
6_58087380,NLR,6,58087380
6_58087390,NLR,6,58087390
6_58087392,NLR,6,58087392
6_58087394,NLR,6,58087394
6_58087398,NLR,6,58087398
6_58087405,NLR,6,58087405
6_58087406,NLR,6,58087406
6_58087407,NLR,6,58087407
6_58087419,NLR,6,58087419
6_58087437,NLR,6,58087437
6_58087452,NLR,6,58087452
6_58087506,NLR,6,58087506
6_58087563,NLR,6,58087563
6_58087632,NLR,6,58087632
6_58087633,NLR,6,58087633
6_58087634,NLR,6,58087634
6_58087644,NLR,6,58087644
6_58087693,NLR,6,58087693
6_58087695,NLR,6,58087695
6_58087710,NLR,6,58087710
6_58087753,NLR,6,58087753
6_58087755,NLR,6,58087755
6_58087763,NLR,6,58087763
6_58087766,NLR,6,58087766
6_58087818,NLR,6,58087818
6_58087826,NLR,6,58087826
6_58087861,NLR,6,58087861
6_58087908,NLR,6,58087908
6_58087909,NLR,6,58087909
6_58088008,NLR,6,58088008
6_58088017,NLR,6,58088017
6_58088080,NLR,6,58088080
6_58088084,NLR,6,58088084
6_58088089,NLR,6,58088089
6_58088096,NLR,6,58088096
6_58088098,NLR,6,58088098
6_58088106,NLR,6,58088106
6_58088114,NLR,6,58088114
6_58088172,NLR,6,58088172
6_58088311,NLR,6,58088311
6_58088312,NLR,6,58088312
6_58088323,NLR,6,58088323
6_58088328,NLR,6,58088328
6_58088329,NLR,6,58088329
6_58088408,NLR,6,58088408
6_58088426,NLR,6,58088426
6_58088428,NLR,6,58088428
6_58088448,NLR,6,58088448
6_58088450,NLR,6,58088450
6_58088467,NLR,6,58088467
6_58088471,NLR,6,58088471
6_58088477,NLR,6,58088477
6_58088485,NLR,6,58088485
6_58088501,NLR,6,58088501
6_58088535,NLR,6,58088535
6_58088538,NLR,6,58088538
6_58088550,NLR,6,58088550
6_58451691,NLR,6,58451691
6_58451704,NLR,6,58451704
6_58451716,NLR,6,58451716
6_58451717,NLR,6,58451717
6_58451728,NLR,6,58451728
6_58451731,NLR,6,58451731
6_58451747,NLR,6,58451747
6_58451748,NLR,6,58451748
6_58451755,NLR,6,58451755
6_58451772,NLR,6,58451772
6_58451781,NLR,6,58451781
6_58451786,NLR,6,58451786
6_58451800,NLR,6,58451800
6_58451816,NLR,6,58451816
6_58451820,NLR,6,58451820
6_58451840,NLR,6,58451840
6_58451858,NLR,6,58451858
6_58451892,NLR,6,58451892
6_58451913,NLR,6,58451913
6_58451936,NLR,6,58451936
6_58451942,NLR,6,58451942
6_58451943,NLR,6,58451943
6_58451985,NLR,6,58451985
6_58451992,NLR,6,58451992
6_58452038,NLR,6,58452038
6_58452041,NLR,6,58452041
6_58452051,NLR,6,58452051
6_58452094,NLR,6,58452094
6_58452152,NLR,6,58452152
6_58452178,NLR,6,58452178
6_58452179,NLR,6,58452179
6_58452272,NLR,6,58452272
6_58452287,NLR,6,58452287
6_58452290,NLR,6,58452290
6_58452292,NLR,6,58452292
6_58452297,NLR,6,58452297
6_58452302,NLR,6,58452302
6_58452317,NLR,6,58452317
6_58452366,NLR,6,58452366
6_58452436,NLR,6,58452436
6_58452451,NLR,6,58452451
6_58452467,NLR,6,58452467
6_58452473,NLR,6,58452473
6_58452482,NLR,6,58452482
6_58452502,NLR,6,58452502
6_58452503,NLR,6,58452503
6_58452506,NLR,6,58452506
6_58452514,NLR,6,58452514
6_58452516,NLR,6,58452516
6_58452526,NLR,6,58452526
6_58452559,NLR,6,58452559
6_58452576,NLR,6,58452576
6_58452585,NLR,6,58452585
6_58452622,NLR,6,58452622
6_58452625,NLR,6,58452625
6_58452629,NLR,6,58452629
6_58452630,NLR,6,58452630
6_58452635,NLR,6,58452635
6_58452636,NLR,6,58452636
6_58452637,NLR,6,58452637
6_58452640,NLR,6,58452640
6_58452688,NLR,6,58452688
6_58452689,NLR,6,58452689
6_58452690,NLR,6,58452690
6_58452696,NLR,6,58452696
6_58452697,NLR,6,58452697
6_58452701,NLR,6,58452701
6_58452702,NLR,6,58452702
6_58452703,NLR,6,58452703
6_58452706,NLR,6,58452706
6_58452754,NLR,6,58452754
6_58452755,NLR,6,58452755
6_58452764,NLR,6,58452764
6_58452766,NLR,6,58452766
6_58452767,NLR,6,58452767
6_58452771,NLR,6,58452771
6_58452937,NLR,6,58452937
6_58453021,NLR,6,58453021
6_58453029,NLR,6,58453029
6_58453110,NLR,6,58453110
6_58453190,NLR,6,58453190
6_58453195,NLR,6,58453195
6_58453239,NLR,6,58453239
6_58453250,NLR,6,58453250
6_58453255,NLR,6,58453255
6_58453272,NLR,6,58453272
6_58453278,NLR,6,58453278
6_58453280,NLR,6,58453280
6_58453294,NLR,6,58453294
6_58453299,NLR,6,58453299
6_58453303,NLR,6,58453303
6_58453318,NLR,6,58453318
6_58453324,NLR,6,58453324
6_58453327,NLR,6,58453327
6_58453398,NLR,6,58453398
6_58453405,NLR,6,58453405
6_58453533,NLR,6,58453533
6_58453537,NLR,6,58453537
6_58453539,NLR,6,58453539
6_58453601,NLR,6,58453601
6_58453624,NLR,6,58453624
6_58453628,NLR,6,58453628
6_58453630,NLR,6,58453630
6_58453632,NLR,6,58453632
6_58453633,NLR,6,58453633
6_58453637,NLR,6,58453637
6_58453646,NLR,6,58453646
6_58453655,NLR,6,58453655
6_58453656,NLR,6,58453656
6_58453661,NLR,6,58453661
6_58453667,NLR,6,58453667
6_58453680,NLR,6,58453680
6_58453682,NLR,6,58453682
6_58453689,NLR,6,58453689
6_58453706,NLR,6,58453706
6_58453708,NLR,6,58453708
6_58453710,NLR,6,58453710
6_58453711,NLR,6,58453711
6_58453712,NLR,6,58453712
6_58453715,NLR,6,58453715
6_58453724,NLR,6,58453724
6_58453729,NLR,6,58453729
6_58453742,NLR,6,58453742
6_58453743,NLR,6,58453743
6_58453753,NLR,6,58453753
6_58453767,NLR,6,58453767
6_58453772,NLR,6,58453772
6_58453783,NLR,6,58453783
6_58453784,NLR,6,58453784
6_58453799,NLR,6,58453799
6_58453801,NLR,6,58453801
6_58453802,NLR,6,58453802
6_58453811,NLR,6,58453811
6_58513654,Microbiome,6,58513654
6_58520027,Microbiome,6,58520027
6_58520054,Microbiome,6,58520054
6_58898063,Microbiome,6,58898063
6_59464088,Microbiome_Permuted,6,59464088
6_59668138,Abiotic,6,59668138
6_59749320,NLR,6,59749320
6_59757546,NLR,6,59757546
6_59757722,NLR,6,59757722
6_59758833,NLR,6,59758833
6_59759162,NLR,6,59759162
6_59814531,Microbiome,6,59814531
6_59817997,Microbiome,6,59817997
6_59850358,Microbiome,6,59850358
6_59865169,Microbiome,6,59865169
6_59867140,Microbiome,6,59867140
6_59868870,Microbiome,6,59868870
6_59868904,Microbiome,6,59868904
6_59884705,Microbiome,6,59884705
6_60609977,Abiotic,6,60609977
6_60782575,Microbiome,6,60782575
6_61332296,Microbiome_Permuted,6,61332296
6_61429783,Microbiome,6,61429783
6_61429795,Microbiome,6,61429795
6_61429853,Microbiome,6,61429853
6_6153781,Microbiome,6,6153781
6_61555190,Abiotic,6,61555190
6_61620992,Abiotic,6,61620992
6_61709560,Abiotic,6,61709560
6_61735229,Abiotic,6,61735229
6_61778567,Abiotic,6,61778567
6_61822300,Abiotic,6,61822300
6_61822547,Abiotic,6,61822547
6_61822571,Abiotic,6,61822571
6_61822654,Abiotic,6,61822654
6_61822656,Abiotic,6,61822656
6_61822660,Abiotic,6,61822660
6_61822670,Abiotic,6,61822670
6_61822716,Abiotic,6,61822716
6_61822860,Abiotic,6,61822860
6_61822877,Abiotic,6,61822877
6_61822878,Abiotic,6,61822878
6_61822880,Abiotic,6,61822880
6_61822881,Abiotic,6,61822881
6_61823054,Abiotic,6,61823054
6_61823086,Abiotic,6,61823086
6_61823105,Abiotic,6,61823105
6_61825040,Abiotic,6,61825040
6_61825158,Abiotic,6,61825158
6_61825171,Abiotic,6,61825171
6_61825181,Abiotic,6,61825181
6_61825199,Abiotic,6,61825199
6_61825370,Abiotic,6,61825370
6_61825371,Abiotic,6,61825371
6_61825548,Abiotic,6,61825548
6_61825554,Abiotic,6,61825554
6_61825612,Abiotic,6,61825612
6_62175379,Microbiome_Permuted,6,62175379
6_62237710,Microbiome_Permuted,6,62237710
6_62260635,Microbiome_Permuted,6,62260635
6_62341453,Microbiome,6,62341453
6_62341454,Microbiome,6,62341454
6_62341456,Microbiome,6,62341456
6_62341502,Microbiome,6,62341502
6_62341550,Microbiome,6,62341550
6_62341762,Microbiome,6,62341762
6_62341767,Microbiome,6,62341767
6_62341783,Microbiome,6,62341783
6_6234215,Microbiome,6,6234215
6_6254933,Microbiome,6,6254933
6_6256735,Microbiome,6,6256735
6_6257929,Microbiome,6,6257929
6_6258104,Microbiome,6,6258104
6_6259358,Microbiome,6,6259358
6_6259946,Microbiome,6,6259946
6_6263753,Microbiome,6,6263753
6_6286421,Microbiome,6,6286421
6_6296462,Microbiome,6,6296462
6_6307586,Microbiome,6,6307586
6_6308044,Microbiome,6,6308044
6_6308075,Microbiome,6,6308075
6_6308432,Microbiome,6,6308432
6_6308696,Microbiome,6,6308696
6_6309316,Microbiome,6,6309316
6_6309803,Microbiome,6,6309803
6_6312959,Microbiome,6,6312959
6_6349687,Microbiome,6,6349687
6_6349711,Microbiome,6,6349711
6_6350810,Microbiome,6,6350810
6_6357952,Microbiome,6,6357952
6_6361946,Microbiome,6,6361946
6_63960235,Microbiome,6,63960235
6_64232948,NLR,6,64232948
6_64234821,NLR,6,64234821
6_64236178,NLR,6,64236178
6_64272524,NLR,6,64272524
6_64272533,NLR,6,64272533
6_64272699,NLR,6,64272699
6_64272947,Microbiome_Permuted,6,64272947
6_64274516,NLR,6,64274516
6_64274576,NLR,6,64274576
6_64274608,NLR,6,64274608
6_64275081,NLR,6,64275081
6_64756791,NLR,6,64756791
6_64757090,NLR,6,64757090
6_64757231,NLR,6,64757231
6_64757665,NLR,6,64757665
6_64757732,NLR,6,64757732
6_64757737,NLR,6,64757737
6_64757821,NLR,6,64757821
6_64758142,NLR,6,64758142
6_64758605,NLR,6,64758605
6_64758606,NLR,6,64758606
6_64758928,NLR,6,64758928
6_64758929,NLR,6,64758929
6_64758935,NLR,6,64758935
6_64758937,NLR,6,64758937
6_64758954,NLR,6,64758954
6_64758956,NLR,6,64758956
6_64758960,NLR,6,64758960
6_64759014,NLR,6,64759014
6_64759042,NLR,6,64759042
6_64759060,NLR,6,64759060
6_64759092,NLR,6,64759092
6_64759504,NLR,6,64759504
6_64759536,NLR,6,64759536
6_64759547,NLR,6,64759547
6_64759604,NLR,6,64759604
6_64759651,NLR,6,64759651
6_64759708,NLR,6,64759708
6_64759709,NLR,6,64759709
6_64759716,NLR,6,64759716
6_64759890,NLR,6,64759890
6_64760006,NLR,6,64760006
6_64760011,NLR,6,64760011
6_64760017,NLR,6,64760017
6_64760018,NLR,6,64760018
6_64760021,NLR,6,64760021
6_64760070,NLR,6,64760070
6_64760086,NLR,6,64760086
6_64760088,NLR,6,64760088
6_64760092,NLR,6,64760092
6_64760095,NLR,6,64760095
6_64760096,NLR,6,64760096
6_64760105,NLR,6,64760105
6_64760116,NLR,6,64760116
6_64760123,NLR,6,64760123
6_64760134,NLR,6,64760134
6_65492216,Microbiome_Permuted,6,65492216
6_65589297,Abiotic,6,65589297
6_65589329,Abiotic,6,65589329
6_65589386,Abiotic,6,65589386
6_65589398,Abiotic,6,65589398
6_65589402,Abiotic,6,65589402
6_65589404,Abiotic,6,65589404
6_65604595,Abiotic,6,65604595
6_65604873,Abiotic,6,65604873
6_65613154,Abiotic,6,65613154
6_65613339,Abiotic,6,65613339
6_66210271,Microbiome,6,66210271
6_66225812,Microbiome,6,66225812
6_66397181,Microbiome,6,66397181
6_66427273,NLR,6,66427273
6_66427326,NLR,6,66427326
6_66427361,NLR,6,66427361
6_66427459,NLR,6,66427459
6_66427557,NLR,6,66427557
6_66427843,NLR,6,66427843
6_66429894,NLR,6,66429894
6_66977003,Microbiome,6,66977003
6_67106915,Microbiome,6,67106915
6_67119921,Microbiome,6,67119921
6_67149918,Abiotic_Permuted,6,67149918
6_6838706,Microbiome,6,6838706
6_6839869,Microbiome,6,6839869
6_6841622,Microbiome,6,6841622
6_7304758,Microbiome,6,7304758
6_822263,Microbiome,6,822263
6_836969,NLR,6,836969
6_886326,Microbiome_Permuted,6,886326
2_94527611,Background,2,94527611
3_85425958,Background,3,85425958
2_62307897,Background,2,62307897
2_93564287,Background,2,93564287
4_6125255,Background,4,6125255
3_39198072,Background,3,39198072
1_100182828,Background,1,100182828
2_39896908,Background,2,39896908
1_32188423,Background,1,32188423
6_14573898,Background,6,14573898
4_25067911,Background,4,25067911
4_68328415,Background,4,68328415
6_31412638,Background,6,31412638
4_81670948,Background,4,81670948
4_29742244,Background,4,29742244
1_73855949,Background,1,73855949
5_6958491,Background,5,6958491
4_80749139,Background,4,80749139
1_126542616,Background,1,126542616
1_96850599,Background,1,96850599
3_26821813,Background,3,26821813
6_29557479,Background,6,29557479
3_24426162,Background,3,24426162
3_30132358,Background,3,30132358
3_3941853,Background,3,3941853
2_76551010,Background,2,76551010
2_36075949,Background,2,36075949
5_46798229,Background,5,46798229
1_17656686,Background,1,17656686
1_120464255,Background,1,120464255
3_24428907,Background,3,24428907
6_24745957,Background,6,24745957
5_54574309,Background,5,54574309
1_85692314,Background,1,85692314
6_11737138,Background,6,11737138
3_12324630,Background,3,12324630
1_41779957,Background,1,41779957
1_95758401,Background,1,95758401
1_42620597,Background,1,42620597
1_9205210,Background,1,9205210
2_72661720,Background,2,72661720
3_19772518,Background,3,19772518
4_75751440,Background,4,75751440
5_63188905,Background,5,63188905
1_8531510,Background,1,8531510
1_1228241,Background,1,1228241
3_60984665,Background,3,60984665
6_10583399,Background,6,10583399
3_61913128,Background,3,61913128
4_33081261,Background,4,33081261
6_63775690,Background,6,63775690
4_65801345,Background,4,65801345
6_1553814,Background,6,1553814
2_55316917,Background,2,55316917
6_65413050,Background,6,65413050
5_52490544,Background,5,52490544
3_94562084,Background,3,94562084
5_40030352,Background,5,40030352
1_98112950,Background,1,98112950
1_109191365,Background,1,109191365
1_71709420,Background,1,71709420
4_27761139,Background,4,27761139
1_90880375,Background,1,90880375
1_102099649,Background,1,102099649
2_82383654,Background,2,82383654
1_8889692,Background,1,8889692
1_2803352,Background,1,2803352
5_3257206,Background,5,3257206
4_54098853,Background,4,54098853
1_101504944,Background,1,101504944
4_18657563,Background,4,18657563
6_11320833,Background,6,11320833
2_64225330,Background,2,64225330
4_71935377,Background,4,71935377
3_95471698,Background,3,95471698
2_82091922,Background,2,82091922
2_77042037,Background,2,77042037
6_55678533,Background,6,55678533
5_48412679,Background,5,48412679
6_13534915,Background,6,13534915
1_25938386,Background,1,25938386
1_4162001,Background,1,4162001
1_104537070,Background,1,104537070
5_23542203,Background,5,23542203
2_77037187,Background,2,77037187
1_21155317,Background,1,21155317
1_75624415,Background,1,75624415
3_59652879,Background,3,59652879
1_129402529,Background,1,129402529
4_4116398,Background,4,4116398
2_35626781,Background,2,35626781
2_65951037,Background,2,65951037
2_82674030,Background,2,82674030
3_74611505,Background,3,74611505
6_19115101,Background,6,19115101
3_8011411,Background,3,8011411
4_82497673,Background,4,82497673
3_96707868,Background,3,96707868
5_56809295,Background,5,56809295
6_62877051,Background,6,62877051
3_4135963,Background,3,4135963
3_51817376,Background,3,51817376
2_24025184,Background,2,24025184
1_4072484,Background,1,4072484
2_79428464,Background,2,79428464
2_91712490,Background,2,91712490
1_136399030,Background,1,136399030
1_67396328,Background,1,67396328
3_87180331,Background,3,87180331
1_120422336,Background,1,120422336
3_10487094,Background,3,10487094
2_60223445,Background,2,60223445
3_20939236,Background,3,20939236
5_60436610,Background,5,60436610
2_15773403,Background,2,15773403
3_91843931,Background,3,91843931
5_51963880,Background,5,51963880
3_77493598,Background,3,77493598
3_27707537,Background,3,27707537
1_982918,Background,1,982918
1_103586711,Background,1,103586711
1_69835443,Background,1,69835443
3_15432952,Background,3,15432952
1_2799666,Background,1,2799666
3_24423371,Background,3,24423371
1_9763497,Background,1,9763497
3_85985601,Background,3,85985601
4_80746101,Background,4,80746101
1_112574153,Background,1,112574153
3_8921094,Background,3,8921094
3_88116,Background,3,88116
3_23617974,Background,3,23617974
5_59864199,Background,5,59864199
3_84120248,Background,3,84120248
3_15262742,Background,3,15262742
1_19851690,Background,1,19851690
4_75330322,Background,4,75330322
1_107583105,Background,1,107583105
4_18690693,Background,4,18690693
6_53227705,Background,6,53227705
3_11514785,Background,3,11514785
2_60042332,Background,2,60042332
1_131192831,Background,1,131192831
1_84657187,Background,1,84657187
1_6045532,Background,1,6045532
4_71860220,Background,4,71860220
2_80061889,Background,2,80061889
4_60302672,Background,4,60302672
6_66754898,Background,6,66754898
4_49521246,Background,4,49521246
5_29704208,Background,5,29704208
1_53969561,Background,1,53969561
5_52122723,Background,5,52122723
4_71189021,Background,4,71189021
3_66972658,Background,3,66972658
1_100762615,Background,1,100762615
2_83271804,Background,2,83271804
2_76665041,Background,2,76665041
5_51279346,Background,5,51279346
3_4670888,Background,3,4670888
4_76756655,Background,4,76756655
2_7144237,Background,2,7144237
1_121428119,Background,1,121428119
2_76881425,Background,2,76881425
1_16569559,Background,1,16569559
1_2856642,Background,1,2856642
6_2065046,Background,6,2065046
2_58678561,Background,2,58678561
0_1964000,Background,0,1964000
1_20295796,Background,1,20295796
3_79351812,Background,3,79351812
2_32054165,Background,2,32054165
3_82944620,Background,3,82944620
2_42675847,Background,2,42675847
4_15631962,Background,4,15631962
6_32711976,Background,6,32711976
4_5122096,Background,4,5122096
5_65283959,Background,5,65283959
5_65386421,Background,5,65386421
5_62824625,Background,5,62824625
2_44006818,Background,2,44006818
4_72730060,Background,4,72730060
6_61503716,Background,6,61503716
4_68328652,Background,4,68328652
1_10834038,Background,1,10834038
1_63956856,Background,1,63956856
2_43609292,Background,2,43609292
1_131708434,Background,1,131708434
1_103595479,Background,1,103595479
5_28162617,Background,5,28162617
6_65662914,Background,6,65662914
1_115185554,Background,1,115185554
3_38800437,Background,3,38800437
1_84696228,Background,1,84696228
3_20566275,Background,3,20566275
1_80599484,Background,1,80599484
1_66773740,Background,1,66773740
3_17449918,Background,3,17449918
4_52086782,Background,4,52086782
5_57111898,Background,5,57111898
1_7207935,Background,1,7207935
5_61584552,Background,5,61584552
5_65062084,Background,5,65062084
2_61459956,Background,2,61459956
3_66988951,Background,3,66988951
1_56912859,Background,1,56912859
2_8684426,Background,2,8684426
1_73873043,Background,1,73873043
3_3974641,Background,3,3974641
4_66529813,Background,4,66529813
2_59547452,Background,2,59547452
6_15129118,Background,6,15129118
3_14386411,Background,3,14386411
4_77914294,Background,4,77914294
1_98402140,Background,1,98402140
2_61335741,Background,2,61335741
1_97026597,Background,1,97026597
2_71638744,Background,2,71638744
5_22517064,Background,5,22517064
3_90712548,Background,3,90712548
1_37202006,Background,1,37202006
1_9319577,Background,1,9319577
2_62031430,Background,2,62031430
4_27438835,Background,4,27438835
1_84426220,Background,1,84426220
2_88350553,Background,2,88350553
4_60787370,Background,4,60787370
1_81364932,Background,1,81364932
1_112429089,Background,1,112429089
1_19051903,Background,1,19051903
5_42144639,Background,5,42144639
3_15621022,Background,3,15621022
1_136540463,Background,1,136540463
1_10999617,Background,1,10999617
2_82917906,Background,2,82917906
4_78073983,Background,4,78073983
2_29680395,Background,2,29680395
3_1403091,Background,3,1403091
1_20839256,Background,1,20839256
4_45889606,Background,4,45889606
3_83112530,Background,3,83112530
1_958345,Background,1,958345
6_13001841,Background,6,13001841
3_23766935,Background,3,23766935
1_100767005,Background,1,100767005
1_107030017,Background,1,107030017
1_33179896,Background,1,33179896
2_42956126,Background,2,42956126
3_82831207,Background,3,82831207
1_103526446,Background,1,103526446
2_47994148,Background,2,47994148
3_56024910,Background,3,56024910
6_2000848,Background,6,2000848
1_119710535,Background,1,119710535
1_33113840,Background,1,33113840
6_55678527,Background,6,55678527
1_122243197,Background,1,122243197
5_47800616,Background,5,47800616
6_55679741,Background,6,55679741
6_51899861,Background,6,51899861
1_110474174,Background,1,110474174
1_98362742,Background,1,98362742
1_105103047,Background,1,105103047
6_48643492,Background,6,48643492
3_10098606,Background,3,10098606
4_35850271,Background,4,35850271
1_47542007,Background,1,47542007
2_72662208,Background,2,72662208
2_1050643,Background,2,1050643
3_41855838,Background,3,41855838
3_14959559,Background,3,14959559
4_55193487,Background,4,55193487
2_87073559,Background,2,87073559
2_11481546,Background,2,11481546
3_65410468,Background,3,65410468
3_32653328,Background,3,32653328
2_93740038,Background,2,93740038
1_132944557,Background,1,132944557
3_66466888,Background,3,66466888
4_40095469,Background,4,40095469
5_61946846,Background,5,61946846
6_33611445,Background,6,33611445
2_26505588,Background,2,26505588
3_449017,Background,3,449017
1_125274382,Background,1,125274382
5_58818268,Background,5,58818268
3_279343,Background,3,279343
6_67169505,Background,6,67169505
2_34413687,Background,2,34413687
5_5487754,Background,5,5487754
1_125091897,Background,1,125091897
4_3785323,Background,4,3785323
1_102432445,Background,1,102432445
3_44359085,Background,3,44359085
4_52008110,Background,4,52008110
2_16221476,Background,2,16221476
2_81495915,Background,2,81495915
3_60161380,Background,3,60161380
5_48683752,Background,5,48683752
2_49377808,Background,2,49377808
2_73714294,Background,2,73714294
3_80718304,Background,3,80718304
6_2286230,Background,6,2286230
1_103933667,Background,1,103933667
6_52638234,Background,6,52638234
1_119563100,Background,1,119563100
5_45038021,Background,5,45038021
1_52460870,Background,1,52460870
1_120098060,Background,1,120098060
3_96301399,Background,3,96301399
3_96124660,Background,3,96124660
3_23682653,Background,3,23682653
3_88154681,Background,3,88154681
1_115608944,Background,1,115608944
5_61634798,Background,5,61634798
5_42090462,Background,5,42090462
5_49189936,Background,5,49189936
2_93941562,Background,2,93941562
4_68199556,Background,4,68199556
3_84671970,Background,3,84671970
1_16418866,Background,1,16418866
3_83802076,Background,3,83802076
4_47383562,Background,4,47383562
3_8988090,Background,3,8988090
5_67834952,Background,5,67834952
6_61340279,Background,6,61340279
6_58754226,Background,6,58754226
3_19822865,Background,3,19822865
6_27240310,Background,6,27240310
1_76231927,Background,1,76231927
1_100425133,Background,1,100425133
6_58050776,Background,6,58050776
3_74376295,Background,3,74376295
2_92179505,Background,2,92179505
5_11576053,Background,5,11576053
3_1085266,Background,3,1085266
2_24887060,Background,2,24887060
5_25884524,Background,5,25884524
2_77136744,Background,2,77136744
1_131096619,Background,1,131096619
4_76943141,Background,4,76943141
3_32107075,Background,3,32107075
3_10208015,Background,3,10208015
2_18806659,Background,2,18806659
1_115152879,Background,1,115152879
5_24849808,Background,5,24849808
1_131551267,Background,1,131551267
1_123206985,Background,1,123206985
1_16594315,Background,1,16594315
2_90632006,Background,2,90632006
2_90758380,Background,2,90758380
1_120093863,Background,1,120093863
1_96546790,Background,1,96546790
3_72679916,Background,3,72679916
6_14633078,Background,6,14633078
1_12141650,Background,1,12141650
4_30441353,Background,4,30441353
5_65202504,Background,5,65202504
2_75291968,Background,2,75291968
1_136367097,Background,1,136367097
5_8790831,Background,5,8790831
1_74542545,Background,1,74542545
4_55474316,Background,4,55474316
1_7986761,Background,1,7986761
5_52635664,Background,5,52635664
2_79136242,Background,2,79136242
1_104203991,Background,1,104203991
5_19540821,Background,5,19540821
1_108054480,Background,1,108054480
1_73873689,Background,1,73873689
2_72384781,Background,2,72384781
1_103746223,Background,1,103746223
4_10844092,Background,4,10844092
4_5061240,Background,4,5061240
3_7974693,Background,3,7974693
4_61155466,Background,4,61155466
2_93013758,Background,2,93013758
2_81171124,Background,2,81171124
5_53157647,Background,5,53157647
4_78318949,Background,4,78318949
5_65314189,Background,5,65314189
2_78574419,Background,2,78574419
5_61580542,Background,5,61580542
1_115216474,Background,1,115216474
6_61316907,Background,6,61316907
1_37805554,Background,1,37805554
1_89768410,Background,1,89768410
3_76928040,Background,3,76928040
4_8792689,Background,4,8792689
2_18785890,Background,2,18785890
6_63217690,Background,6,63217690
5_65886095,Background,5,65886095
1_66168984,Background,1,66168984
4_4479905,Background,4,4479905
4_47033103,Background,4,47033103
1_20818618,Background,1,20818618
5_56765876,Background,5,56765876
2_27530064,Background,2,27530064
6_376413,Background,6,376413
4_61471776,Background,4,61471776
1_12236937,Background,1,12236937
1_16124330,Background,1,16124330
1_136266521,Background,1,136266521
1_107732717,Background,1,107732717
1_15927494,Background,1,15927494
1_42606231,Background,1,42606231
4_16797391,Background,4,16797391
2_8257829,Background,2,8257829
2_44241250,Background,2,44241250
3_21683637,Background,3,21683637
5_65363807,Background,5,65363807
4_3689052,Background,4,3689052
3_67151012,Background,3,67151012
1_123406602,Background,1,123406602
2_94748480,Background,2,94748480
2_75106467,Background,2,75106467
5_61573255,Background,5,61573255
4_73585624,Background,4,73585624
2_62249128,Background,2,62249128
4_83418296,Background,4,83418296
3_59331959,Background,3,59331959
2_27056330,Background,2,27056330
6_65662797,Background,6,65662797
6_64360718,Background,6,64360718
5_59377268,Background,5,59377268
1_109168854,Background,1,109168854
3_28573255,Background,3,28573255
6_2762254,Background,6,2762254
5_1565828,Background,5,1565828
3_87799402,Background,3,87799402
6_4364676,Background,6,4364676
5_5983937,Background,5,5983937
1_35237698,Background,1,35237698
2_60616080,Background,2,60616080
6_41540687,Background,6,41540687
3_15592502,Background,3,15592502
3_34075839,Background,3,34075839
1_125036452,Background,1,125036452
3_69192005,Background,3,69192005
3_15475848,Background,3,15475848
2_19761235,Background,2,19761235
1_80366932,Background,1,80366932
4_36747293,Background,4,36747293
5_8709200,Background,5,8709200
2_35119388,Background,2,35119388
1_13095836,Background,1,13095836
1_32224823,Background,1,32224823
3_69284439,Background,3,69284439
4_80733084,Background,4,80733084
3_29527825,Background,3,29527825
3_9450347,Background,3,9450347
6_55675314,Background,6,55675314
2_69437199,Background,2,69437199
1_110883459,Background,1,110883459
2_56061950,Background,2,56061950
5_66885754,Background,5,66885754
4_9866497,Background,4,9866497
1_7464122,Background,1,7464122
5_10528351,Background,5,10528351
5_55283197,Background,5,55283197
4_16843494,Background,4,16843494
1_108339204,Background,1,108339204
1_29392067,Background,1,29392067
1_94841978,Background,1,94841978
4_2583852,Background,4,2583852
6_20962383,Background,6,20962383
4_2291442,Background,4,2291442
3_19514480,Background,3,19514480
4_5694634,Background,4,5694634
1_56581837,Background,1,56581837
2_93663778,Background,2,93663778
2_66241562,Background,2,66241562
3_87206963,Background,3,87206963
2_60912517,Background,2,60912517
5_11553918,Background,5,11553918
3_85790096,Background,3,85790096
1_101499227,Background,1,101499227
3_6845789,Background,3,6845789
2_76525759,Background,2,76525759
3_4774632,Background,3,4774632
4_52599894,Background,4,52599894
3_88352737,Background,3,88352737
2_80766581,Background,2,80766581
6_67165372,Background,6,67165372
1_36409422,Background,1,36409422
4_12435294,Background,4,12435294
4_36766483,Background,4,36766483
4_46673559,Background,4,46673559
6_38693412,Background,6,38693412
3_20015380,Background,3,20015380
4_66106162,Background,4,66106162
2_78804968,Background,2,78804968
1_115439995,Background,1,115439995
1_108372618,Background,1,108372618
4_81468401,Background,4,81468401
1_120641504,Background,1,120641504
5_47118732,Background,5,47118732
4_76434857,Background,4,76434857
6_6295961,Background,6,6295961
3_14936819,Background,3,14936819
3_495166,Background,3,495166
3_9964988,Background,3,9964988
4_76596014,Background,4,76596014
2_95513622,Background,2,95513622
6_14183772,Background,6,14183772
1_123408451,Background,1,123408451
5_42141257,Background,5,42141257
1_117922060,Background,1,117922060
1_54182588,Background,1,54182588
4_67637305,Background,4,67637305
4_73363090,Background,4,73363090
3_29477622,Background,3,29477622
1_45755390,Background,1,45755390
2_88020301,Background,2,88020301
6_38767028,Background,6,38767028
1_135732121,Background,1,135732121
3_75010101,Background,3,75010101
1_67401807,Background,1,67401807
1_73364495,Background,1,73364495
1_68935512,Background,1,68935512
1_133039047,Background,1,133039047
1_120544494,Background,1,120544494
4_25065508,Background,4,25065508
3_92501414,Background,3,92501414
6_64364836,Background,6,64364836
3_86804445,Background,3,86804445
4_68651003,Background,4,68651003
6_12378792,Background,6,12378792
4_6883068,Background,4,6883068
5_53476028,Background,5,53476028
6_19989200,Background,6,19989200
4_16890897,Background,4,16890897
3_28033342,Background,3,28033342
6_3248368,Background,6,3248368
5_55786315,Background,5,55786315
3_74045004,Background,3,74045004
2_87698299,Background,2,87698299
4_76014659,Background,4,76014659
5_65314377,Background,5,65314377
4_13475483,Background,4,13475483
4_75358187,Background,4,75358187
1_24956588,Background,1,24956588
1_16191770,Background,1,16191770
3_73865757,Background,3,73865757
4_17596865,Background,4,17596865
5_24306150,Background,5,24306150
2_46086557,Background,2,46086557
5_61679434,Background,5,61679434
5_4392861,Background,5,4392861
3_9544765,Background,3,9544765
1_129399617,Background,1,129399617
5_58942980,Background,5,58942980
1_81734625,Background,1,81734625
6_8515827,Background,6,8515827
6_57192937,Background,6,57192937
1_85273551,Background,1,85273551
1_67362944,Background,1,67362944
1_86959689,Background,1,86959689
6_49843164,Background,6,49843164
5_4783539,Background,5,4783539
2_15067401,Background,2,15067401
5_55951946,Background,5,55951946
3_8979930,Background,3,8979930
4_54085481,Background,4,54085481
1_34293740,Background,1,34293740
4_83291061,Background,4,83291061
2_51587136,Background,2,51587136
4_64876186,Background,4,64876186
3_65646384,Background,3,65646384
4_45304949,Background,4,45304949
1_11413878,Background,1,11413878
2_74144705,Background,2,74144705
3_86003028,Background,3,86003028
1_10871472,Background,1,10871472
3_28200309,Background,3,28200309
1_105497972,Background,1,105497972
2_2713650,Background,2,2713650
6_12555066,Background,6,12555066
1_134785066,Background,1,134785066
3_13864920,Background,3,13864920
3_1404713,Background,3,1404713
5_50894733,Background,5,50894733
2_88445645,Background,2,88445645
1_100423101,Background,1,100423101
2_33638026,Background,2,33638026
4_76593892,Background,4,76593892
1_9344210,Background,1,9344210
5_6652289,Background,5,6652289
4_81929804,Background,4,81929804
3_27368106,Background,3,27368106
3_28610100,Background,3,28610100
4_59837605,Background,4,59837605
1_7782128,Background,1,7782128
4_41109615,Background,4,41109615
5_63602223,Background,5,63602223
1_79256988,Background,1,79256988
2_20610303,Background,2,20610303
4_10552882,Background,4,10552882
2_60511645,Background,2,60511645
4_3256168,Background,4,3256168
4_2458686,Background,4,2458686
1_98617637,Background,1,98617637
1_87489403,Background,1,87489403
3_23682854,Background,3,23682854
2_67239679,Background,2,67239679
2_60087794,Background,2,60087794
1_86604292,Background,1,86604292
3_58258690,Background,3,58258690
4_81845250,Background,4,81845250
1_38302249,Background,1,38302249
1_104229285,Background,1,104229285
3_30074673,Background,3,30074673
6_2790107,Background,6,2790107
3_93203259,Background,3,93203259
1_121134117,Background,1,121134117
1_107907729,Background,1,107907729
6_2743171,Background,6,2743171
1_105017710,Background,1,105017710
4_13454897,Background,4,13454897
1_106284262,Background,1,106284262
4_72422381,Background,4,72422381
3_9646312,Background,3,9646312
2_33479165,Background,2,33479165
1_101150203,Background,1,101150203
1_3163795,Background,1,3163795
2_88517562,Background,2,88517562
3_3684975,Background,3,3684975
2_16900234,Background,2,16900234
5_62830389,Background,5,62830389
2_89434993,Background,2,89434993
5_62367591,Background,5,62367591
4_35848319,Background,4,35848319
3_11990947,Background,3,11990947
3_15875976,Background,3,15875976
3_97254797,Background,3,97254797
1_46055087,Background,1,46055087
2_73145974,Background,2,73145974
2_72367600,Background,2,72367600
1_100528046,Background,1,100528046
1_111006660,Background,1,111006660
5_51093434,Background,5,51093434
1_102390619,Background,1,102390619
1_121246442,Background,1,121246442
3_70484063,Background,3,70484063
2_88436150,Background,2,88436150
5_10189296,Background,5,10189296
1_29354767,Background,1,29354767
1_118448419,Background,1,118448419
3_15431585,Background,3,15431585
2_88228257,Background,2,88228257
2_21633907,Background,2,21633907
1_127255171,Background,1,127255171
2_82713010,Background,2,82713010
2_73653366,Background,2,73653366
3_66977771,Background,3,66977771
4_79764196,Background,4,79764196
5_4642767,Background,5,4642767
1_47458629,Background,1,47458629
3_5430694,Background,3,5430694
2_42960188,Background,2,42960188
2_61334188,Background,2,61334188
1_82513853,Background,1,82513853
2_60239902,Background,2,60239902
2_69861287,Background,2,69861287
5_40614147,Background,5,40614147
1_7810694,Background,1,7810694
3_14938004,Background,3,14938004
6_51230604,Background,6,51230604
5_58818004,Background,5,58818004
1_135900555,Background,1,135900555
2_88203657,Background,2,88203657
4_76809370,Background,4,76809370
5_61314238,Background,5,61314238
4_46684515,Background,4,46684515
3_8436104,Background,3,8436104
1_81235178,Background,1,81235178
1_84982070,Background,1,84982070
2_52256062,Background,2,52256062
4_78639601,Background,4,78639601
1_84695715,Background,1,84695715
1_20844516,Background,1,20844516
3_60721888,Background,3,60721888
3_1312111,Background,3,1312111
6_15056029,Background,6,15056029
4_1988252,Background,4,1988252
1_75018376,Background,1,75018376
3_77460375,Background,3,77460375
1_81787242,Background,1,81787242
5_65471532,Background,5,65471532
6_15176333,Background,6,15176333
1_7752653,Background,1,7752653
6_32653236,Background,6,32653236
4_33470138,Background,4,33470138
2_79377177,Background,2,79377177
2_76716964,Background,2,76716964
1_74373248,Background,1,74373248
2_64737298,Background,2,64737298
3_83883189,Background,3,83883189
1_97321153,Background,1,97321153
5_43466474,Background,5,43466474
2_5541656,Background,2,5541656
3_80550331,Background,3,80550331
1_99325020,Background,1,99325020
5_61469477,Background,5,61469477
4_43800003,Background,4,43800003
1_96558480,Background,1,96558480
3_91137637,Background,3,91137637
3_77255807,Background,3,77255807
4_76958654,Background,4,76958654
5_9400929,Background,5,9400929
1_42620424,Background,1,42620424
1_8943574,Background,1,8943574
2_77041441,Background,2,77041441
1_90407574,Background,1,90407574
5_56865552,Background,5,56865552
2_95191410,Background,2,95191410
1_133003584,Background,1,133003584
3_95508352,Background,3,95508352
2_79959597,Background,2,79959597
6_45153863,Background,6,45153863
2_95126851,Background,2,95126851
6_37900664,Background,6,37900664
2_79335284,Background,2,79335284
6_7599147,Background,6,7599147
1_69503007,Background,1,69503007
1_130930937,Background,1,130930937
5_55242293,Background,5,55242293
4_80930920,Background,4,80930920
1_17321872,Background,1,17321872
1_42453246,Background,1,42453246
3_63245440,Background,3,63245440
1_103771243,Background,1,103771243
5_58532978,Background,5,58532978
5_41911897,Background,5,41911897
1_79065349,Background,1,79065349
1_69872540,Background,1,69872540
1_106810385,Background,1,106810385
6_63904154,Background,6,63904154
1_129417691,Background,1,129417691
2_49382650,Background,2,49382650
4_29506875,Background,4,29506875
2_71404892,Background,2,71404892
2_54597683,Background,2,54597683
4_8835586,Background,4,8835586
3_59230268,Background,3,59230268
1_77285628,Background,1,77285628
3_40684603,Background,3,40684603
3_81835111,Background,3,81835111
2_88498823,Background,2,88498823
2_32403081,Background,2,32403081
6_16133847,Background,6,16133847
1_99808165,Background,1,99808165
1_109993996,Background,1,109993996
4_24413725,Background,4,24413725
1_18821200,Background,1,18821200
6_56732872,Background,6,56732872
5_18441750,Background,5,18441750
1_6330465,Background,1,6330465
3_4834474,Background,3,4834474
1_87514676,Background,1,87514676
1_135144252,Background,1,135144252
5_64644691,Background,5,64644691
1_45930304,Background,1,45930304
2_94339060,Background,2,94339060
1_104449525,Background,1,104449525
4_72898600,Background,4,72898600
2_15069264,Background,2,15069264
1_110927644,Background,1,110927644
1_13120666,Background,1,13120666
5_61583983,Background,5,61583983
1_7453231,Background,1,7453231
1_101464712,Background,1,101464712
4_32429465,Background,4,32429465
5_61574087,Background,5,61574087
2_58457011,Background,2,58457011
2_54610893,Background,2,54610893
3_9822394,Background,3,9822394
1_117576018,Background,1,117576018
4_17222598,Background,4,17222598
1_20791761,Background,1,20791761
1_94180419,Background,1,94180419
6_7226605,Background,6,7226605
4_76927305,Background,4,76927305
4_34837973,Background,4,34837973
6_22042861,Background,6,22042861
1_7461249,Background,1,7461249
3_10229281,Background,3,10229281
5_65869512,Background,5,65869512
3_96248428,Background,3,96248428
4_74753126,Background,4,74753126
1_130509620,Background,1,130509620
4_7172124,Background,4,7172124
1_53969858,Background,1,53969858
6_5624138,Background,6,5624138
4_71321672,Background,4,71321672
1_13692545,Background,1,13692545
3_22749998,Background,3,22749998
3_6735926,Background,3,6735926
1_6348893,Background,1,6348893
2_43080334,Background,2,43080334
6_67368818,Background,6,67368818
1_88879610,Background,1,88879610
4_76884442,Background,4,76884442
5_5342360,Background,5,5342360
1_120751627,Background,1,120751627
3_76071333,Background,3,76071333
4_24410148,Background,4,24410148
3_90867700,Background,3,90867700
1_100476615,Background,1,100476615
6_58661082,Background,6,58661082
6_58700146,Background,6,58700146
4_80390053,Background,4,80390053
1_42258210,Background,1,42258210
4_15173699,Background,4,15173699
1_19101558,Background,1,19101558
1_7458739,Background,1,7458739
1_111910501,Background,1,111910501
4_46654782,Background,4,46654782
2_92074882,Background,2,92074882
1_35604556,Background,1,35604556
6_64343805,Background,6,64343805
1_29399863,Background,1,29399863
1_49162965,Background,1,49162965
4_54100434,Background,4,54100434
2_42391638,Background,2,42391638
3_44353367,Background,3,44353367
3_34958124,Background,3,34958124
2_75577522,Background,2,75577522
1_123025967,Background,1,123025967
4_79036078,Background,4,79036078
2_66387606,Background,2,66387606
3_38302528,Background,3,38302528
1_32197593,Background,1,32197593
3_39800332,Background,3,39800332
1_32198625,Background,1,32198625
3_12301611,Background,3,12301611
3_81830803,Background,3,81830803
5_2444694,Background,5,2444694
3_66977156,Background,3,66977156
5_61599209,Background,5,61599209
5_43488276,Background,5,43488276
2_51606454,Background,2,51606454
5_47183303,Background,5,47183303
5_66893782,Background,5,66893782
5_7078981,Background,5,7078981
3_80864367,Background,3,80864367
3_49219337,Background,3,49219337
6_48436789,Background,6,48436789
3_50284260,Background,3,50284260
1_22656593,Background,1,22656593
5_19699809,Background,5,19699809
6_58728241,Background,6,58728241
4_50886409,Background,4,50886409
1_46832342,Background,1,46832342
2_77039477,Background,2,77039477
4_42807733,Background,4,42807733
1_2798759,Background,1,2798759
3_76937160,Background,3,76937160
2_57888832,Background,2,57888832
1_122399091,Background,1,122399091
2_59122239,Background,2,59122239
2_77184970,Background,2,77184970
2_80625810,Background,2,80625810
3_89889499,Background,3,89889499
3_79254594,Background,3,79254594
4_11273812,Background,4,11273812
6_2789216,Background,6,2789216
3_49217304,Background,3,49217304
1_114829526,Background,1,114829526
2_60266873,Background,2,60266873
2_34276554,Background,2,34276554
6_14300064,Background,6,14300064
6_54018704,Background,6,54018704
3_84134290,Background,3,84134290
2_46220768,Background,2,46220768
1_123202821,Background,1,123202821
2_93618161,Background,2,93618161
3_8976397,Background,3,8976397
3_89760235,Background,3,89760235
5_50230789,Background,5,50230789
3_86693686,Background,3,86693686
5_24847395,Background,5,24847395
1_102875778,Background,1,102875778
2_15767859,Background,2,15767859
1_110522322,Background,1,110522322
1_47589609,Background,1,47589609
5_61636729,Background,5,61636729
5_46790549,Background,5,46790549
1_120508319,Background,1,120508319
5_31599920,Background,5,31599920
1_120121691,Background,1,120121691
4_3199447,Background,4,3199447
3_347901,Background,3,347901
1_84346446,Background,1,84346446
3_80470411,Background,3,80470411
1_7822977,Background,1,7822977
4_72539940,Background,4,72539940
1_106399354,Background,1,106399354
4_79614393,Background,4,79614393
6_47077116,Background,6,47077116
3_8744396,Background,3,8744396
3_25696391,Background,3,25696391
1_32053581,Background,1,32053581
4_67223464,Background,4,67223464
4_69000538,Background,4,69000538
5_61599145,Background,5,61599145
2_59639613,Background,2,59639613
4_73179137,Background,4,73179137
1_12402178,Background,1,12402178
1_118760967,Background,1,118760967
1_124960874,Background,1,124960874
4_20611908,Background,4,20611908
2_91546063,Background,2,91546063
4_7014835,Background,4,7014835
3_55730524,Background,3,55730524
1_1920702,Background,1,1920702
2_61342069,Background,2,61342069
3_73326736,Background,3,73326736
1_15122789,Background,1,15122789
1_99534228,Background,1,99534228
3_13890911,Background,3,13890911
1_20846012,Background,1,20846012
5_4885131,Background,5,4885131
3_65726989,Background,3,65726989
4_54688484,Background,4,54688484
1_135839204,Background,1,135839204
3_72315681,Background,3,72315681
6_26162116,Background,6,26162116
4_78682929,Background,4,78682929
5_55808723,Background,5,55808723
6_49221726,Background,6,49221726
3_14936238,Background,3,14936238
1_36203749,Background,1,36203749
2_77046727,Background,2,77046727
6_62194214,Background,6,62194214
6_19934451,Background,6,19934451
2_26394058,Background,2,26394058
3_85226122,Background,3,85226122
3_8203380,Background,3,8203380
3_84427754,Background,3,84427754
1_8073314,Background,1,8073314
1_45753470,Background,1,45753470
3_78851362,Background,3,78851362
1_88747971,Background,1,88747971
4_63666801,Background,4,63666801
1_99881577,Background,1,99881577
1_103771831,Background,1,103771831
3_82736546,Background,3,82736546
1_83530608,Background,1,83530608
1_77266833,Background,1,77266833
1_30941910,Background,1,30941910
3_62242284,Background,3,62242284
3_84505790,Background,3,84505790
3_1110563,Background,3,1110563
1_92852904,Background,1,92852904
1_38911695,Background,1,38911695
1_131303906,Background,1,131303906
1_75787968,Background,1,75787968
6_65895377,Background,6,65895377
3_55124065,Background,3,55124065
6_701170,Background,6,701170
1_94696429,Background,1,94696429
3_32359570,Background,3,32359570
4_55162713,Background,4,55162713
1_4954089,Background,1,4954089
2_24143322,Background,2,24143322
1_114886507,Background,1,114886507
1_125042998,Background,1,125042998
4_44070548,Background,4,44070548
4_25582130,Background,4,25582130
3_92671824,Background,3,92671824
3_96596693,Background,3,96596693
5_66512539,Background,5,66512539
1_81443021,Background,1,81443021
4_40612371,Background,4,40612371
1_127784783,Background,1,127784783
3_84315513,Background,3,84315513
6_50036156,Background,6,50036156
1_20838961,Background,1,20838961
4_40966204,Background,4,40966204
1_120421553,Background,1,120421553
2_5293459,Background,2,5293459
4_11194294,Background,4,11194294
1_90129000,Background,1,90129000
1_8368129,Background,1,8368129
1_133735529,Background,1,133735529
1_21795249,Background,1,21795249
3_15016229,Background,3,15016229
1_111741705,Background,1,111741705
2_48150666,Background,2,48150666
4_36328788,Background,4,36328788
1_12855556,Background,1,12855556
5_61572233,Background,5,61572233
6_19987501,Background,6,19987501
6_56892985,Background,6,56892985
5_46561678,Background,5,46561678
2_94817654,Background,2,94817654
3_83319813,Background,3,83319813
4_62485016,Background,4,62485016
4_75487436,Background,4,75487436
5_36243855,Background,5,36243855
1_2593556,Background,1,2593556
1_52450594,Background,1,52450594
2_62349873,Background,2,62349873
6_17546041,Background,6,17546041
1_25436449,Background,1,25436449
2_69900873,Background,2,69900873
1_9761344,Background,1,9761344
3_6821432,Background,3,6821432
2_33428968,Background,2,33428968
0_1965909,Background,0,1965909
3_30611886,Background,3,30611886
6_16368881,Background,6,16368881
1_125207950,Background,1,125207950
1_130990761,Background,1,130990761
1_98063226,Background,1,98063226
1_96529107,Background,1,96529107
3_66463636,Background,3,66463636
1_67427148,Background,1,67427148
4_83449189,Background,4,83449189
2_83067124,Background,2,83067124
2_77519123,Background,2,77519123
3_32643355,Background,3,32643355
3_34775621,Background,3,34775621
2_48644813,Background,2,48644813
1_78625082,Background,1,78625082
2_36518118,Background,2,36518118
5_4330623,Background,5,4330623
2_44253929,Background,2,44253929
4_34361402,Background,4,34361402
1_132622687,Background,1,132622687
5_59596594,Background,5,59596594
1_1218292,Background,1,1218292
6_6313745,Background,6,6313745
1_64503029,Background,1,64503029
5_51012777,Background,5,51012777
2_50588698,Background,2,50588698
3_36832261,Background,3,36832261
6_58111638,Background,6,58111638
3_81848491,Background,3,81848491
5_2634250,Background,5,2634250
4_24404047,Background,4,24404047
3_66863718,Background,3,66863718
4_63193906,Background,4,63193906
2_66509628,Background,2,66509628
3_18482433,Background,3,18482433
6_65063140,Background,6,65063140
3_8560788,Background,3,8560788
3_10123816,Background,3,10123816
3_40653386,Background,3,40653386
3_66007967,Background,3,66007967
3_7746892,Background,3,7746892
4_77997884,Background,4,77997884
2_38673166,Background,2,38673166
1_7469621,Background,1,7469621
3_32200372,Background,3,32200372
1_29684570,Background,1,29684570
2_82032901,Background,2,82032901
2_69030004,Background,2,69030004
2_74133766,Background,2,74133766
5_61665909,Background,5,61665909
3_32803043,Background,3,32803043
3_31981304,Background,3,31981304
4_63667287,Background,4,63667287
1_65274860,Background,1,65274860
4_82835927,Background,4,82835927
6_64875986,Background,6,64875986
5_3197228,Background,5,3197228
3_23419370,Background,3,23419370
3_15335787,Background,3,15335787
6_66635271,Background,6,66635271
6_32097886,Background,6,32097886
5_4856734,Background,5,4856734
3_9584466,Background,3,9584466
1_53281128,Background,1,53281128
5_61636957,Background,5,61636957
5_8134548,Background,5,8134548
5_43468533,Background,5,43468533
2_94108608,Background,2,94108608
4_64927767,Background,4,64927767
6_59164996,Background,6,59164996
1_2788572,Background,1,2788572
2_72556121,Background,2,72556121
6_54368097,Background,6,54368097
6_65973291,Background,6,65973291
3_77248850,Background,3,77248850
1_88381786,Background,1,88381786
5_60272511,Background,5,60272511
5_16988354,Background,5,16988354
2_82303743,Background,2,82303743
6_31647733,Background,6,31647733
5_4404053,Background,5,4404053
5_62775899,Background,5,62775899
3_48140642,Background,3,48140642
2_5313213,Background,2,5313213
2_50926404,Background,2,50926404
6_58661942,Background,6,58661942
5_60725201,Background,5,60725201
2_63183059,Background,2,63183059
3_22526172,Background,3,22526172
1_121136247,Background,1,121136247
3_15006741,Background,3,15006741
1_79725265,Background,1,79725265
1_20833892,Background,1,20833892
4_54224047,Background,4,54224047
4_10047823,Background,4,10047823
1_119157271,Background,1,119157271
2_61863035,Background,2,61863035
3_16690041,Background,3,16690041
3_15398852,Background,3,15398852
1_112698404,Background,1,112698404
5_65313228,Background,5,65313228
4_65607693,Background,4,65607693
2_73455161,Background,2,73455161
3_12007824,Background,3,12007824
6_56824329,Background,6,56824329
2_89816348,Background,2,89816348
1_103853812,Background,1,103853812
3_45130879,Background,3,45130879
6_24787759,Background,6,24787759
4_5723248,Background,4,5723248
4_72187088,Background,4,72187088
5_61647742,Background,5,61647742
1_20821109,Background,1,20821109
5_67075677,Background,5,67075677
5_59854449,Background,5,59854449
2_34278908,Background,2,34278908
2_90990690,Background,2,90990690
1_120118763,Background,1,120118763
1_113658867,Background,1,113658867
1_67146452,Background,1,67146452
3_62747765,Background,3,62747765
2_68020194,Background,2,68020194
5_7469062,Background,5,7469062
3_69855566,Background,3,69855566
2_88412895,Background,2,88412895
2_83267110,Background,2,83267110
6_67163831,Background,6,67163831
5_17833149,Background,5,17833149
6_61263173,Background,6,61263173
1_64379265,Background,1,64379265
3_82965708,Background,3,82965708
3_31674312,Background,3,31674312
1_84085742,Background,1,84085742
3_13871732,Background,3,13871732
6_885316,Background,6,885316
2_72761214,Background,2,72761214
2_94093956,Background,2,94093956
3_24297016,Background,3,24297016
3_69341646,Background,3,69341646
5_52265898,Background,5,52265898
1_132262559,Background,1,132262559
5_45930426,Background,5,45930426
1_130753677,Background,1,130753677
5_52635796,Background,5,52635796
1_47304717,Background,1,47304717
2_85780720,Background,2,85780720
2_70297102,Background,2,70297102
1_95528303,Background,1,95528303
2_77039005,Background,2,77039005
1_130832357,Background,1,130832357
1_109045098,Background,1,109045098
2_93809185,Background,2,93809185
3_82995584,Background,3,82995584
6_32153927,Background,6,32153927
6_66563459,Background,6,66563459
4_42909128,Background,4,42909128
1_84928496,Background,1,84928496
4_64882749,Background,4,64882749
2_47590719,Background,2,47590719
5_303364,Background,5,303364
3_9204582,Background,3,9204582
3_76575124,Background,3,76575124
6_55675325,Background,6,55675325
3_8249709,Background,3,8249709
1_98994011,Background,1,98994011
3_15365069,Background,3,15365069
4_60836128,Background,4,60836128
2_82661847,Background,2,82661847
3_4871951,Background,3,4871951
4_64979905,Background,4,64979905
2_82097976,Background,2,82097976
4_42553636,Background,4,42553636
4_60833272,Background,4,60833272
3_29555241,Background,3,29555241
3_73192688,Background,3,73192688
1_115335942,Background,1,115335942
5_57913808,Background,5,57913808
5_13845607,Background,5,13845607
6_56319885,Background,6,56319885
1_99294006,Background,1,99294006
5_7055113,Background,5,7055113
2_52687026,Background,2,52687026
1_103955532,Background,1,103955532
5_51293206,Background,5,51293206
3_33125149,Background,3,33125149
2_70024879,Background,2,70024879
2_91173723,Background,2,91173723
6_64077824,Background,6,64077824
4_8587343,Background,4,8587343
4_68191785,Background,4,68191785
3_18387200,Background,3,18387200
2_81175407,Background,2,81175407
4_3774014,Background,4,3774014
2_32405554,Background,2,32405554
4_73127048,Background,4,73127048
2_42949933,Background,2,42949933
1_2799755,Background,1,2799755
3_30257269,Background,3,30257269
3_10112652,Background,3,10112652
6_42599283,Background,6,42599283
2_91321512,Background,2,91321512
5_62584373,Background,5,62584373
6_15543208,Background,6,15543208
2_60232315,Background,2,60232315
4_33303079,Background,4,33303079
1_103133875,Background,1,103133875
3_49228132,Background,3,49228132
3_34510656,Background,3,34510656
1_101148792,Background,1,101148792
2_45237657,Background,2,45237657
3_82566688,Background,3,82566688
2_73739368,Background,2,73739368
3_66020558,Background,3,66020558
1_8308373,Background,1,8308373
1_107391894,Background,1,107391894
1_7462018,Background,1,7462018
1_125137038,Background,1,125137038
1_29384770,Background,1,29384770
1_4091944,Background,1,4091944
5_62072946,Background,5,62072946
4_55228363,Background,4,55228363
4_10019994,Background,4,10019994
1_100700334,Background,1,100700334
3_35840028,Background,3,35840028
2_60820397,Background,2,60820397
4_66280949,Background,4,66280949
1_95401673,Background,1,95401673
4_67385420,Background,4,67385420
1_120035208,Background,1,120035208
1_9203334,Background,1,9203334
6_6597652,Background,6,6597652
4_67549236,Background,4,67549236
2_79514969,Background,2,79514969
3_47680745,Background,3,47680745
3_1100561,Background,3,1100561
4_65999991,Background,4,65999991
2_79189569,Background,2,79189569
1_5396756,Background,1,5396756
3_60162889,Background,3,60162889
3_424302,Background,3,424302
2_86355025,Background,2,86355025
2_17549410,Background,2,17549410
5_61648009,Background,5,61648009
4_1151622,Background,4,1151622
1_79721659,Background,1,79721659
3_13784749,Background,3,13784749
2_55112584,Background,2,55112584
3_27705499,Background,3,27705499
3_22640001,Background,3,22640001
4_21021150,Background,4,21021150
6_62368888,Background,6,62368888
3_74244291,Background,3,74244291
3_83550773,Background,3,83550773
2_79761286,Background,2,79761286
3_65696899,Background,3,65696899
5_56479922,Background,5,56479922
4_63666422,Background,4,63666422
2_12414129,Background,2,12414129
1_34759444,Background,1,34759444
1_25423911,Background,1,25423911
4_72994263,Background,4,72994263
2_92250276,Background,2,92250276
6_3218000,Background,6,3218000
2_60266834,Background,2,60266834
3_15514793,Background,3,15514793
4_908182,Background,4,908182
2_35946902,Background,2,35946902
3_73560930,Background,3,73560930
3_66980390,Background,3,66980390
6_63298747,Background,6,63298747
2_93805966,Background,2,93805966
1_2800336,Background,1,2800336
3_71789690,Background,3,71789690
4_64271448,Background,4,64271448
3_85409808,Background,3,85409808
6_50140560,Background,6,50140560
1_100696063,Background,1,100696063
3_3292096,Background,3,3292096
1_13095842,Background,1,13095842
3_18520684,Background,3,18520684
4_62638201,Background,4,62638201
5_52635728,Background,5,52635728
1_50834593,Background,1,50834593
2_7569994,Background,2,7569994
4_6040030,Background,4,6040030
2_52336445,Background,2,52336445
2_35908539,Background,2,35908539
2_91319565,Background,2,91319565
2_49384904,Background,2,49384904
1_38157888,Background,1,38157888
5_60035626,Background,5,60035626
2_80821172,Background,2,80821172
1_69463354,Background,1,69463354
1_135843195,Background,1,135843195
1_126445854,Background,1,126445854
1_34751181,Background,1,34751181
3_95276919,Background,3,95276919
6_12721708,Background,6,12721708
1_4409721,Background,1,4409721
1_96518559,Background,1,96518559
4_24009030,Background,4,24009030
1_56753386,Background,1,56753386
5_48546555,Background,5,48546555
2_60110702,Background,2,60110702
1_41766827,Background,1,41766827
3_25011823,Background,3,25011823
3_70462164,Background,3,70462164
1_71625414,Background,1,71625414
4_2403103,Background,4,2403103
4_66170379,Background,4,66170379
6_47614629,Background,6,47614629
5_49726272,Background,5,49726272
1_35706734,Background,1,35706734
1_129403968,Background,1,129403968
3_8698677,Background,3,8698677
1_112699213,Background,1,112699213
5_51817355,Background,5,51817355
2_64747901,Background,2,64747901
3_3358973,Background,3,3358973
3_7792443,Background,3,7792443
4_47731565,Background,4,47731565
1_4968937,Background,1,4968937
5_11338706,Background,5,11338706
3_12415855,Background,3,12415855
1_84936919,Background,1,84936919
5_14294642,Background,5,14294642
4_66599764,Background,4,66599764
1_134822807,Background,1,134822807
1_90827673,Background,1,90827673
3_87956388,Background,3,87956388
1_110870043,Background,1,110870043
5_67919660,Background,5,67919660
6_66126049,Background,6,66126049
1_85023215,Background,1,85023215
5_3871218,Background,5,3871218
4_57859720,Background,4,57859720
4_301900,Background,4,301900
3_2743386,Background,3,2743386
5_42144961,Background,5,42144961
6_59167969,Background,6,59167969
1_132258327,Background,1,132258327
2_71720428,Background,2,71720428
3_69966556,Background,3,69966556
1_88879272,Background,1,88879272
2_74451864,Background,2,74451864
1_118586298,Background,1,118586298
4_11552033,Background,4,11552033
2_80982067,Background,2,80982067
6_63006529,Background,6,63006529
4_52088712,Background,4,52088712
3_39504407,Background,3,39504407
6_61535631,Background,6,61535631
3_6857666,Background,3,6857666
4_48008964,Background,4,48008964
2_56186851,Background,2,56186851
5_22272912,Background,5,22272912
3_54967247,Background,3,54967247
6_56026847,Background,6,56026847
6_67312052,Background,6,67312052
6_64569237,Background,6,64569237
4_47340446,Background,4,47340446
3_89639194,Background,3,89639194
3_76899558,Background,3,76899558
1_65882230,Background,1,65882230
4_71800711,Background,4,71800711
1_105780056,Background,1,105780056
3_1366700,Background,3,1366700
3_25054565,Background,3,25054565
1_87798795,Background,1,87798795
1_118707464,Background,1,118707464
1_21858589,Background,1,21858589
4_69580418,Background,4,69580418
3_13525788,Background,3,13525788
2_58758281,Background,2,58758281
5_5727959,Background,5,5727959
2_42843718,Background,2,42843718
5_52638160,Background,5,52638160
6_60641261,Background,6,60641261
6_50035632,Background,6,50035632
6_31464889,Background,6,31464889
1_60161569,Background,1,60161569
1_1389105,Background,1,1389105
1_107374049,Background,1,107374049
1_98481000,Background,1,98481000
1_121724861,Background,1,121724861
3_94819148,Background,3,94819148
1_67393751,Background,1,67393751
2_64742489,Background,2,64742489
3_71793037,Background,3,71793037
4_72571636,Background,4,72571636
2_75657005,Background,2,75657005
4_73758937,Background,4,73758937
2_45089346,Background,2,45089346
3_40944741,Background,3,40944741
3_9342293,Background,3,9342293
1_4970722,Background,1,4970722
1_108971358,Background,1,108971358
6_1981066,Background,6,1981066
1_131549468,Background,1,131549468
1_12457215,Background,1,12457215
3_14955237,Background,3,14955237
5_65282359,Background,5,65282359
3_67817347,Background,3,67817347
5_54399613,Background,5,54399613
3_3651651,Background,3,3651651
1_29683903,Background,1,29683903
1_32224286,Background,1,32224286
5_60358463,Background,5,60358463
5_54260602,Background,5,54260602
3_85537810,Background,3,85537810
1_78847616,Background,1,78847616
1_101898345,Background,1,101898345
2_58755164,Background,2,58755164
3_56817540,Background,3,56817540
1_111911071,Background,1,111911071
5_62866630,Background,5,62866630
1_5691015,Background,1,5691015
5_39028328,Background,5,39028328
5_17294902,Background,5,17294902
1_7466473,Background,1,7466473
3_82738377,Background,3,82738377
1_94205015,Background,1,94205015
5_64838031,Background,5,64838031
3_65691645,Background,3,65691645
2_88260868,Background,2,88260868
1_99121079,Background,1,99121079
1_11546672,Background,1,11546672
3_55210719,Background,3,55210719
6_63719229,Background,6,63719229
5_58218229,Background,5,58218229
1_82178430,Background,1,82178430
4_75213604,Background,4,75213604
2_92397727,Background,2,92397727
2_93653278,Background,2,93653278
3_66415153,Background,3,66415153
4_78668154,Background,4,78668154
5_67072510,Background,5,67072510
1_26158291,Background,1,26158291
3_37407190,Background,3,37407190
1_124039740,Background,1,124039740
6_44422647,Background,6,44422647
5_20503440,Background,5,20503440
1_81414828,Background,1,81414828
2_87490354,Background,2,87490354
1_94467588,Background,1,94467588
5_61665892,Background,5,61665892
1_133225861,Background,1,133225861
1_23627627,Background,1,23627627
5_66584783,Background,5,66584783
1_125274587,Background,1,125274587
3_95424913,Background,3,95424913
3_3308149,Background,3,3308149
6_65971053,Background,6,65971053
3_97132346,Background,3,97132346
1_85540774,Background,1,85540774
1_109011440,Background,1,109011440
1_48914029,Background,1,48914029
1_36405821,Background,1,36405821
2_88202917,Background,2,88202917
1_115785702,Background,1,115785702
3_11995270,Background,3,11995270
1_101508007,Background,1,101508007
5_51960741,Background,5,51960741
1_100564872,Background,1,100564872
5_44724253,Background,5,44724253
1_91184675,Background,1,91184675
3_24427244,Background,3,24427244
4_45178505,Background,4,45178505
1_124610762,Background,1,124610762
2_8243128,Background,2,8243128
1_100360765,Background,1,100360765
1_116905653,Background,1,116905653
1_127654872,Background,1,127654872
2_17446756,Background,2,17446756
2_56975814,Background,2,56975814
1_75902890,Background,1,75902890
4_66168335,Background,4,66168335
1_104367374,Background,1,104367374
1_112457287,Background,1,112457287
2_11927474,Background,2,11927474
4_77782412,Background,4,77782412
1_106458199,Background,1,106458199
1_77111129,Background,1,77111129
2_29806727,Background,2,29806727
3_79210892,Background,3,79210892
3_22391637,Background,3,22391637
4_76240092,Background,4,76240092
3_81853628,Background,3,81853628
1_130438549,Background,1,130438549
1_407568,Background,1,407568
1_79447434,Background,1,79447434
6_58099474,Background,6,58099474
1_91444080,Background,1,91444080
1_17003370,Background,1,17003370
4_2232512,Background,4,2232512
2_60212510,Background,2,60212510
3_6744510,Background,3,6744510
1_17434180,Background,1,17434180
1_98097656,Background,1,98097656
3_24424311,Background,3,24424311
1_102427267,Background,1,102427267
4_25491058,Background,4,25491058
1_67755935,Background,1,67755935
3_87635870,Background,3,87635870
4_6923316,Background,4,6923316
1_90019707,Background,1,90019707
2_75087796,Background,2,75087796
3_59953750,Background,3,59953750
6_62128559,Background,6,62128559
2_77036736,Background,2,77036736
1_4950568,Background,1,4950568
4_71841354,Background,4,71841354
2_18502905,Background,2,18502905
2_76954404,Background,2,76954404
5_61310668,Background,5,61310668
2_91728928,Background,2,91728928
4_72065133,Background,4,72065133
3_66007206,Background,3,66007206
6_67091913,Background,6,67091913
4_81471558,Background,4,81471558
1_120411698,Background,1,120411698
2_85853597,Background,2,85853597
1_20289622,Background,1,20289622
1_120216064,Background,1,120216064
1_136619411,Background,1,136619411
1_127706415,Background,1,127706415
1_110073265,Background,1,110073265
2_8578858,Background,2,8578858
1_16095037,Background,1,16095037
2_79374395,Background,2,79374395
6_54160427,Background,6,54160427
2_32411465,Background,2,32411465
2_79406951,Background,2,79406951
1_100765487,Background,1,100765487
3_12508074,Background,3,12508074
6_31410967,Background,6,31410967
4_18076935,Background,4,18076935
1_48315069,Background,1,48315069
5_58916869,Background,5,58916869
4_54325265,Background,4,54325265
1_32529644,Background,1,32529644
1_65801924,Background,1,65801924
1_35692180,Background,1,35692180
1_119418593,Background,1,119418593
5_51266009,Background,5,51266009
3_7131901,Background,3,7131901
5_30994748,Background,5,30994748
1_8832251,Background,1,8832251
2_45255833,Background,2,45255833
1_32833392,Background,1,32833392
3_9206026,Background,3,9206026
1_116549195,Background,1,116549195
1_53969570,Background,1,53969570
2_18131309,Background,2,18131309
4_65614675,Background,4,65614675
1_4235543,Background,1,4235543
4_15450376,Background,4,15450376
2_66606744,Background,2,66606744
2_81419752,Background,2,81419752
2_35649288,Background,2,35649288
4_1867201,Background,4,1867201
5_2821903,Background,5,2821903
1_122788812,Background,1,122788812
1_2800740,Background,1,2800740
4_13522392,Background,4,13522392
5_3252939,Background,5,3252939
4_4530906,Background,4,4530906
6_13347016,Background,6,13347016
3_30157378,Background,3,30157378
4_63666055,Background,4,63666055
4_20058731,Background,4,20058731
1_76264622,Background,1,76264622
4_2798115,Background,4,2798115
1_64743046,Background,1,64743046
2_94038990,Background,2,94038990
5_16816736,Background,5,16816736
1_129519791,Background,1,129519791
5_67920120,Background,5,67920120
4_49114608,Background,4,49114608
1_76781477,Background,1,76781477
6_17511445,Background,6,17511445
4_27200252,Background,4,27200252
1_121466114,Background,1,121466114
1_125228260,Background,1,125228260
6_56202979,Background,6,56202979
1_111944265,Background,1,111944265
4_24182397,Background,4,24182397
5_65200933,Background,5,65200933
3_23140890,Background,3,23140890
2_42960930,Background,2,42960930
1_55137422,Background,1,55137422
5_61458857,Background,5,61458857
1_105491625,Background,1,105491625
4_4506026,Background,4,4506026
5_42499124,Background,5,42499124
6_8972044,Background,6,8972044
4_46237579,Background,4,46237579
4_47364793,Background,4,47364793
1_100235830,Background,1,100235830
1_100592171,Background,1,100592171
2_61010761,Background,2,61010761
4_80783981,Background,4,80783981
1_35273522,Background,1,35273522
6_50790038,Background,6,50790038
2_66401554,Background,2,66401554
3_86980278,Background,3,86980278
5_297234,Background,5,297234
6_66630233,Background,6,66630233
2_79668345,Background,2,79668345
3_54924616,Background,3,54924616
3_93185996,Background,3,93185996
3_48747268,Background,3,48747268
5_52652052,Background,5,52652052
4_72441179,Background,4,72441179
1_130835375,Background,1,130835375
6_53971745,Background,6,53971745
5_33065890,Background,5,33065890
1_72484191,Background,1,72484191
1_78589360,Background,1,78589360
2_79430793,Background,2,79430793
1_76412346,Background,1,76412346
4_2286891,Background,4,2286891
4_24413894,Background,4,24413894
4_71749711,Background,4,71749711
1_134898507,Background,1,134898507
4_80561919,Background,4,80561919
1_6019973,Background,1,6019973
1_77933963,Background,1,77933963
5_8306377,Background,5,8306377
2_42961059,Background,2,42961059
3_14937507,Background,3,14937507
1_108573548,Background,1,108573548
5_66286285,Background,5,66286285
1_81666390,Background,1,81666390
4_49744960,Background,4,49744960
3_9206379,Background,3,9206379
4_71011153,Background,4,71011153
1_7455734,Background,1,7455734
2_82939025,Background,2,82939025
3_22336212,Background,3,22336212
1_104771314,Background,1,104771314
1_29135546,Background,1,29135546
3_2750774,Background,3,2750774
1_103948320,Background,1,103948320
2_45735399,Background,2,45735399
4_24037314,Background,4,24037314
5_61549143,Background,5,61549143
2_63811383,Background,2,63811383
3_95481234,Background,3,95481234
1_6676122,Background,1,6676122
1_90311552,Background,1,90311552
4_32815541,Background,4,32815541
1_29383325,Background,1,29383325
6_57920650,Background,6,57920650
4_82814076,Background,4,82814076
2_70047481,Background,2,70047481
4_13457416,Background,4,13457416
3_80114775,Background,3,80114775
2_11772901,Background,2,11772901
2_67792777,Background,2,67792777
1_119144410,Background,1,119144410
3_83441885,Background,3,83441885
2_91601134,Background,2,91601134
2_91499360,Background,2,91499360
5_302092,Background,5,302092
3_61855847,Background,3,61855847
1_6301092,Background,1,6301092
5_359799,Background,5,359799
2_58668954,Background,2,58668954
3_1312287,Background,3,1312287
6_9477037,Background,6,9477037
4_28461953,Background,4,28461953
2_89684426,Background,2,89684426
3_88233689,Background,3,88233689
2_59626769,Background,2,59626769
3_83115491,Background,3,83115491
3_95413855,Background,3,95413855
2_7267623,Background,2,7267623
2_78986476,Background,2,78986476
1_52375315,Background,1,52375315
3_15601355,Background,3,15601355
4_66761981,Background,4,66761981
1_29301321,Background,1,29301321
1_77229983,Background,1,77229983
1_98079868,Background,1,98079868
4_23656429,Background,4,23656429
5_19779615,Background,5,19779615
3_75494987,Background,3,75494987
6_65484069,Background,6,65484069
1_9127365,Background,1,9127365
5_53090879,Background,5,53090879
5_31168479,Background,5,31168479
1_116754732,Background,1,116754732
5_1565320,Background,5,1565320
6_62159421,Background,6,62159421
1_118689331,Background,1,118689331
1_8075477,Background,1,8075477
1_19049776,Background,1,19049776
2_42549399,Background,2,42549399
4_13478846,Background,4,13478846
2_71482293,Background,2,71482293
1_8636824,Background,1,8636824
1_129401624,Background,1,129401624
3_3346837,Background,3,3346837
5_1495308,Background,5,1495308
6_66794374,Background,6,66794374
3_82603880,Background,3,82603880
3_72315647,Background,3,72315647
1_5827405,Background,1,5827405
5_61678587,Background,5,61678587
3_92894860,Background,3,92894860
5_31004573,Background,5,31004573
3_54841718,Background,3,54841718
5_59332379,Background,5,59332379
4_81385678,Background,4,81385678
3_47687432,Background,3,47687432
1_44674538,Background,1,44674538
3_88585356,Background,3,88585356
6_2178290,Background,6,2178290
3_28900154,Background,3,28900154
4_80496436,Background,4,80496436
1_6373760,Background,1,6373760
1_1957689,Background,1,1957689
4_7710595,Background,4,7710595
5_43284735,Background,5,43284735
2_90969670,Background,2,90969670
5_66335795,Background,5,66335795
5_61324890,Background,5,61324890
4_6779717,Background,4,6779717
5_4415997,Background,5,4415997
5_56362093,Background,5,56362093
1_11300078,Background,1,11300078
4_45801398,Background,4,45801398
5_6957935,Background,5,6957935
1_6427504,Background,1,6427504
3_916116,Background,3,916116
2_66147921,Background,2,66147921
1_16914572,Background,1,16914572
1_73451173,Background,1,73451173
3_5561075,Background,3,5561075
5_24365068,Background,5,24365068
5_45317052,Background,5,45317052
1_107705027,Background,1,107705027
4_76033781,Background,4,76033781
2_81974072,Background,2,81974072
6_13188524,Background,6,13188524
4_68120559,Background,4,68120559
2_52989118,Background,2,52989118
5_56463650,Background,5,56463650
2_70609276,Background,2,70609276
3_23148052,Background,3,23148052
5_56622528,Background,5,56622528
4_79602506,Background,4,79602506
1_78036472,Background,1,78036472
4_68195211,Background,4,68195211
2_87405103,Background,2,87405103
6_8257153,Background,6,8257153
6_61878031,Background,6,61878031
5_40784888,Background,5,40784888
3_26213020,Background,3,26213020
4_80737985,Background,4,80737985
1_132008434,Background,1,132008434
2_80070976,Background,2,80070976
2_8092810,Background,2,8092810
3_11040214,Background,3,11040214
6_4437844,Background,6,4437844
3_13951293,Background,3,13951293
3_1175699,Background,3,1175699
1_14965580,Background,1,14965580
4_6508964,Background,4,6508964
1_53969579,Background,1,53969579
6_66786117,Background,6,66786117
3_71653570,Background,3,71653570
6_8041105,Background,6,8041105
1_704889,Background,1,704889
3_34142807,Background,3,34142807
4_66170342,Background,4,66170342
1_129404111,Background,1,129404111
2_93341640,Background,2,93341640
3_39528619,Background,3,39528619
3_65643542,Background,3,65643542
1_15004512,Background,1,15004512
3_40371560,Background,3,40371560
2_62758466,Background,2,62758466
3_32079292,Background,3,32079292
3_71434266,Background,3,71434266
5_6204944,Background,5,6204944
6_22190685,Background,6,22190685
1_118894840,Background,1,118894840
1_134053632,Background,1,134053632
3_24756237,Background,3,24756237
2_79609020,Background,2,79609020
3_8925714,Background,3,8925714
2_60223265,Background,2,60223265
3_73171796,Background,3,73171796
1_136074495,Background,1,136074495
5_11069062,Background,5,11069062
4_72564187,Background,4,72564187
2_48755102,Background,2,48755102
1_115370646,Background,1,115370646
2_5011976,Background,2,5011976
5_11950235,Background,5,11950235
2_90950968,Background,2,90950968
1_99536835,Background,1,99536835
6_45828537,Background,6,45828537
2_94899265,Background,2,94899265
6_55274559,Background,6,55274559
1_118684651,Background,1,118684651
2_58754699,Background,2,58754699
3_89512243,Background,3,89512243
3_22526048,Background,3,22526048
5_8794810,Background,5,8794810
4_72189258,Background,4,72189258
4_3112430,Background,4,3112430
3_65643997,Background,3,65643997
3_94213567,Background,3,94213567
4_2454142,Background,4,2454142
1_2750834,Background,1,2750834
3_61855749,Background,3,61855749
5_14105013,Background,5,14105013
1_32056276,Background,1,32056276
1_97800538,Background,1,97800538
1_71365357,Background,1,71365357
1_12277294,Background,1,12277294
2_82825314,Background,2,82825314
3_15634061,Background,3,15634061
2_15067655,Background,2,15067655
5_51967758,Background,5,51967758
4_32225140,Background,4,32225140
1_96126247,Background,1,96126247
1_86242500,Background,1,86242500
1_6591403,Background,1,6591403
5_60528658,Background,5,60528658
6_1980056,Background,6,1980056
1_122275274,Background,1,122275274
1_38362460,Background,1,38362460
2_59398928,Background,2,59398928
1_44069156,Background,1,44069156
1_121336088,Background,1,121336088
3_17133095,Background,3,17133095
1_94186329,Background,1,94186329
2_31021460,Background,2,31021460
3_19514335,Background,3,19514335
2_60266008,Background,2,60266008
4_28571580,Background,4,28571580
3_92466258,Background,3,92466258
2_60762473,Background,2,60762473
4_76471571,Background,4,76471571
3_57966295,Background,3,57966295
3_96499496,Background,3,96499496
2_72299073,Background,2,72299073
4_65165551,Background,4,65165551
1_32175674,Background,1,32175674
5_43188963,Background,5,43188963
5_18499939,Background,5,18499939
4_76473455,Background,4,76473455
3_23835752,Background,3,23835752
1_73862893,Background,1,73862893
4_3943637,Background,4,3943637
1_93520693,Background,1,93520693
4_65815752,Background,4,65815752
3_81036817,Background,3,81036817
2_71782567,Background,2,71782567
3_61418996,Background,3,61418996
3_29379766,Background,3,29379766
4_17566890,Background,4,17566890
6_2741939,Background,6,2741939
5_19987482,Background,5,19987482
2_4170528,Background,2,4170528
1_108042410,Background,1,108042410
5_8700756,Background,5,8700756
2_8241451,Background,2,8241451
4_72232578,Background,4,72232578
1_84437954,Background,1,84437954
4_19065322,Background,4,19065322
4_11501940,Background,4,11501940
5_20770993,Background,5,20770993
3_71789650,Background,3,71789650
3_88437345,Background,3,88437345
5_52299806,Background,5,52299806
6_51480729,Background,6,51480729
1_103771111,Background,1,103771111
3_85409789,Background,3,85409789
4_74626956,Background,4,74626956
4_1963204,Background,4,1963204
2_90436904,Background,2,90436904
4_46680207,Background,4,46680207
4_80158935,Background,4,80158935
4_17942809,Background,4,17942809
1_74386475,Background,1,74386475
3_95423516,Background,3,95423516
4_53943272,Background,4,53943272
4_49746548,Background,4,49746548
1_32827562,Background,1,32827562
6_42233316,Background,6,42233316
1_80600600,Background,1,80600600
1_8637992,Background,1,8637992
1_107641209,Background,1,107641209
1_118530178,Background,1,118530178
1_75631703,Background,1,75631703
1_121900079,Background,1,121900079
5_40651893,Background,5,40651893
1_5860706,Background,1,5860706
1_66626276,Background,1,66626276
2_76254139,Background,2,76254139
1_8361693,Background,1,8361693
1_11453950,Background,1,11453950
1_101185432,Background,1,101185432
2_80514219,Background,2,80514219
1_7461944,Background,1,7461944
3_71109724,Background,3,71109724
1_88752614,Background,1,88752614
4_52761198,Background,4,52761198
3_27768711,Background,3,27768711
5_65204526,Background,5,65204526
6_27455446,Background,6,27455446
6_11202579,Background,6,11202579
2_66606655,Background,2,66606655
5_40290987,Background,5,40290987
6_61788806,Background,6,61788806
1_1035578,Background,1,1035578
6_16914764,Background,6,16914764
4_47625818,Background,4,47625818
1_2060434,Background,1,2060434
2_72019426,Background,2,72019426
3_3950964,Background,3,3950964
2_58387702,Background,2,58387702
1_74372505,Background,1,74372505
3_65809570,Background,3,65809570
1_53838841,Background,1,53838841
2_69937314,Background,2,69937314
3_20264157,Background,3,20264157
1_15336597,Background,1,15336597
6_33439173,Background,6,33439173
3_30218936,Background,3,30218936
5_4117499,Background,5,4117499
5_18825605,Background,5,18825605
3_9205044,Background,3,9205044
5_42145258,Background,5,42145258
4_61279491,Background,4,61279491
5_42229472,Background,5,42229472
1_56173314,Background,1,56173314
1_130719294,Background,1,130719294
2_78066051,Background,2,78066051
1_101504321,Background,1,101504321
4_51802347,Background,4,51802347
4_1136568,Background,4,1136568
1_80539510,Background,1,80539510
1_110557719,Background,1,110557719
2_58933759,Background,2,58933759
1_68954914,Background,1,68954914
3_21613276,Background,3,21613276
3_9191343,Background,3,9191343
2_56061756,Background,2,56061756
3_20808110,Background,3,20808110
3_56473132,Background,3,56473132
5_37117348,Background,5,37117348
3_522855,Background,3,522855
2_76134879,Background,2,76134879
5_61325709,Background,5,61325709
2_79376616,Background,2,79376616
3_9157240,Background,3,9157240
1_35613346,Background,1,35613346
4_13349466,Background,4,13349466
3_52485305,Background,3,52485305
1_7449420,Background,1,7449420
4_66516208,Background,4,66516208
2_57122388,Background,2,57122388
5_56481511,Background,5,56481511
6_41845413,Background,6,41845413
5_63215754,Background,5,63215754
1_133031855,Background,1,133031855
1_86340120,Background,1,86340120
3_6235835,Background,3,6235835
5_56600616,Background,5,56600616
6_21120977,Background,6,21120977
1_55433237,Background,1,55433237
2_79124490,Background,2,79124490
1_98102966,Background,1,98102966
1_101918725,Background,1,101918725
1_106490069,Background,1,106490069
1_86581818,Background,1,86581818
2_73788291,Background,2,73788291
2_68413793,Background,2,68413793
1_104203316,Background,1,104203316
1_115243197,Background,1,115243197
5_67365795,Background,5,67365795
6_50155751,Background,6,50155751
6_2299612,Background,6,2299612
1_120120189,Background,1,120120189
1_443159,Background,1,443159
2_32408590,Background,2,32408590
5_33065218,Background,5,33065218
1_101462859,Background,1,101462859
3_91650173,Background,3,91650173
1_45024174,Background,1,45024174
3_27367025,Background,3,27367025
1_70686373,Background,1,70686373
5_52457873,Background,5,52457873
1_120176486,Background,1,120176486
2_32390967,Background,2,32390967
1_122628635,Background,1,122628635
5_64006944,Background,5,64006944
1_103955070,Background,1,103955070
2_70712488,Background,2,70712488
1_101136564,Background,1,101136564
5_59325672,Background,5,59325672
6_60369711,Background,6,60369711
2_24143362,Background,2,24143362
1_96382989,Background,1,96382989
2_36378885,Background,2,36378885
1_87784075,Background,1,87784075
5_7538942,Background,5,7538942
4_65082555,Background,4,65082555
1_107259938,Background,1,107259938
6_29238695,Background,6,29238695
4_47053868,Background,4,47053868
5_11539862,Background,5,11539862
1_110468739,Background,1,110468739
3_6048058,Background,3,6048058
2_64748251,Background,2,64748251
4_80225229,Background,4,80225229
1_136266525,Background,1,136266525
5_64701990,Background,5,64701990
3_92345468,Background,3,92345468
4_77816488,Background,4,77816488
1_86372049,Background,1,86372049
4_10612225,Background,4,10612225
1_73529138,Background,1,73529138
2_61811626,Background,2,61811626
1_76200787,Background,1,76200787
1_42817061,Background,1,42817061
5_41627785,Background,5,41627785
5_24304277,Background,5,24304277
5_43959925,Background,5,43959925
5_37576312,Background,5,37576312
2_82101600,Background,2,82101600
4_3152303,Background,4,3152303
4_68469137,Background,4,68469137
1_98890564,Background,1,98890564
3_66067491,Background,3,66067491
6_51034182,Background,6,51034182
5_65285459,Background,5,65285459
1_2991234,Background,1,2991234
4_83320291,Background,4,83320291
2_90654604,Background,2,90654604
1_77418452,Background,1,77418452
1_115407105,Background,1,115407105
1_35355655,Background,1,35355655
1_131615391,Background,1,131615391
1_106243122,Background,1,106243122
6_9439037,Background,6,9439037
1_95911703,Background,1,95911703
3_59713091,Background,3,59713091
4_17328715,Background,4,17328715
1_79028908,Background,1,79028908
3_34114705,Background,3,34114705
1_99053865,Background,1,99053865
1_103820135,Background,1,103820135
1_106321180,Background,1,106321180
6_58668337,Background,6,58668337
2_45253824,Background,2,45253824
2_79993147,Background,2,79993147
6_63910294,Background,6,63910294
2_82442938,Background,2,82442938
3_4762451,Background,3,4762451
1_92030295,Background,1,92030295
2_78473367,Background,2,78473367
3_75015408,Background,3,75015408
1_106886167,Background,1,106886167
2_57185025,Background,2,57185025
1_81006476,Background,1,81006476
3_78663913,Background,3,78663913
4_3205419,Background,4,3205419
2_85803051,Background,2,85803051
2_57615724,Background,2,57615724
6_46555055,Background,6,46555055
1_21541424,Background,1,21541424
4_82023486,Background,4,82023486
3_71081012,Background,3,71081012
6_65344687,Background,6,65344687
5_5348584,Background,5,5348584
2_58159630,Background,2,58159630
4_1124554,Background,4,1124554
1_106242971,Background,1,106242971
6_49382511,Background,6,49382511
4_43496937,Background,4,43496937
1_61442440,Background,1,61442440
6_51317399,Background,6,51317399
6_31912093,Background,6,31912093
6_11170746,Background,6,11170746
2_79804952,Background,2,79804952
6_29552076,Background,6,29552076
1_108224511,Background,1,108224511
3_48184084,Background,3,48184084
5_6238455,Background,5,6238455
3_7761520,Background,3,7761520
1_104336834,Background,1,104336834
2_93868779,Background,2,93868779
3_43321210,Background,3,43321210
3_39161711,Background,3,39161711
1_131217324,Background,1,131217324
1_124037220,Background,1,124037220
5_47806098,Background,5,47806098
3_42138379,Background,3,42138379
2_39885254,Background,2,39885254
6_56950635,Background,6,56950635
2_91862211,Background,2,91862211
3_59193813,Background,3,59193813
2_82832008,Background,2,82832008
1_86144907,Background,1,86144907
1_78543685,Background,1,78543685
4_44395006,Background,4,44395006
1_102100520,Background,1,102100520
5_60818908,Background,5,60818908
3_8980906,Background,3,8980906
2_46676755,Background,2,46676755
4_66972775,Background,4,66972775
5_60817879,Background,5,60817879
4_74233570,Background,4,74233570
3_66937701,Background,3,66937701
1_129403647,Background,1,129403647
6_38893182,Background,6,38893182
4_27873395,Background,4,27873395
1_20821342,Background,1,20821342
1_120178716,Background,1,120178716
5_37355052,Background,5,37355052
5_8748722,Background,5,8748722
3_18898963,Background,3,18898963
6_63786199,Background,6,63786199
1_106733468,Background,1,106733468
3_19968738,Background,3,19968738
2_93530308,Background,2,93530308
1_72276312,Background,1,72276312
2_47917945,Background,2,47917945
6_24591750,Background,6,24591750
6_65987337,Background,6,65987337
3_84391132,Background,3,84391132
6_57204380,Background,6,57204380
6_63785964,Background,6,63785964
1_13537848,Background,1,13537848
1_104234259,Background,1,104234259
3_8920833,Background,3,8920833
1_42636339,Background,1,42636339
5_42144987,Background,5,42144987
4_76589642,Background,4,76589642
1_48438193,Background,1,48438193
1_29288653,Background,1,29288653
5_10927353,Background,5,10927353
2_75104666,Background,2,75104666
6_65914567,Background,6,65914567
1_809245,Background,1,809245
5_29607495,Background,5,29607495
2_61798122,Background,2,61798122
4_1494073,Background,4,1494073
3_14861492,Background,3,14861492
1_8712984,Background,1,8712984
1_6127928,Background,1,6127928
1_94852847,Background,1,94852847
3_3227119,Background,3,3227119
3_10052119,Background,3,10052119
4_47024132,Background,4,47024132
3_10227859,Background,3,10227859
3_15049733,Background,3,15049733
3_94638010,Background,3,94638010
4_2924879,Background,4,2924879
2_80399302,Background,2,80399302
1_98559524,Background,1,98559524
6_59396667,Background,6,59396667
2_56892033,Background,2,56892033
4_75324293,Background,4,75324293
3_24423652,Background,3,24423652
1_2976197,Background,1,2976197
4_66142339,Background,4,66142339
1_99991346,Background,1,99991346
1_64132814,Background,1,64132814
1_8516438,Background,1,8516438
6_62391346,Background,6,62391346
2_45255889,Background,2,45255889
3_67331191,Background,3,67331191
2_52340585,Background,2,52340585
1_44254557,Background,1,44254557
4_82075426,Background,4,82075426
4_39709910,Background,4,39709910
1_54352270,Background,1,54352270
3_94872060,Background,3,94872060
1_120241035,Background,1,120241035
6_62261739,Background,6,62261739
1_120260123,Background,1,120260123
5_60689483,Background,5,60689483
6_14217633,Background,6,14217633
3_59363609,Background,3,59363609
5_58998861,Background,5,58998861
6_60351867,Background,6,60351867
4_34339009,Background,4,34339009
2_95505356,Background,2,95505356
1_2202259,Background,1,2202259
1_36588508,Background,1,36588508
1_42813383,Background,1,42813383
2_26491271,Background,2,26491271
6_32714013,Background,6,32714013
1_3376217,Background,1,3376217
1_80269166,Background,1,80269166
1_85359405,Background,1,85359405
4_48130725,Background,4,48130725
5_60152981,Background,5,60152981
4_67548031,Background,4,67548031
2_31659596,Background,2,31659596
3_40821071,Background,3,40821071
4_22401070,Background,4,22401070
5_4428068,Background,5,4428068
2_70994845,Background,2,70994845
1_6777309,Background,1,6777309
4_3711124,Background,4,3711124
6_44600978,Background,6,44600978
1_38026804,Background,1,38026804
4_76858496,Background,4,76858496
6_65486374,Background,6,65486374
1_21371799,Background,1,21371799
1_125793371,Background,1,125793371
3_67685847,Background,3,67685847
5_52636719,Background,5,52636719
4_1987931,Background,4,1987931
6_64219718,Background,6,64219718
5_20178905,Background,5,20178905
5_58553190,Background,5,58553190
2_16694729,Background,2,16694729
1_77233449,Background,1,77233449
3_14958294,Background,3,14958294
2_58941148,Background,2,58941148
1_130153785,Background,1,130153785
1_93578835,Background,1,93578835
5_42144919,Background,5,42144919
4_16106445,Background,4,16106445
1_103748103,Background,1,103748103
5_24305849,Background,5,24305849
4_78677220,Background,4,78677220
1_123464203,Background,1,123464203
5_6721171,Background,5,6721171
4_31184690,Background,4,31184690
6_58124336,Background,6,58124336
2_85746106,Background,2,85746106
4_17389676,Background,4,17389676
5_40786141,Background,5,40786141
5_65317517,Background,5,65317517
4_22404028,Background,4,22404028
1_52383453,Background,1,52383453
1_131496634,Background,1,131496634
2_52244802,Background,2,52244802
2_42663728,Background,2,42663728
1_85275481,Background,1,85275481
1_134930326,Background,1,134930326
1_134665310,Background,1,134665310
2_91769521,Background,2,91769521
1_78773803,Background,1,78773803
4_78204062,Background,4,78204062
2_61006204,Background,2,61006204
3_91641340,Background,3,91641340
2_59128566,Background,2,59128566
3_35882441,Background,3,35882441
4_52932147,Background,4,52932147
4_6089528,Background,4,6089528
4_18482343,Background,4,18482343
1_22821897,Background,1,22821897
1_118684084,Background,1,118684084
6_29861739,Background,6,29861739
3_55125461,Background,3,55125461
4_16347154,Background,4,16347154
6_2321819,Background,6,2321819
2_8916853,Background,2,8916853
4_10782167,Background,4,10782167
1_78734477,Background,1,78734477
4_10160219,Background,4,10160219
3_94927090,Background,3,94927090
6_6316171,Background,6,6316171
4_50798515,Background,4,50798515
4_54926013,Background,4,54926013
1_93971213,Background,1,93971213
6_1981300,Background,6,1981300
1_77399438,Background,1,77399438
5_67294182,Background,5,67294182
4_71828498,Background,4,71828498
2_1330309,Background,2,1330309
3_93185287,Background,3,93185287
4_5125058,Background,4,5125058
5_53921093,Background,5,53921093
1_77824077,Background,1,77824077
5_25219733,Background,5,25219733
1_4969457,Background,1,4969457
2_43501785,Background,2,43501785
5_4396418,Background,5,4396418
1_105537418,Background,1,105537418
1_8635901,Background,1,8635901
5_31345021,Background,5,31345021
3_96053496,Background,3,96053496
3_2571677,Background,3,2571677
1_7658809,Background,1,7658809
1_12523830,Background,1,12523830
1_7447590,Background,1,7447590
3_93186033,Background,3,93186033
4_54099492,Background,4,54099492
3_73448278,Background,3,73448278
2_58505306,Background,2,58505306
1_11405376,Background,1,11405376
1_129392712,Background,1,129392712
2_79399076,Background,2,79399076
2_74625071,Background,2,74625071
6_6184094,Background,6,6184094
3_97098051,Background,3,97098051
1_76181628,Background,1,76181628
2_55455221,Background,2,55455221
3_503722,Background,3,503722
1_100421788,Background,1,100421788
5_6566350,Background,5,6566350
2_64776859,Background,2,64776859
3_2029418,Background,3,2029418
4_76589342,Background,4,76589342
4_44399662,Background,4,44399662
1_5201299,Background,1,5201299
4_7483704,Background,4,7483704
6_2035003,Background,6,2035003
1_127536306,Background,1,127536306
1_19832653,Background,1,19832653
5_60435970,Background,5,60435970
2_93271948,Background,2,93271948
1_24839488,Background,1,24839488
1_86467415,Background,1,86467415
3_79004014,Background,3,79004014
1_124944588,Background,1,124944588
3_91180179,Background,3,91180179
2_72278868,Background,2,72278868
1_97574308,Background,1,97574308
4_82662598,Background,4,82662598
3_7725673,Background,3,7725673
3_14668533,Background,3,14668533
2_40287435,Background,2,40287435
2_52372231,Background,2,52372231
1_18998081,Background,1,18998081
3_75544363,Background,3,75544363
3_19167646,Background,3,19167646
4_77299592,Background,4,77299592
4_62916082,Background,4,62916082
3_92586688,Background,3,92586688
5_4311601,Background,5,4311601
2_82128420,Background,2,82128420
3_56188315,Background,3,56188315
4_70493950,Background,4,70493950
6_8421301,Background,6,8421301
6_2790531,Background,6,2790531
3_72318327,Background,3,72318327
6_10722645,Background,6,10722645
4_64012888,Background,4,64012888
2_66338176,Background,2,66338176
5_61654243,Background,5,61654243
1_29922156,Background,1,29922156
1_5844318,Background,1,5844318
4_66049699,Background,4,66049699
6_44509971,Background,6,44509971
2_8694451,Background,2,8694451
1_105501865,Background,1,105501865
3_41841465,Background,3,41841465
3_56611955,Background,3,56611955
3_40397571,Background,3,40397571
3_14960721,Background,3,14960721
6_59252107,Background,6,59252107
1_100761905,Background,1,100761905
1_81344279,Background,1,81344279
4_41143874,Background,4,41143874
3_89435075,Background,3,89435075
4_20126020,Background,4,20126020
1_100699805,Background,1,100699805
3_3937021,Background,3,3937021
5_4635892,Background,5,4635892
3_72316686,Background,3,72316686
1_48212488,Background,1,48212488
6_15439661,Background,6,15439661
3_76892515,Background,3,76892515
2_70298778,Background,2,70298778
5_66331650,Background,5,66331650
1_6617944,Background,1,6617944
1_122574240,Background,1,122574240
4_50434203,Background,4,50434203
3_28224837,Background,3,28224837
1_8141991,Background,1,8141991
5_40608046,Background,5,40608046
3_65617746,Background,3,65617746
1_125332621,Background,1,125332621
3_10198946,Background,3,10198946
6_45503627,Background,6,45503627
1_62587176,Background,1,62587176
3_38461374,Background,3,38461374
2_7385116,Background,2,7385116
1_94929926,Background,1,94929926
2_77239569,Background,2,77239569
3_87912442,Background,3,87912442
4_65611352,Background,4,65611352
2_77478893,Background,2,77478893
1_76436141,Background,1,76436141
2_92148631,Background,2,92148631
6_63719174,Background,6,63719174
4_72736238,Background,4,72736238
6_66053107,Background,6,66053107
3_15277481,Background,3,15277481
5_5784692,Background,5,5784692
6_50207805,Background,6,50207805
1_119473286,Background,1,119473286
2_90869436,Background,2,90869436
6_66648020,Background,6,66648020
5_54548807,Background,5,54548807
6_65661524,Background,6,65661524
6_27447677,Background,6,27447677
1_96547002,Background,1,96547002
1_110848327,Background,1,110848327
6_38190703,Background,6,38190703
3_44590897,Background,3,44590897
3_74110559,Background,3,74110559
6_29388002,Background,6,29388002
3_81844376,Background,3,81844376
1_97206132,Background,1,97206132
1_122628451,Background,1,122628451
1_33510524,Background,1,33510524
1_103944777,Background,1,103944777
3_89310507,Background,3,89310507
6_64182513,Background,6,64182513
1_96573698,Background,1,96573698
1_100762910,Background,1,100762910
1_16043429,Background,1,16043429
6_60612148,Background,6,60612148
6_48042469,Background,6,48042469
1_61512785,Background,1,61512785
3_80775626,Background,3,80775626
4_75367305,Background,4,75367305
4_60128396,Background,4,60128396
2_87644265,Background,2,87644265
6_27452167,Background,6,27452167
1_67197764,Background,1,67197764
4_39716503,Background,4,39716503
4_65947750,Background,4,65947750
1_80619629,Background,1,80619629
4_48255745,Background,4,48255745
3_77706095,Background,3,77706095
2_8687624,Background,2,8687624
2_52327545,Background,2,52327545
1_93993066,Background,1,93993066
1_89397112,Background,1,89397112
3_14692949,Background,3,14692949
1_1261214,Background,1,1261214
3_217053,Background,3,217053
3_9651605,Background,3,9651605
4_14564686,Background,4,14564686
2_85544876,Background,2,85544876
1_24852423,Background,1,24852423
5_59406345,Background,5,59406345
4_67445839,Background,4,67445839
2_10273212,Background,2,10273212
5_3257120,Background,5,3257120
6_55675329,Background,6,55675329
1_120412122,Background,1,120412122
1_2529322,Background,1,2529322
1_78783253,Background,1,78783253
5_65378708,Background,5,65378708
1_82573950,Background,1,82573950
3_52368020,Background,3,52368020
1_62610706,Background,1,62610706
5_7543463,Background,5,7543463
5_52458823,Background,5,52458823
4_11508482,Background,4,11508482
1_68607353,Background,1,68607353
2_78815136,Background,2,78815136
1_15642799,Background,1,15642799
3_9154859,Background,3,9154859
2_87692479,Background,2,87692479
3_97296192,Background,3,97296192
1_34868214,Background,1,34868214
1_33378968,Background,1,33378968
4_68328638,Background,4,68328638
1_110542122,Background,1,110542122
1_129392549,Background,1,129392549
3_39489859,Background,3,39489859
3_81891225,Background,3,81891225
6_22798490,Background,6,22798490
2_58385843,Background,2,58385843
3_85924593,Background,3,85924593
2_52360723,Background,2,52360723
1_102779486,Background,1,102779486
3_65384190,Background,3,65384190
3_96034485,Background,3,96034485
3_18799801,Background,3,18799801
3_65613654,Background,3,65613654
2_43041224,Background,2,43041224
3_23119655,Background,3,23119655
2_35748562,Background,2,35748562
3_97399786,Background,3,97399786
1_6578779,Background,1,6578779
1_48553186,Background,1,48553186
5_63184909,Background,5,63184909
6_55679362,Background,6,55679362
4_17453675,Background,4,17453675
1_110983834,Background,1,110983834
1_108587519,Background,1,108587519
3_90155046,Background,3,90155046
5_9994332,Background,5,9994332
2_25560021,Background,2,25560021
1_99849842,Background,1,99849842
5_6956726,Background,5,6956726
1_40715335,Background,1,40715335
1_52450667,Background,1,52450667
6_7923360,Background,6,7923360
1_29385373,Background,1,29385373
5_20770362,Background,5,20770362
3_93183224,Background,3,93183224
2_79170988,Background,2,79170988
3_12392324,Background,3,12392324
4_79218559,Background,4,79218559
5_4404915,Background,5,4404915
5_6922069,Background,5,6922069
5_24779701,Background,5,24779701
5_51750026,Background,5,51750026
2_72305729,Background,2,72305729
5_62747041,Background,5,62747041
3_25766539,Background,3,25766539
1_17998011,Background,1,17998011
3_41545660,Background,3,41545660
1_121081104,Background,1,121081104
1_6393256,Background,1,6393256
2_77196242,Background,2,77196242
6_2570546,Background,6,2570546
4_78649237,Background,4,78649237
1_116908277,Background,1,116908277
5_4138922,Background,5,4138922
3_32962493,Background,3,32962493
6_4974950,Background,6,4974950
6_3002283,Background,6,3002283
2_93447062,Background,2,93447062
6_50860968,Background,6,50860968
2_35915106,Background,2,35915106
5_4633827,Background,5,4633827
6_2463917,Background,6,2463917
1_42319958,Background,1,42319958
5_58428378,Background,5,58428378
4_27738121,Background,4,27738121
3_13670919,Background,3,13670919
2_79957645,Background,2,79957645
2_61436371,Background,2,61436371
6_24926968,Background,6,24926968
5_52280574,Background,5,52280574
3_10050925,Background,3,10050925
3_61941449,Background,3,61941449
6_60565583,Background,6,60565583
1_132007218,Background,1,132007218
6_1844017,Background,6,1844017
4_52709227,Background,4,52709227
6_53467148,Background,6,53467148
6_37140399,Background,6,37140399
1_113017352,Background,1,113017352
1_79516224,Background,1,79516224
1_132317567,Background,1,132317567
3_8979932,Background,3,8979932
6_32831518,Background,6,32831518
1_103516817,Background,1,103516817
1_70085047,Background,1,70085047
6_61475868,Background,6,61475868
3_72953448,Background,3,72953448
1_86343760,Background,1,86343760
2_86087911,Background,2,86087911
4_45490329,Background,4,45490329
3_95240968,Background,3,95240968
5_54781022,Background,5,54781022
1_131216918,Background,1,131216918
2_16699990,Background,2,16699990
1_4957176,Background,1,4957176
3_15394846,Background,3,15394846
4_72536447,Background,4,72536447
6_58757481,Background,6,58757481
5_58818796,Background,5,58818796
3_5743118,Background,3,5743118
5_62816422,Background,5,62816422
3_6871377,Background,3,6871377
2_86371600,Background,2,86371600
3_22946740,Background,3,22946740
4_62559124,Background,4,62559124
3_25644657,Background,3,25644657
1_45752312,Background,1,45752312
2_55249359,Background,2,55249359
3_32865589,Background,3,32865589
3_5074997,Background,3,5074997
5_66336691,Background,5,66336691
2_43081996,Background,2,43081996
6_49843397,Background,6,49843397
3_7635548,Background,3,7635548
4_5369138,Background,4,5369138
6_57772542,Background,6,57772542
5_25178800,Background,5,25178800
2_42790608,Background,2,42790608
4_36337868,Background,4,36337868
5_60261016,Background,5,60261016
1_44070171,Background,1,44070171
3_84038560,Background,3,84038560
3_5316482,Background,3,5316482
1_103771719,Background,1,103771719
2_42665873,Background,2,42665873
4_3180143,Background,4,3180143
1_31743892,Background,1,31743892
1_125234043,Background,1,125234043
1_130973247,Background,1,130973247
2_93797707,Background,2,93797707
1_67190388,Background,1,67190388
3_39566960,Background,3,39566960
5_67010243,Background,5,67010243
1_120419076,Background,1,120419076
3_28213150,Background,3,28213150
3_5079918,Background,3,5079918
3_24430993,Background,3,24430993
4_8423410,Background,4,8423410
3_91010811,Background,3,91010811
3_52490026,Background,3,52490026
5_61663501,Background,5,61663501
1_96534204,Background,1,96534204
1_100743198,Background,1,100743198
3_1318089,Background,3,1318089
4_20338839,Background,4,20338839
1_12069573,Background,1,12069573
5_52726904,Background,5,52726904
4_9684886,Background,4,9684886
4_75283531,Background,4,75283531
1_53279514,Background,1,53279514
6_41873195,Background,6,41873195
3_24429006,Background,3,24429006
1_124865207,Background,1,124865207
3_11737865,Background,3,11737865
4_13078571,Background,4,13078571
1_116755623,Background,1,116755623
5_65877790,Background,5,65877790
3_14959964,Background,3,14959964
4_75828941,Background,4,75828941
1_30532912,Background,1,30532912
3_12272567,Background,3,12272567
3_16048464,Background,3,16048464
1_120023269,Background,1,120023269
6_30026063,Background,6,30026063
1_8632422,Background,1,8632422
2_52223113,Background,2,52223113
3_6585397,Background,3,6585397
1_36972756,Background,1,36972756
2_74195088,Background,2,74195088
5_12591847,Background,5,12591847
1_131626368,Background,1,131626368
1_3469848,Background,1,3469848
3_66431042,Background,3,66431042
4_7211847,Background,4,7211847
1_57329447,Background,1,57329447
3_92433139,Background,3,92433139
6_10185343,Background,6,10185343
3_912289,Background,3,912289
2_31201178,Background,2,31201178
6_64987740,Background,6,64987740
3_13409967,Background,3,13409967
1_112650562,Background,1,112650562
5_61652874,Background,5,61652874
1_44652479,Background,1,44652479
1_36490817,Background,1,36490817
5_41490947,Background,5,41490947
2_93700337,Background,2,93700337
1_5950147,Background,1,5950147
4_56615795,Background,4,56615795
3_41633104,Background,3,41633104
3_96176136,Background,3,96176136
1_82730884,Background,1,82730884
2_94030194,Background,2,94030194
2_81874869,Background,2,81874869
1_115481138,Background,1,115481138
3_1274387,Background,3,1274387
6_45805646,Background,6,45805646
3_62425463,Background,3,62425463
1_91190081,Background,1,91190081
5_17088025,Background,5,17088025
3_7830033,Background,3,7830033
5_32919495,Background,5,32919495
6_65227068,Background,6,65227068
3_58912901,Background,3,58912901
5_60572911,Background,5,60572911
6_63396405,Background,6,63396405
2_43466600,Background,2,43466600
6_14495976,Background,6,14495976
4_9261727,Background,4,9261727
2_10704837,Background,2,10704837
5_61583454,Background,5,61583454
4_25032327,Background,4,25032327
3_94533311,Background,3,94533311
1_60582877,Background,1,60582877
4_75342214,Background,4,75342214
1_98077072,Background,1,98077072
1_44800794,Background,1,44800794
1_107852188,Background,1,107852188
2_61861468,Background,2,61861468
2_93798697,Background,2,93798697
1_112816766,Background,1,112816766
4_69031990,Background,4,69031990
2_90846027,Background,2,90846027
3_13905663,Background,3,13905663
4_63147129,Background,4,63147129
3_78225910,Background,3,78225910
2_62756302,Background,2,62756302
5_66169909,Background,5,66169909
3_23213096,Background,3,23213096
6_19664603,Background,6,19664603
2_4864887,Background,2,4864887
1_25509496,Background,1,25509496
2_70611093,Background,2,70611093
2_70071595,Background,2,70071595
5_62719034,Background,5,62719034
6_1919291,Background,6,1919291
4_75026267,Background,4,75026267
1_129009584,Background,1,129009584
3_24430004,Background,3,24430004
1_53838366,Background,1,53838366
4_75274694,Background,4,75274694
3_24425957,Background,3,24425957
1_78189335,Background,1,78189335
1_33102562,Background,1,33102562
4_51163544,Background,4,51163544
3_34756197,Background,3,34756197
1_125073378,Background,1,125073378
5_10283424,Background,5,10283424
5_65069028,Background,5,65069028
3_59006805,Background,3,59006805
1_12280725,Background,1,12280725
2_78455101,Background,2,78455101
4_52781398,Background,4,52781398
2_58041501,Background,2,58041501
4_16057104,Background,4,16057104
1_105439679,Background,1,105439679
3_3044079,Background,3,3044079
3_23683234,Background,3,23683234
6_65342511,Background,6,65342511
2_63190801,Background,2,63190801
4_11925311,Background,4,11925311
4_65700879,Background,4,65700879
1_81388443,Background,1,81388443
6_38561636,Background,6,38561636
4_74197899,Background,4,74197899
3_7550044,Background,3,7550044
4_11773507,Background,4,11773507
4_77237852,Background,4,77237852
1_17317522,Background,1,17317522
5_38591342,Background,5,38591342
6_48973636,Background,6,48973636
5_66204835,Background,5,66204835
6_64182146,Background,6,64182146
2_44600608,Background,2,44600608
3_28299837,Background,3,28299837
5_62850888,Background,5,62850888
1_81181262,Background,1,81181262
4_44666356,Background,4,44666356
2_65807955,Background,2,65807955
4_4138774,Background,4,4138774
1_87734924,Background,1,87734924
2_81835990,Background,2,81835990
1_52913029,Background,1,52913029
2_32934497,Background,2,32934497
6_46868206,Background,6,46868206
2_45336141,Background,2,45336141
1_87262593,Background,1,87262593
6_26368192,Background,6,26368192
6_67025709,Background,6,67025709
1_36576628,Background,1,36576628
4_15777091,Background,4,15777091
2_18786002,Background,2,18786002
4_76927289,Background,4,76927289
5_62860897,Background,5,62860897
1_93512368,Background,1,93512368
6_61337192,Background,6,61337192
3_80579495,Background,3,80579495
3_93072247,Background,3,93072247
5_67734120,Background,5,67734120
4_42549253,Background,4,42549253
3_94972688,Background,3,94972688
1_94564033,Background,1,94564033
5_58537274,Background,5,58537274
4_54087137,Background,4,54087137
4_71920879,Background,4,71920879
5_57575657,Background,5,57575657
5_4233600,Background,5,4233600
3_32360743,Background,3,32360743
1_48724293,Background,1,48724293
3_41481626,Background,3,41481626
1_103874433,Background,1,103874433
3_34532057,Background,3,34532057
4_12440535,Background,4,12440535
1_43637575,Background,1,43637575
1_120117780,Background,1,120117780
6_53687771,Background,6,53687771
1_85238343,Background,1,85238343
1_111715408,Background,1,111715408
1_80441513,Background,1,80441513
5_6041522,Background,5,6041522
2_5183071,Background,2,5183071
1_115682843,Background,1,115682843
3_51960538,Background,3,51960538
3_94500382,Background,3,94500382
3_23683094,Background,3,23683094
2_91175304,Background,2,91175304
3_57975986,Background,3,57975986
3_92650713,Background,3,92650713
2_53419614,Background,2,53419614
3_56205450,Background,3,56205450
2_78705351,Background,2,78705351
6_55675917,Background,6,55675917
3_8982629,Background,3,8982629
1_64161266,Background,1,64161266
6_17789825,Background,6,17789825
6_30356455,Background,6,30356455
4_79839171,Background,4,79839171
6_47553723,Background,6,47553723
1_2775894,Background,1,2775894
1_95742559,Background,1,95742559
4_54405457,Background,4,54405457
4_51077226,Background,4,51077226
2_46027090,Background,2,46027090
6_19968337,Background,6,19968337
6_5157077,Background,6,5157077
5_44309654,Background,5,44309654
2_88813820,Background,2,88813820
5_51523041,Background,5,51523041
2_88204051,Background,2,88204051
1_119744779,Background,1,119744779
1_7466385,Background,1,7466385
1_101467249,Background,1,101467249
3_93203120,Background,3,93203120
4_79654418,Background,4,79654418
4_76471858,Background,4,76471858
1_103953336,Background,1,103953336
6_2758124,Background,6,2758124
1_44679177,Background,1,44679177
1_121452220,Background,1,121452220
2_73135743,Background,2,73135743
1_130006852,Background,1,130006852
5_47300876,Background,5,47300876
3_3367772,Background,3,3367772
1_81799749,Background,1,81799749
1_72067149,Background,1,72067149
6_38992807,Background,6,38992807
5_25310199,Background,5,25310199
6_64077322,Background,6,64077322
3_82965675,Background,3,82965675
5_65513424,Background,5,65513424
1_66950937,Background,1,66950937
1_33194356,Background,1,33194356
1_74127190,Background,1,74127190
2_35955751,Background,2,35955751
1_103770992,Background,1,103770992
3_10050700,Background,3,10050700
6_61223921,Background,6,61223921
2_77471106,Background,2,77471106
1_116596207,Background,1,116596207
4_2299130,Background,4,2299130
5_10916814,Background,5,10916814
3_34078521,Background,3,34078521
1_101460376,Background,1,101460376
1_13351423,Background,1,13351423
1_106008797,Background,1,106008797
3_67982666,Background,3,67982666
1_7808663,Background,1,7808663
3_84508607,Background,3,84508607
6_66256522,Background,6,66256522
1_75145466,Background,1,75145466
5_52638004,Background,5,52638004
3_86179919,Background,3,86179919
6_13028867,Background,6,13028867
5_24849380,Background,5,24849380
4_73601954,Background,4,73601954
3_19403769,Background,3,19403769
3_83214923,Background,3,83214923
2_79301007,Background,2,79301007
1_89714282,Background,1,89714282
3_4741927,Background,3,4741927
1_52894223,Background,1,52894223
3_42749180,Background,3,42749180
2_82609872,Background,2,82609872
5_47365202,Background,5,47365202
2_46218150,Background,2,46218150
1_101697871,Background,1,101697871
6_41189350,Background,6,41189350
1_106731939,Background,1,106731939
3_83622455,Background,3,83622455
4_66507259,Background,4,66507259
3_66967712,Background,3,66967712
4_82868672,Background,4,82868672
3_24428622,Background,3,24428622
1_108168612,Background,1,108168612
1_133341872,Background,1,133341872
1_85160455,Background,1,85160455
6_4443877,Background,6,4443877
3_8381805,Background,3,8381805
1_20835664,Background,1,20835664
6_384651,Background,6,384651
1_7882594,Background,1,7882594
2_91685443,Background,2,91685443
1_110178080,Background,1,110178080
1_100926658,Background,1,100926658
2_91310396,Background,2,91310396
5_61649565,Background,5,61649565
1_88652036,Background,1,88652036
1_7469960,Background,1,7469960
4_31249308,Background,4,31249308
3_74380988,Background,3,74380988
4_42168669,Background,4,42168669
2_75189735,Background,2,75189735
1_20829019,Background,1,20829019
3_12027679,Background,3,12027679
4_1191593,Background,4,1191593
3_25347650,Background,3,25347650
1_36098216,Background,1,36098216
4_34339027,Background,4,34339027
2_48421379,Background,2,48421379
3_22109589,Background,3,22109589
1_94893919,Background,1,94893919
4_4005639,Background,4,4005639
2_55682877,Background,2,55682877
5_49509933,Background,5,49509933
4_2678792,Background,4,2678792
3_73592120,Background,3,73592120
1_92957444,Background,1,92957444
2_52244955,Background,2,52244955
6_43580774,Background,6,43580774
5_47137035,Background,5,47137035
6_22018811,Background,6,22018811
2_91812695,Background,2,91812695
3_4764276,Background,3,4764276
1_56840493,Background,1,56840493
2_45031590,Background,2,45031590
1_80352383,Background,1,80352383
4_74610658,Background,4,74610658
1_114625890,Background,1,114625890
1_7835512,Background,1,7835512
1_109783383,Background,1,109783383
6_6734564,Background,6,6734564
1_104865488,Background,1,104865488
6_57470990,Background,6,57470990
6_60776228,Background,6,60776228
4_19790243,Background,4,19790243
4_67479934,Background,4,67479934
6_1516825,Background,6,1516825
1_77102231,Background,1,77102231
1_33158607,Background,1,33158607
4_68570077,Background,4,68570077
1_113542076,Background,1,113542076
1_120214753,Background,1,120214753
3_85408299,Background,3,85408299
4_53522162,Background,4,53522162
1_109158847,Background,1,109158847
4_69875115,Background,4,69875115
3_48362478,Background,3,48362478
4_1985248,Background,4,1985248
3_24426538,Background,3,24426538
1_2606901,Background,1,2606901
2_70383957,Background,2,70383957
4_4565788,Background,4,4565788
2_93799241,Background,2,93799241
3_13890624,Background,3,13890624
2_5302016,Background,2,5302016
1_443435,Background,1,443435
4_21898004,Background,4,21898004
4_26869745,Background,4,26869745
3_8991647,Background,3,8991647
4_76821928,Background,4,76821928
5_61675017,Background,5,61675017
3_43436433,Background,3,43436433
1_103770761,Background,1,103770761
3_11060914,Background,3,11060914
2_2712265,Background,2,2712265
5_6922086,Background,5,6922086
6_56875185,Background,6,56875185
1_89714283,Background,1,89714283
1_132624139,Background,1,132624139
2_77040292,Background,2,77040292
3_3942451,Background,3,3942451
5_8790881,Background,5,8790881
5_7570853,Background,5,7570853
6_61364720,Background,6,61364720
2_86759179,Background,2,86759179
2_62253254,Background,2,62253254
2_43081055,Background,2,43081055
1_78486983,Background,1,78486983
5_60818654,Background,5,60818654
2_20736442,Background,2,20736442
4_74420113,Background,4,74420113
1_109695672,Background,1,109695672
1_108596680,Background,1,108596680
3_67155322,Background,3,67155322
6_58055196,Background,6,58055196
1_100606231,Background,1,100606231
6_17745525,Background,6,17745525
1_56477736,Background,1,56477736
2_92046899,Background,2,92046899
4_65611661,Background,4,65611661
1_132803996,Background,1,132803996
1_77615892,Background,1,77615892
1_92217232,Background,1,92217232
2_94004307,Background,2,94004307
2_79622118,Background,2,79622118
4_73611591,Background,4,73611591
3_24427755,Background,3,24427755
5_62861889,Background,5,62861889
3_32284264,Background,3,32284264
2_45185770,Background,2,45185770
5_67239714,Background,5,67239714
1_103868098,Background,1,103868098
3_1275208,Background,3,1275208
1_2112943,Background,1,2112943
2_21285450,Background,2,21285450
1_21751409,Background,1,21751409
6_40417442,Background,6,40417442
5_61572932,Background,5,61572932
2_65620621,Background,2,65620621
5_24303788,Background,5,24303788
2_36316000,Background,2,36316000
6_31335022,Background,6,31335022
2_95234225,Background,2,95234225
5_61654520,Background,5,61654520
3_24427288,Background,3,24427288
1_118347912,Background,1,118347912
5_61744519,Background,5,61744519
1_83415711,Background,1,83415711
1_105709766,Background,1,105709766
3_9670667,Background,3,9670667
2_90950938,Background,2,90950938
3_9648960,Background,3,9648960
5_65378138,Background,5,65378138
1_2929018,Background,1,2929018
2_93131172,Background,2,93131172
2_73621192,Background,2,73621192
4_21258144,Background,4,21258144
6_65482530,Background,6,65482530
4_77082804,Background,4,77082804
4_80414503,Background,4,80414503
3_48499815,Background,3,48499815
1_110129777,Background,1,110129777
4_72442519,Background,4,72442519
2_78412365,Background,2,78412365
3_65682372,Background,3,65682372
3_7601947,Background,3,7601947
1_12092913,Background,1,12092913
4_69220338,Background,4,69220338
5_5487904,Background,5,5487904
3_85723526,Background,3,85723526
6_52789440,Background,6,52789440
1_86245910,Background,1,86245910
6_6283220,Background,6,6283220
1_101513312,Background,1,101513312
1_68678943,Background,1,68678943
5_58584515,Background,5,58584515
3_29302385,Background,3,29302385
2_16960323,Background,2,16960323
3_7974020,Background,3,7974020
1_2774778,Background,1,2774778
1_115541672,Background,1,115541672
1_24856304,Background,1,24856304
1_129023028,Background,1,129023028
3_29644756,Background,3,29644756
3_24425910,Background,3,24425910
6_60584171,Background,6,60584171
1_4401450,Background,1,4401450
5_176186,Background,5,176186
1_84383124,Background,1,84383124
1_125333291,Background,1,125333291
3_51879836,Background,3,51879836
3_14508427,Background,3,14508427
1_52459021,Background,1,52459021
4_18273854,Background,4,18273854
5_4847233,Background,5,4847233
4_4341233,Background,4,4341233
6_58014811,Background,6,58014811
2_92888394,Background,2,92888394
2_2697134,Background,2,2697134
5_6919992,Background,5,6919992
3_49110563,Background,3,49110563
5_59641428,Background,5,59641428
5_42376025,Background,5,42376025
1_1345143,Background,1,1345143
1_20829776,Background,1,20829776
3_43898155,Background,3,43898155
4_64275572,Background,4,64275572
1_81775490,Background,1,81775490
4_10516082,Background,4,10516082
5_41167155,Background,5,41167155
3_2838081,Background,3,2838081
3_1404329,Background,3,1404329
1_123985600,Background,1,123985600
4_45484369,Background,4,45484369
3_61857074,Background,3,61857074
6_67781283,Background,6,67781283
6_2789497,Background,6,2789497
4_2009512,Background,4,2009512
5_51095266,Background,5,51095266
6_32092789,Background,6,32092789
6_62563187,Background,6,62563187
4_45399104,Background,4,45399104
1_44674620,Background,1,44674620
6_26296623,Background,6,26296623
1_111973548,Background,1,111973548
5_56877536,Background,5,56877536
6_50057381,Background,6,50057381
5_17041525,Background,5,17041525
4_64787207,Background,4,64787207
1_31621288,Background,1,31621288
3_8689758,Background,3,8689758
1_74728164,Background,1,74728164
2_73719178,Background,2,73719178
1_2966762,Background,1,2966762
5_62585932,Background,5,62585932
6_47686181,Background,6,47686181
3_15515303,Background,3,15515303
4_46654711,Background,4,46654711
4_66939108,Background,4,66939108
2_91628479,Background,2,91628479
5_59375027,Background,5,59375027
3_91811224,Background,3,91811224
3_58514181,Background,3,58514181
3_30628047,Background,3,30628047
6_55168096,Background,6,55168096
3_66979649,Background,3,66979649
3_89510374,Background,3,89510374
3_95886906,Background,3,95886906
1_42457817,Background,1,42457817
1_130518825,Background,1,130518825
6_56215016,Background,6,56215016
1_36171420,Background,1,36171420
2_56559521,Background,2,56559521
3_83431548,Background,3,83431548
2_1057241,Background,2,1057241
4_33926866,Background,4,33926866
3_92550567,Background,3,92550567
6_1981289,Background,6,1981289
3_7769815,Background,3,7769815
6_22671078,Background,6,22671078
3_164683,Background,3,164683
2_68977852,Background,2,68977852
4_69354398,Background,4,69354398
1_89770227,Background,1,89770227
6_21899277,Background,6,21899277
1_87820255,Background,1,87820255
1_93574534,Background,1,93574534
1_121512929,Background,1,121512929
5_61653899,Background,5,61653899
5_26010530,Background,5,26010530
1_48037890,Background,1,48037890
6_44816068,Background,6,44816068
2_77268365,Background,2,77268365
6_63665018,Background,6,63665018
2_81874687,Background,2,81874687
1_96529173,Background,1,96529173
1_70655009,Background,1,70655009
1_38912176,Background,1,38912176
2_19816651,Background,2,19816651
4_71782397,Background,4,71782397
3_93188186,Background,3,93188186
4_69286082,Background,4,69286082
2_92503382,Background,2,92503382
1_45228593,Background,1,45228593
2_26177975,Background,2,26177975
2_90650902,Background,2,90650902
3_6158889,Background,3,6158889
6_62384012,Background,6,62384012
3_92744067,Background,3,92744067
6_41881002,Background,6,41881002
4_82334648,Background,4,82334648
4_18279392,Background,4,18279392
6_64203870,Background,6,64203870
4_71167752,Background,4,71167752
5_61405256,Background,5,61405256
2_12413814,Background,2,12413814
3_91890592,Background,3,91890592
1_66625470,Background,1,66625470
3_61908461,Background,3,61908461
1_71629604,Background,1,71629604
2_8034467,Background,2,8034467
3_71789659,Background,3,71789659
1_50557754,Background,1,50557754
2_69057540,Background,2,69057540
3_81247996,Background,3,81247996
5_45032468,Background,5,45032468
1_12682862,Background,1,12682862
1_115487143,Background,1,115487143
3_60194744,Background,3,60194744
1_90129040,Background,1,90129040
2_94058139,Background,2,94058139
1_38379833,Background,1,38379833
6_59909488,Background,6,59909488
4_70804876,Background,4,70804876
5_52073991,Background,5,52073991
1_106182522,Background,1,106182522
2_15063000,Background,2,15063000
2_88692791,Background,2,88692791
1_81981852,Background,1,81981852
3_80326622,Background,3,80326622
1_4416478,Background,1,4416478
1_17325138,Background,1,17325138
1_38320796,Background,1,38320796
2_89752444,Background,2,89752444
1_14531950,Background,1,14531950
5_8121734,Background,5,8121734
2_10528810,Background,2,10528810
1_109988192,Background,1,109988192
1_3161185,Background,1,3161185
2_82944155,Background,2,82944155
1_78203408,Background,1,78203408
2_1051562,Background,2,1051562
2_89138721,Background,2,89138721
3_75596765,Background,3,75596765
2_14568485,Background,2,14568485
5_9657511,Background,5,9657511
1_81301425,Background,1,81301425
1_78792541,Background,1,78792541
1_31006061,Background,1,31006061
2_73841014,Background,2,73841014
2_77019097,Background,2,77019097
4_55357525,Background,4,55357525
3_20141641,Background,3,20141641
2_59323405,Background,2,59323405
2_93646666,Background,2,93646666
2_56043131,Background,2,56043131
1_116632048,Background,1,116632048
3_14687647,Background,3,14687647
1_132772178,Background,1,132772178
1_122614139,Background,1,122614139
1_129394159,Background,1,129394159
4_73455879,Background,4,73455879
6_41193062,Background,6,41193062
3_22014745,Background,3,22014745
1_112426939,Background,1,112426939
5_55856124,Background,5,55856124
2_91167314,Background,2,91167314
6_61707485,Background,6,61707485
1_134595197,Background,1,134595197
1_108586980,Background,1,108586980
2_77691387,Background,2,77691387
4_42163532,Background,4,42163532
5_44576184,Background,5,44576184
3_8977156,Background,3,8977156
1_38344141,Background,1,38344141
3_22714896,Background,3,22714896
4_19802509,Background,4,19802509
1_125274287,Background,1,125274287
1_69514201,Background,1,69514201
3_364407,Background,3,364407
3_77741351,Background,3,77741351
4_82138760,Background,4,82138760
2_79339710,Background,2,79339710
6_13362209,Background,6,13362209
4_71970184,Background,4,71970184
2_91888136,Background,2,91888136
6_14632082,Background,6,14632082
1_101147412,Background,1,101147412
2_3835411,Background,2,3835411
3_66970507,Background,3,66970507
6_50539628,Background,6,50539628
1_66718616,Background,1,66718616
4_9060939,Background,4,9060939
2_4418844,Background,2,4418844
2_36378963,Background,2,36378963
1_29361310,Background,1,29361310
6_38430475,Background,6,38430475
3_87679144,Background,3,87679144
5_67237939,Background,5,67237939
1_107076236,Background,1,107076236
1_120525891,Background,1,120525891
3_22160282,Background,3,22160282
2_92151445,Background,2,92151445
1_25312547,Background,1,25312547
4_53557848,Background,4,53557848
2_19430472,Background,2,19430472
6_19525743,Background,6,19525743
1_75151749,Background,1,75151749
2_27533231,Background,2,27533231
1_21703696,Background,1,21703696
5_59673327,Background,5,59673327
1_84658610,Background,1,84658610
4_35868610,Background,4,35868610
1_83553518,Background,1,83553518
1_2606255,Background,1,2606255
4_52476219,Background,4,52476219
1_101505344,Background,1,101505344
1_68885953,Background,1,68885953
1_92343438,Background,1,92343438
1_90045862,Background,1,90045862
2_62037355,Background,2,62037355
2_79916855,Background,2,79916855
3_54106111,Background,3,54106111
3_3806784,Background,3,3806784
3_7438085,Background,3,7438085
4_29506001,Background,4,29506001
4_49439260,Background,4,49439260
1_85285602,Background,1,85285602
1_2800929,Background,1,2800929
1_2256373,Background,1,2256373
1_114863133,Background,1,114863133
3_97088735,Background,3,97088735
6_56796985,Background,6,56796985
1_77102107,Background,1,77102107
4_60339,Background,4,60339
2_47082122,Background,2,47082122
3_82930914,Background,3,82930914
2_62754115,Background,2,62754115
2_82709785,Background,2,82709785
5_47799929,Background,5,47799929
2_56469245,Background,2,56469245
6_53859506,Background,6,53859506
4_65876128,Background,4,65876128
6_4421593,Background,6,4421593
5_17267606,Background,5,17267606
3_88453973,Background,3,88453973
6_64364883,Background,6,64364883
1_117766259,Background,1,117766259
5_13107085,Background,5,13107085
2_49906808,Background,2,49906808
3_13182167,Background,3,13182167
6_2814629,Background,6,2814629
1_36184091,Background,1,36184091
4_25560799,Background,4,25560799
2_94087327,Background,2,94087327
1_7433000,Background,1,7433000
2_52770075,Background,2,52770075
1_110998351,Background,1,110998351
1_132605852,Background,1,132605852
3_25926509,Background,3,25926509
1_101503952,Background,1,101503952
6_63778130,Background,6,63778130
1_90121559,Background,1,90121559
1_8952000,Background,1,8952000
3_24084533,Background,3,24084533
3_18916820,Background,3,18916820
4_42549567,Background,4,42549567
6_8350748,Background,6,8350748
5_66403398,Background,5,66403398
3_63062907,Background,3,63062907
4_18082310,Background,4,18082310
3_66546399,Background,3,66546399
5_56793651,Background,5,56793651
5_42631397,Background,5,42631397
5_20371849,Background,5,20371849
5_20060229,Background,5,20060229
2_57515916,Background,2,57515916
3_3941354,Background,3,3941354
2_87696467,Background,2,87696467
5_25029118,Background,5,25029118
3_10057445,Background,3,10057445
2_5861217,Background,2,5861217
3_79849163,Background,3,79849163
3_96712835,Background,3,96712835
2_47988620,Background,2,47988620
5_67904439,Background,5,67904439
2_82800890,Background,2,82800890
1_125228045,Background,1,125228045
1_98338663,Background,1,98338663
3_66050614,Background,3,66050614
5_60817491,Background,5,60817491
6_50056835,Background,6,50056835
2_76157683,Background,2,76157683
3_17477558,Background,3,17477558
6_12392157,Background,6,12392157
3_39318843,Background,3,39318843
3_42238587,Background,3,42238587
3_38716204,Background,3,38716204
1_93282048,Background,1,93282048
4_70424533,Background,4,70424533
1_5520501,Background,1,5520501
6_61786988,Background,6,61786988
6_49983354,Background,6,49983354
4_67481942,Background,4,67481942
2_78375667,Background,2,78375667
1_95073599,Background,1,95073599
4_73721115,Background,4,73721115
3_24756457,Background,3,24756457
1_81382540,Background,1,81382540
3_8246113,Background,3,8246113
1_33740670,Background,1,33740670
1_92263476,Background,1,92263476
1_134775588,Background,1,134775588
3_57386061,Background,3,57386061
3_20345108,Background,3,20345108
1_6677610,Background,1,6677610
2_42930950,Background,2,42930950
6_66781866,Background,6,66781866
3_33495841,Background,3,33495841
3_23250688,Background,3,23250688
2_74749638,Background,2,74749638
4_61860311,Background,4,61860311
6_49778947,Background,6,49778947
3_74374715,Background,3,74374715
4_22960159,Background,4,22960159
4_11979636,Background,4,11979636
1_132770660,Background,1,132770660
6_10185015,Background,6,10185015
4_75915776,Background,4,75915776
5_17874573,Background,5,17874573
3_41632911,Background,3,41632911
2_7199619,Background,2,7199619
1_123178128,Background,1,123178128
3_18717831,Background,3,18717831
6_905465,Background,6,905465
1_108771624,Background,1,108771624
2_82810727,Background,2,82810727
1_4140323,Background,1,4140323
1_100696024,Background,1,100696024
2_79514299,Background,2,79514299
3_32803769,Background,3,32803769
3_93007156,Background,3,93007156
3_8975735,Background,3,8975735
4_65257191,Background,4,65257191
2_22769461,Background,2,22769461
1_48572948,Background,1,48572948
3_21189176,Background,3,21189176
2_54562650,Background,2,54562650
2_80510331,Background,2,80510331
6_63424958,Background,6,63424958
4_80321720,Background,4,80321720
1_81212391,Background,1,81212391
3_94836131,Background,3,94836131
5_48682010,Background,5,48682010
2_44332298,Background,2,44332298
6_59516970,Background,6,59516970
1_36425298,Background,1,36425298
1_91122223,Background,1,91122223
6_57543482,Background,6,57543482
4_4356748,Background,4,4356748
5_6921454,Background,5,6921454
2_32509397,Background,2,32509397
2_88411967,Background,2,88411967
3_27751266,Background,3,27751266
1_13644130,Background,1,13644130
1_84970656,Background,1,84970656
5_62537463,Background,5,62537463
6_26156672,Background,6,26156672
1_104338391,Background,1,104338391
1_8073483,Background,1,8073483
1_21155081,Background,1,21155081
1_57270549,Background,1,57270549
4_4113505,Background,4,4113505
1_38318082,Background,1,38318082
1_103741935,Background,1,103741935
4_5038918,Background,4,5038918
4_3755831,Background,4,3755831
1_62806858,Background,1,62806858
5_59791634,Background,5,59791634
1_20834862,Background,1,20834862
4_83574755,Background,4,83574755
1_124215116,Background,1,124215116
2_72661563,Background,2,72661563
1_93987144,Background,1,93987144
1_81154081,Background,1,81154081
5_57033764,Background,5,57033764
4_71894708,Background,4,71894708
4_51130092,Background,4,51130092
5_50787209,Background,5,50787209
4_64792053,Background,4,64792053
4_4096019,Background,4,4096019
2_8083387,Background,2,8083387
3_43395960,Background,3,43395960
3_40844462,Background,3,40844462
5_8134271,Background,5,8134271
1_130061142,Background,1,130061142
3_23418472,Background,3,23418472
1_6027597,Background,1,6027597
4_27282008,Background,4,27282008
5_61583331,Background,5,61583331
1_109246948,Background,1,109246948
1_119290080,Background,1,119290080
3_66977754,Background,3,66977754
4_63663967,Background,4,63663967
1_103955722,Background,1,103955722
3_17976657,Background,3,17976657
2_72659180,Background,2,72659180
1_2928853,Background,1,2928853
5_24372851,Background,5,24372851
3_84322735,Background,3,84322735
2_71197206,Background,2,71197206
4_77672685,Background,4,77672685
3_44590774,Background,3,44590774
4_78677225,Background,4,78677225
4_16105023,Background,4,16105023
2_94297452,Background,2,94297452
6_64970694,Background,6,64970694
4_36161920,Background,4,36161920
4_66374518,Background,4,66374518
2_75552386,Background,2,75552386
3_3330071,Background,3,3330071
6_65063127,Background,6,65063127
2_3551066,Background,2,3551066
4_4130632,Background,4,4130632
1_134443644,Background,1,134443644
6_60472238,Background,6,60472238
4_5104554,Background,4,5104554
5_15981411,Background,5,15981411
1_47779703,Background,1,47779703
4_39716314,Background,4,39716314
2_8857079,Background,2,8857079
3_90374182,Background,3,90374182
3_66023978,Background,3,66023978
4_45094335,Background,4,45094335
2_60111807,Background,2,60111807
3_1531881,Background,3,1531881
5_60349321,Background,5,60349321
5_44774731,Background,5,44774731
1_11119475,Background,1,11119475
1_96519702,Background,1,96519702
6_32660244,Background,6,32660244
1_82513798,Background,1,82513798
3_83322631,Background,3,83322631
6_63719451,Background,6,63719451
2_55165809,Background,2,55165809
1_30937713,Background,1,30937713
4_72045090,Background,4,72045090
5_11066112,Background,5,11066112
1_4401758,Background,1,4401758
1_108623824,Background,1,108623824
4_83304836,Background,4,83304836
3_804152,Background,3,804152
4_13296431,Background,4,13296431
3_12751685,Background,3,12751685
3_54106987,Background,3,54106987
3_40839579,Background,3,40839579
1_129349295,Background,1,129349295
3_82215434,Background,3,82215434
3_65314974,Background,3,65314974
5_62241418,Background,5,62241418
3_28877414,Background,3,28877414
6_16894333,Background,6,16894333
1_71627523,Background,1,71627523
2_88710259,Background,2,88710259
1_25038482,Background,1,25038482
2_61513699,Background,2,61513699
3_81891116,Background,3,81891116
6_65211170,Background,6,65211170
3_92020324,Background,3,92020324
1_87264922,Background,1,87264922
3_16576664,Background,3,16576664
5_4343969,Background,5,4343969
4_79319778,Background,4,79319778
3_94875790,Background,3,94875790
1_120253212,Background,1,120253212
5_50725801,Background,5,50725801
2_70791187,Background,2,70791187
5_10377776,Background,5,10377776
2_69516071,Background,2,69516071
1_100452412,Background,1,100452412
1_77941385,Background,1,77941385
1_83541643,Background,1,83541643
1_26371288,Background,1,26371288
1_87263528,Background,1,87263528
1_7458804,Background,1,7458804
5_10092040,Background,5,10092040
3_73819481,Background,3,73819481
4_16021005,Background,4,16021005
2_34427571,Background,2,34427571
3_4163642,Background,3,4163642
6_16520812,Background,6,16520812
1_134224233,Background,1,134224233
4_61727313,Background,4,61727313
3_95093693,Background,3,95093693
1_132847128,Background,1,132847128
2_88262474,Background,2,88262474
2_92269427,Background,2,92269427
2_18804539,Background,2,18804539
1_111271639,Background,1,111271639
3_83356741,Background,3,83356741
5_52634265,Background,5,52634265
4_2678492,Background,4,2678492
3_40944519,Background,3,40944519
2_47128595,Background,2,47128595
4_4736798,Background,4,4736798
3_80327827,Background,3,80327827
6_52721163,Background,6,52721163
1_32884685,Background,1,32884685
6_65486078,Background,6,65486078
6_63893537,Background,6,63893537
4_39735441,Background,4,39735441
3_4388836,Background,3,4388836
6_4213459,Background,6,4213459
2_57504134,Background,2,57504134
4_16911420,Background,4,16911420
5_31078057,Background,5,31078057
3_65617437,Background,3,65617437
6_6540966,Background,6,6540966
5_58581059,Background,5,58581059
3_36681085,Background,3,36681085
4_83447350,Background,4,83447350
6_37862727,Background,6,37862727
1_4363455,Background,1,4363455
2_60114948,Background,2,60114948
3_1542286,Background,3,1542286
4_78771691,Background,4,78771691
2_42680644,Background,2,42680644
1_87914083,Background,1,87914083
4_68979955,Background,4,68979955
2_79762548,Background,2,79762548
1_120421508,Background,1,120421508
2_51063789,Background,2,51063789
2_42667408,Background,2,42667408
5_61832414,Background,5,61832414
2_73473514,Background,2,73473514
1_106415408,Background,1,106415408
1_88423795,Background,1,88423795
2_10669149,Background,2,10669149
4_47383191,Background,4,47383191
6_58955266,Background,6,58955266
3_28895625,Background,3,28895625
4_82924140,Background,4,82924140
3_80046627,Background,3,80046627
2_12396308,Background,2,12396308
1_4948758,Background,1,4948758
1_96198965,Background,1,96198965
3_63982302,Background,3,63982302
1_92772413,Background,1,92772413
1_133040293,Background,1,133040293
3_28194306,Background,3,28194306
3_11993555,Background,3,11993555
4_43539424,Background,4,43539424
3_29469248,Background,3,29469248
1_81602934,Background,1,81602934
1_84702797,Background,1,84702797
5_63502303,Background,5,63502303
2_18261188,Background,2,18261188
4_78728135,Background,4,78728135
3_84326080,Background,3,84326080
3_94935876,Background,3,94935876
3_90313813,Background,3,90313813
6_20377147,Background,6,20377147
1_83630941,Background,1,83630941
1_84565742,Background,1,84565742
5_42906818,Background,5,42906818
1_29651668,Background,1,29651668
3_74616010,Background,3,74616010
1_105857923,Background,1,105857923
1_93270696,Background,1,93270696
2_71869438,Background,2,71869438
6_8348575,Background,6,8348575
1_65801696,Background,1,65801696
4_68193138,Background,4,68193138
6_9269711,Background,6,9269711
5_66496118,Background,5,66496118
2_37262489,Background,2,37262489
5_1135153,Background,5,1135153
4_64711823,Background,4,64711823
1_92619026,Background,1,92619026
1_81200542,Background,1,81200542
5_50291709,Background,5,50291709
1_105322780,Background,1,105322780
1_74130993,Background,1,74130993
2_81742711,Background,2,81742711
5_54328032,Background,5,54328032
3_82985174,Background,3,82985174
3_59713103,Background,3,59713103
4_2134021,Background,4,2134021
6_5899589,Background,6,5899589
1_101872289,Background,1,101872289
1_135138543,Background,1,135138543
4_73474349,Background,4,73474349
1_131005435,Background,1,131005435
4_75558351,Background,4,75558351
6_22441289,Background,6,22441289
1_103746927,Background,1,103746927
3_90440540,Background,3,90440540
6_65048142,Background,6,65048142
3_58259990,Background,3,58259990
6_65393926,Background,6,65393926
1_134075105,Background,1,134075105
2_63912534,Background,2,63912534
2_88518367,Background,2,88518367
3_96419842,Background,3,96419842
2_35950126,Background,2,35950126
1_78787776,Background,1,78787776
1_4401542,Background,1,4401542
6_7870967,Background,6,7870967
6_12721819,Background,6,12721819
3_71779202,Background,3,71779202
4_47402621,Background,4,47402621
1_19103568,Background,1,19103568
1_122627674,Background,1,122627674
2_48398905,Background,2,48398905
1_68342989,Background,1,68342989
5_65105097,Background,5,65105097
3_44604705,Background,3,44604705
1_4402048,Background,1,4402048
1_6281915,Background,1,6281915
5_26070016,Background,5,26070016
1_109704131,Background,1,109704131
6_63643606,Background,6,63643606
1_116406744,Background,1,116406744
6_26408535,Background,6,26408535
1_12092007,Background,1,12092007
2_42677625,Background,2,42677625
1_107119517,Background,1,107119517
5_49273248,Background,5,49273248
5_50795260,Background,5,50795260
4_76472586,Background,4,76472586
3_1605470,Background,3,1605470
6_9482303,Background,6,9482303
2_65951036,Background,2,65951036
2_56269610,Background,2,56269610
1_9089867,Background,1,9089867
6_26470693,Background,6,26470693
5_58715430,Background,5,58715430
6_14184142,Background,6,14184142
6_46117788,Background,6,46117788
6_6031737,Background,6,6031737
5_61745215,Background,5,61745215
5_5342677,Background,5,5342677
3_65694047,Background,3,65694047
6_46707472,Background,6,46707472
4_72814317,Background,4,72814317
4_8829612,Background,4,8829612
5_12812210,Background,5,12812210
5_67895470,Background,5,67895470
1_16030296,Background,1,16030296
4_39695239,Background,4,39695239
1_97026174,Background,1,97026174
1_20933355,Background,1,20933355
4_36394095,Background,4,36394095
3_48178808,Background,3,48178808
3_66732994,Background,3,66732994
6_6367775,Background,6,6367775
4_75287344,Background,4,75287344
4_64888153,Background,4,64888153
3_66067818,Background,3,66067818
3_85486954,Background,3,85486954
1_68608067,Background,1,68608067
2_42765551,Background,2,42765551
6_62152924,Background,6,62152924
3_9204865,Background,3,9204865
4_31395016,Background,4,31395016
6_66968892,Background,6,66968892
4_9736184,Background,4,9736184
1_134486054,Background,1,134486054
6_61066421,Background,6,61066421
2_48806505,Background,2,48806505
1_4272041,Background,1,4272041
1_83654145,Background,1,83654145
6_5903236,Background,6,5903236
4_11753729,Background,4,11753729
2_79639964,Background,2,79639964
1_2233382,Background,1,2233382
1_92138815,Background,1,92138815
2_1044479,Background,2,1044479
1_98205532,Background,1,98205532
3_10124696,Background,3,10124696
6_61351295,Background,6,61351295
1_66630886,Background,1,66630886
1_2803375,Background,1,2803375
3_61938030,Background,3,61938030
1_102529208,Background,1,102529208
6_58099592,Background,6,58099592
5_17276657,Background,5,17276657
2_56061031,Background,2,56061031
6_14846889,Background,6,14846889
4_3583182,Background,4,3583182
2_82743308,Background,2,82743308
1_87768880,Background,1,87768880
1_33952033,Background,1,33952033
1_9193617,Background,1,9193617
1_115685269,Background,1,115685269
3_84692440,Background,3,84692440
6_11988746,Background,6,11988746
3_24056009,Background,3,24056009
1_75611114,Background,1,75611114
4_34338510,Background,4,34338510
2_66670811,Background,2,66670811
1_2800099,Background,1,2800099
1_88740371,Background,1,88740371
5_43992593,Background,5,43992593
2_9035839,Background,2,9035839
3_30075611,Background,3,30075611
5_9943069,Background,5,9943069
5_61630648,Background,5,61630648
3_75362985,Background,3,75362985
2_56135560,Background,2,56135560
1_77584065,Background,1,77584065
2_69504408,Background,2,69504408
2_32599949,Background,2,32599949
4_82968420,Background,4,82968420
5_48685003,Background,5,48685003
4_12168939,Background,4,12168939
2_73969375,Background,2,73969375
1_89567218,Background,1,89567218
1_66491842,Background,1,66491842
1_101380697,Background,1,101380697
1_4145808,Background,1,4145808
5_59485819,Background,5,59485819
6_59091745,Background,6,59091745
2_42297681,Background,2,42297681
3_10272522,Background,3,10272522
3_55864095,Background,3,55864095
1_8300840,Background,1,8300840
2_55112493,Background,2,55112493
5_3162612,Background,5,3162612
2_57893175,Background,2,57893175
1_71601428,Background,1,71601428
1_94592943,Background,1,94592943
1_86627183,Background,1,86627183
2_58643135,Background,2,58643135
5_62718532,Background,5,62718532
4_81694635,Background,4,81694635
3_89360648,Background,3,89360648
5_39923565,Background,5,39923565
1_78663549,Background,1,78663549
1_990173,Background,1,990173
6_44036300,Background,6,44036300
4_25386064,Background,4,25386064
6_25998158,Background,6,25998158
2_87488022,Background,2,87488022
3_76927037,Background,3,76927037
1_14501018,Background,1,14501018
1_4372837,Background,1,4372837
1_15004501,Background,1,15004501
3_96501059,Background,3,96501059
5_42229720,Background,5,42229720
4_72132140,Background,4,72132140
1_34457880,Background,1,34457880
1_122607033,Background,1,122607033
6_58754110,Background,6,58754110
1_123068351,Background,1,123068351
4_76176941,Background,4,76176941
1_122631384,Background,1,122631384
2_22278126,Background,2,22278126
3_528274,Background,3,528274
2_32411976,Background,2,32411976
4_11837401,Background,4,11837401
4_32939980,Background,4,32939980
6_63687437,Background,6,63687437
1_132211638,Background,1,132211638
5_16850952,Background,5,16850952
3_22248128,Background,3,22248128
3_95482130,Background,3,95482130
4_60891933,Background,4,60891933
3_22389854,Background,3,22389854
1_5268580,Background,1,5268580
1_87655598,Background,1,87655598
1_2316935,Background,1,2316935
6_49458261,Background,6,49458261
6_58459286,Background,6,58459286
2_34689074,Background,2,34689074
2_42925156,Background,2,42925156
3_61911953,Background,3,61911953
4_63666623,Background,4,63666623
2_39889570,Background,2,39889570
1_42809782,Background,1,42809782
3_25718431,Background,3,25718431
1_69443285,Background,1,69443285
4_62549763,Background,4,62549763
1_87770073,Background,1,87770073
1_113594586,Background,1,113594586
6_8108380,Background,6,8108380
1_70947934,Background,1,70947934
2_77040916,Background,2,77040916
5_62492289,Background,5,62492289
3_14817286,Background,3,14817286
1_118451496,Background,1,118451496
6_21902178,Background,6,21902178
2_74901075,Background,2,74901075
4_72230229,Background,4,72230229
1_120304457,Background,1,120304457
6_1981123,Background,6,1981123
3_30858169,Background,3,30858169
1_1528129,Background,1,1528129
1_42810001,Background,1,42810001
1_48950901,Background,1,48950901
6_59477770,Background,6,59477770
5_51960052,Background,5,51960052
2_47928781,Background,2,47928781
1_6076962,Background,1,6076962
1_105629696,Background,1,105629696
1_12784351,Background,1,12784351
1_15129816,Background,1,15129816
4_77081854,Background,4,77081854
3_66052914,Background,3,66052914
1_114770057,Background,1,114770057
3_79432522,Background,3,79432522
6_65677623,Background,6,65677623
2_51464991,Background,2,51464991
2_78055040,Background,2,78055040
3_67243807,Background,3,67243807
1_6273261,Background,1,6273261
6_4614620,Background,6,4614620
4_6442528,Background,4,6442528
1_87496894,Background,1,87496894
1_101462427,Background,1,101462427
5_52634733,Background,5,52634733
4_35332797,Background,4,35332797
3_28877644,Background,3,28877644
2_52329650,Background,2,52329650
6_31727031,Background,6,31727031
3_19805135,Background,3,19805135
3_93188618,Background,3,93188618
5_62826705,Background,5,62826705
4_9135193,Background,4,9135193
4_70273406,Background,4,70273406
2_79200019,Background,2,79200019
2_93952141,Background,2,93952141
3_60763219,Background,3,60763219
2_71779058,Background,2,71779058
6_16886287,Background,6,16886287
4_64885499,Background,4,64885499
5_44780734,Background,5,44780734
3_85232465,Background,3,85232465
3_2076331,Background,3,2076331
4_1274736,Background,4,1274736
3_7029935,Background,3,7029935
2_74290985,Background,2,74290985
5_6787128,Background,5,6787128
1_9265265,Background,1,9265265
2_90536431,Background,2,90536431
1_105679844,Background,1,105679844
3_9204650,Background,3,9204650
2_88370317,Background,2,88370317
1_7782556,Background,1,7782556
1_110468378,Background,1,110468378
5_42107357,Background,5,42107357
4_11587095,Background,4,11587095
2_61577971,Background,2,61577971
3_48915650,Background,3,48915650
1_121059739,Background,1,121059739
2_90233802,Background,2,90233802
1_100763277,Background,1,100763277
1_100765011,Background,1,100765011
6_9211706,Background,6,9211706
2_74131585,Background,2,74131585
1_64253096,Background,1,64253096
5_61660941,Background,5,61660941
1_27317892,Background,1,27317892
4_71326976,Background,4,71326976
3_38714176,Background,3,38714176
6_44538520,Background,6,44538520
4_65370416,Background,4,65370416
1_81303621,Background,1,81303621
3_70584470,Background,3,70584470
4_75660367,Background,4,75660367
1_87314598,Background,1,87314598
4_55040327,Background,4,55040327
1_128990426,Background,1,128990426
2_74186533,Background,2,74186533
1_45946624,Background,1,45946624
2_55410108,Background,2,55410108
1_115268861,Background,1,115268861
3_38251322,Background,3,38251322
2_69345837,Background,2,69345837
3_91644503,Background,3,91644503
1_85849305,Background,1,85849305
5_10596078,Background,5,10596078
3_79378316,Background,3,79378316
1_133720421,Background,1,133720421
4_64551354,Background,4,64551354
6_65636006,Background,6,65636006
1_102371849,Background,1,102371849
3_91774240,Background,3,91774240
3_10055221,Background,3,10055221
1_104537274,Background,1,104537274
3_59306557,Background,3,59306557
2_24793557,Background,2,24793557
1_80339343,Background,1,80339343
5_61493303,Background,5,61493303
4_46191496,Background,4,46191496
5_47568200,Background,5,47568200
2_92180542,Background,2,92180542
1_109687395,Background,1,109687395
2_86487507,Background,2,86487507
2_82618500,Background,2,82618500
2_4671097,Background,2,4671097
3_30258194,Background,3,30258194
6_4973551,Background,6,4973551
1_64491886,Background,1,64491886
1_102612589,Background,1,102612589
5_61323818,Background,5,61323818
6_55774297,Background,6,55774297
1_129393774,Background,1,129393774
6_20368147,Background,6,20368147
3_14993953,Background,3,14993953
2_60512878,Background,2,60512878
2_78192303,Background,2,78192303
1_42806251,Background,1,42806251
1_105106836,Background,1,105106836
1_45753298,Background,1,45753298
2_91401402,Background,2,91401402
3_74402238,Background,3,74402238
1_118687135,Background,1,118687135
3_40409284,Background,3,40409284
4_24862012,Background,4,24862012
1_123388655,Background,1,123388655
1_96558069,Background,1,96558069
2_36521777,Background,2,36521777
1_50458658,Background,1,50458658
5_65134497,Background,5,65134497
6_67039353,Background,6,67039353
1_88747921,Background,1,88747921
4_60866853,Background,4,60866853
3_83035064,Background,3,83035064
1_108043912,Background,1,108043912
5_56805501,Background,5,56805501
2_7547021,Background,2,7547021
2_55627490,Background,2,55627490
2_73740534,Background,2,73740534
6_64781118,Background,6,64781118
1_120121923,Background,1,120121923
6_56267161,Background,6,56267161
6_51820137,Background,6,51820137
4_62806072,Background,4,62806072
1_7661416,Background,1,7661416
5_67891712,Background,5,67891712
1_129399568,Background,1,129399568
4_52474530,Background,4,52474530
3_14539256,Background,3,14539256
4_5194884,Background,4,5194884
3_85910775,Background,3,85910775
6_58237984,Background,6,58237984
1_71591107,Background,1,71591107
2_18118511,Background,2,18118511
6_3789515,Background,6,3789515
5_61650364,Background,5,61650364
1_110070977,Background,1,110070977
5_56283196,Background,5,56283196
2_34505306,Background,2,34505306
2_60509823,Background,2,60509823
6_62204123,Background,6,62204123
1_33606831,Background,1,33606831
6_51182431,Background,6,51182431
1_80849000,Background,1,80849000
4_4531114,Background,4,4531114
1_80876422,Background,1,80876422
1_8088796,Background,1,8088796
2_56781127,Background,2,56781127
3_75546151,Background,3,75546151
3_84000332,Background,3,84000332
1_21442691,Background,1,21442691
3_30153962,Background,3,30153962
3_8913001,Background,3,8913001
3_96301072,Background,3,96301072
1_50448447,Background,1,50448447
3_60984706,Background,3,60984706
2_62338028,Background,2,62338028
4_79561862,Background,4,79561862
6_2299523,Background,6,2299523
5_57367395,Background,5,57367395
5_305333,Background,5,305333
6_11649414,Background,6,11649414
3_81131581,Background,3,81131581
6_51825400,Background,6,51825400
6_62003603,Background,6,62003603
1_12527922,Background,1,12527922
6_67494202,Background,6,67494202
2_92508894,Background,2,92508894
6_888268,Background,6,888268
2_78757233,Background,2,78757233
4_43844860,Background,4,43844860
3_66073998,Background,3,66073998
1_87319577,Background,1,87319577
5_61573315,Background,5,61573315
5_16080167,Background,5,16080167
5_52297728,Background,5,52297728
1_24999114,Background,1,24999114
1_7752626,Background,1,7752626
4_36309773,Background,4,36309773
1_101351384,Background,1,101351384
1_20810520,Background,1,20810520
1_110522528,Background,1,110522528
1_42148475,Background,1,42148475
4_28516953,Background,4,28516953
3_4459702,Background,3,4459702
6_56651596,Background,6,56651596
2_67635672,Background,2,67635672
5_65314282,Background,5,65314282
1_100444509,Background,1,100444509
2_52337020,Background,2,52337020
3_62136809,Background,3,62136809
1_122530976,Background,1,122530976
3_18740162,Background,3,18740162
5_51093858,Background,5,51093858
3_18296974,Background,3,18296974
3_48313724,Background,3,48313724
1_94121279,Background,1,94121279
6_38564721,Background,6,38564721
5_37138136,Background,5,37138136
1_93767183,Background,1,93767183
3_26415135,Background,3,26415135
1_116665105,Background,1,116665105
1_94617574,Background,1,94617574
1_129403043,Background,1,129403043
3_72226987,Background,3,72226987
1_8151495,Background,1,8151495
6_5364128,Background,6,5364128
1_132144468,Background,1,132144468
1_71177048,Background,1,71177048
3_53657968,Background,3,53657968
3_80919049,Background,3,80919049
2_39685325,Background,2,39685325
2_66551366,Background,2,66551366
2_78254118,Background,2,78254118
5_67062334,Background,5,67062334
1_128464474,Background,1,128464474
3_24201195,Background,3,24201195
1_45872498,Background,1,45872498
5_194332,Background,5,194332
5_16358812,Background,5,16358812
6_2743477,Background,6,2743477
3_57940847,Background,3,57940847
1_81942009,Background,1,81942009
4_69707728,Background,4,69707728
5_35819678,Background,5,35819678
5_16930691,Background,5,16930691
3_90971366,Background,3,90971366
4_12144643,Background,4,12144643
1_38945812,Background,1,38945812
3_81974979,Background,3,81974979
1_98272951,Background,1,98272951
4_60474554,Background,4,60474554
3_88428326,Background,3,88428326
6_63857583,Background,6,63857583
1_108516282,Background,1,108516282
1_47467340,Background,1,47467340
3_49124593,Background,3,49124593
5_21065781,Background,5,21065781
3_22159009,Background,3,22159009
6_54260806,Background,6,54260806
4_81500238,Background,4,81500238
4_2029672,Background,4,2029672
4_76035847,Background,4,76035847
5_34415104,Background,5,34415104
1_95370657,Background,1,95370657
1_98390652,Background,1,98390652
1_33205447,Background,1,33205447
2_3023327,Background,2,3023327
1_125005657,Background,1,125005657
1_7461812,Background,1,7461812
1_755181,Background,1,755181
4_6809224,Background,4,6809224
1_43011549,Background,1,43011549
6_58338474,Background,6,58338474
2_36357990,Background,2,36357990
1_31615289,Background,1,31615289
6_8415196,Background,6,8415196
2_11432826,Background,2,11432826
3_37174873,Background,3,37174873
0_1966186,Background,0,1966186
6_29787648,Background,6,29787648
5_4608227,Background,5,4608227
1_117721057,Background,1,117721057
1_100595427,Background,1,100595427
5_57572632,Background,5,57572632
2_3409102,Background,2,3409102
6_5251178,Background,6,5251178
2_81767496,Background,2,81767496
1_33107841,Background,1,33107841
6_65477687,Background,6,65477687
5_8320449,Background,5,8320449
5_64813241,Background,5,64813241
3_95075979,Background,3,95075979
3_89312936,Background,3,89312936
2_77853838,Background,2,77853838
4_2924576,Background,4,2924576
1_64562198,Background,1,64562198
1_84916726,Background,1,84916726
1_93993852,Background,1,93993852
3_10054213,Background,3,10054213
3_28174353,Background,3,28174353
6_50398246,Background,6,50398246
3_15470374,Background,3,15470374
4_54697046,Background,4,54697046
1_12229379,Background,1,12229379
5_9658601,Background,5,9658601
2_93498027,Background,2,93498027
3_61941673,Background,3,61941673
4_83671968,Background,4,83671968
6_9338586,Background,6,9338586
4_72969021,Background,4,72969021
5_61649535,Background,5,61649535
6_45015077,Background,6,45015077
1_68955682,Background,1,68955682
2_72749495,Background,2,72749495
1_87879572,Background,1,87879572
4_52715724,Background,4,52715724
5_6920586,Background,5,6920586
2_52704080,Background,2,52704080
2_94623859,Background,2,94623859
5_21068771,Background,5,21068771
3_66005276,Background,3,66005276
5_61235116,Background,5,61235116
4_8539618,Background,4,8539618
1_81303764,Background,1,81303764
1_124319870,Background,1,124319870
1_136922945,Background,1,136922945
1_68956444,Background,1,68956444
4_81909264,Background,4,81909264
3_17427259,Background,3,17427259
2_77886090,Background,2,77886090
1_121311155,Background,1,121311155
1_75855144,Background,1,75855144
1_109065210,Background,1,109065210
3_87796240,Background,3,87796240
2_94524499,Background,2,94524499
1_110541215,Background,1,110541215
4_70494673,Background,4,70494673
3_16453824,Background,3,16453824
2_92881487,Background,2,92881487
5_54731331,Background,5,54731331
4_71190584,Background,4,71190584
4_70297904,Background,4,70297904
1_131306995,Background,1,131306995
1_101504900,Background,1,101504900
3_20019866,Background,3,20019866
6_48542767,Background,6,48542767
3_84904286,Background,3,84904286
3_6559109,Background,3,6559109
5_2059670,Background,5,2059670
3_10079343,Background,3,10079343
1_96126372,Background,1,96126372
3_63982354,Background,3,63982354
1_20791850,Background,1,20791850
6_20047123,Background,6,20047123
5_61572969,Background,5,61572969
2_56969959,Background,2,56969959
2_79763696,Background,2,79763696
3_8569246,Background,3,8569246
4_66319380,Background,4,66319380
1_8969241,Background,1,8969241
1_112432330,Background,1,112432330
1_42455331,Background,1,42455331
1_92569874,Background,1,92569874
1_8140685,Background,1,8140685
3_40370870,Background,3,40370870
3_62422570,Background,3,62422570
2_77168068,Background,2,77168068
1_135853014,Background,1,135853014
4_66170373,Background,4,66170373
2_81173870,Background,2,81173870
6_50972203,Background,6,50972203
5_56486338,Background,5,56486338
4_24867553,Background,4,24867553
5_61880717,Background,5,61880717
2_68408874,Background,2,68408874
3_96300757,Background,3,96300757
3_12183953,Background,3,12183953
3_29227115,Background,3,29227115
6_18916321,Background,6,18916321
1_77562434,Background,1,77562434
6_65658935,Background,6,65658935
6_61336879,Background,6,61336879
2_47924093,Background,2,47924093
2_81996544,Background,2,81996544
1_104215685,Background,1,104215685
1_131817977,Background,1,131817977
1_36637548,Background,1,36637548
3_27707300,Background,3,27707300
3_11953591,Background,3,11953591
1_120448344,Background,1,120448344
1_91721349,Background,1,91721349
5_59999924,Background,5,59999924
6_46868603,Background,6,46868603
2_54131508,Background,2,54131508
3_35956069,Background,3,35956069
5_51581039,Background,5,51581039
3_8890244,Background,3,8890244
1_2800058,Background,1,2800058
3_72027773,Background,3,72027773
1_111820593,Background,1,111820593
2_91274896,Background,2,91274896
5_6911088,Background,5,6911088
5_42143727,Background,5,42143727
3_8558952,Background,3,8558952
1_59302201,Background,1,59302201
2_61090112,Background,2,61090112
4_5250292,Background,4,5250292
5_24884223,Background,5,24884223
1_87480068,Background,1,87480068
4_71188507,Background,4,71188507
1_90668574,Background,1,90668574
1_34774151,Background,1,34774151
1_103838368,Background,1,103838368
1_2798710,Background,1,2798710
5_58854827,Background,5,58854827
5_52040840,Background,5,52040840
2_36313351,Background,2,36313351
4_32413162,Background,4,32413162
6_55675199,Background,6,55675199
1_83850250,Background,1,83850250
2_64872303,Background,2,64872303
1_11449514,Background,1,11449514
1_96183821,Background,1,96183821
5_296182,Background,5,296182
3_6913935,Background,3,6913935
6_9787085,Background,6,9787085
1_108908811,Background,1,108908811
5_61648032,Background,5,61648032
6_59381970,Background,6,59381970
2_61525619,Background,2,61525619
1_105945181,Background,1,105945181
2_47268676,Background,2,47268676
1_47537721,Background,1,47537721
2_47927177,Background,2,47927177
5_12057778,Background,5,12057778
4_69581799,Background,4,69581799
3_65299039,Background,3,65299039
2_82371873,Background,2,82371873
1_2864037,Background,1,2864037
1_45872627,Background,1,45872627
1_8307846,Background,1,8307846
3_83313066,Background,3,83313066
3_14959977,Background,3,14959977
2_4406947,Background,2,4406947
5_52465854,Background,5,52465854
1_8890148,Background,1,8890148
1_106812193,Background,1,106812193
2_4405735,Background,2,4405735
2_1050060,Background,2,1050060
1_94843784,Background,1,94843784
1_29393406,Background,1,29393406
2_27531886,Background,2,27531886
1_119124705,Background,1,119124705
6_41578827,Background,6,41578827
4_54652920,Background,4,54652920
1_5862214,Background,1,5862214
1_105261513,Background,1,105261513
3_77773200,Background,3,77773200
2_47927247,Background,2,47927247
2_76203735,Background,2,76203735
1_2215157,Background,1,2215157
6_64744092,Background,6,64744092
2_9972910,Background,2,9972910
4_75748070,Background,4,75748070
1_124516303,Background,1,124516303
2_81875232,Background,2,81875232
2_11488181,Background,2,11488181
1_99518288,Background,1,99518288
3_48313324,Background,3,48313324
5_40757325,Background,5,40757325
1_68948945,Background,1,68948945
4_64823274,Background,4,64823274
5_61901661,Background,5,61901661
3_42083792,Background,3,42083792
3_96502899,Background,3,96502899
4_75275972,Background,4,75275972
6_56872037,Background,6,56872037
1_24476971,Background,1,24476971
6_5174206,Background,6,5174206
6_2353842,Background,6,2353842
3_1284102,Background,3,1284102
3_14944746,Background,3,14944746
1_80437493,Background,1,80437493
3_90883744,Background,3,90883744
2_82398409,Background,2,82398409
4_20083387,Background,4,20083387
1_47851260,Background,1,47851260
2_11095533,Background,2,11095533
4_16630759,Background,4,16630759
1_119271359,Background,1,119271359
1_42808756,Background,1,42808756
6_52786479,Background,6,52786479
1_38007574,Background,1,38007574
6_63392702,Background,6,63392702
5_8427983,Background,5,8427983
1_120205011,Background,1,120205011
1_2983169,Background,1,2983169
1_100158609,Background,1,100158609
5_61744843,Background,5,61744843
1_31985185,Background,1,31985185
3_63699728,Background,3,63699728
1_9162965,Background,1,9162965
5_60819085,Background,5,60819085
3_65719841,Background,3,65719841
5_60763937,Background,5,60763937
3_29614884,Background,3,29614884
2_87200438,Background,2,87200438
4_64042958,Background,4,64042958
1_98247646,Background,1,98247646
6_3442393,Background,6,3442393
6_63912423,Background,6,63912423
2_74152838,Background,2,74152838
5_63537991,Background,5,63537991
3_52819792,Background,3,52819792
2_76640597,Background,2,76640597
1_75267053,Background,1,75267053
1_62831276,Background,1,62831276
5_748984,Background,5,748984
1_31074503,Background,1,31074503
2_94542060,Background,2,94542060
1_105322041,Background,1,105322041
2_78475117,Background,2,78475117
6_61817529,Background,6,61817529
6_15180761,Background,6,15180761
4_76380896,Background,4,76380896
6_27464269,Background,6,27464269
1_68951645,Background,1,68951645
5_66666092,Background,5,66666092
1_38025008,Background,1,38025008
1_77239569,Background,1,77239569
3_10208838,Background,3,10208838
1_84071827,Background,1,84071827
1_12264702,Background,1,12264702
1_114028652,Background,1,114028652
3_75932343,Background,3,75932343
1_119108109,Background,1,119108109
3_77771870,Background,3,77771870
5_9300316,Background,5,9300316
2_45335261,Background,2,45335261
2_92894465,Background,2,92894465
3_40946247,Background,3,40946247
4_18082375,Background,4,18082375
6_65068601,Background,6,65068601
3_88269671,Background,3,88269671
2_8235836,Background,2,8235836
6_33424452,Background,6,33424452
1_44084729,Background,1,44084729
5_10948353,Background,5,10948353
2_79760948,Background,2,79760948
1_102322649,Background,1,102322649
2_79397844,Background,2,79397844
1_82576879,Background,1,82576879
4_69221778,Background,4,69221778
3_92059895,Background,3,92059895
4_6308215,Background,4,6308215
5_64667648,Background,5,64667648
3_73716451,Background,3,73716451
1_67432799,Background,1,67432799
1_92550161,Background,1,92550161
4_34340165,Background,4,34340165
4_53892893,Background,4,53892893
1_118475216,Background,1,118475216
3_19186006,Background,3,19186006
1_96544796,Background,1,96544796
3_92002771,Background,3,92002771
3_92152686,Background,3,92152686
6_66788661,Background,6,66788661
6_49356199,Background,6,49356199
2_5382268,Background,2,5382268
4_12656365,Background,4,12656365
3_6253485,Background,3,6253485
3_85486404,Background,3,85486404
6_24409920,Background,6,24409920
3_27861743,Background,3,27861743
5_62931493,Background,5,62931493
3_32679650,Background,3,32679650
1_100528419,Background,1,100528419
6_59166511,Background,6,59166511
6_6284808,Background,6,6284808
2_47088963,Background,2,47088963
3_25495627,Background,3,25495627
6_8175712,Background,6,8175712
4_28466127,Background,4,28466127
6_5365161,Background,6,5365161
6_17802040,Background,6,17802040
3_62633550,Background,3,62633550
1_8141422,Background,1,8141422
1_133004788,Background,1,133004788
1_33197123,Background,1,33197123
1_110036128,Background,1,110036128
6_14184110,Background,6,14184110
1_1004978,Background,1,1004978
5_11109897,Background,5,11109897
3_75590247,Background,3,75590247
3_66977270,Background,3,66977270
1_108992138,Background,1,108992138
2_5655708,Background,2,5655708
4_21288230,Background,4,21288230
1_103746968,Background,1,103746968
1_81001187,Background,1,81001187
1_82956313,Background,1,82956313
6_7226493,Background,6,7226493
3_20291356,Background,3,20291356
4_12021623,Background,4,12021623
3_94610409,Background,3,94610409
5_59911201,Background,5,59911201
2_91733455,Background,2,91733455
2_57886813,Background,2,57886813
6_2035020,Background,6,2035020
1_76420108,Background,1,76420108
1_96519477,Background,1,96519477
1_93279146,Background,1,93279146
1_11828731,Background,1,11828731
2_71643666,Background,2,71643666
4_39691179,Background,4,39691179
3_24426736,Background,3,24426736
5_61647603,Background,5,61647603
2_47885251,Background,2,47885251
1_42600198,Background,1,42600198
5_52643528,Background,5,52643528
1_103132878,Background,1,103132878
2_89686045,Background,2,89686045
6_40609893,Background,6,40609893
5_52351490,Background,5,52351490
1_68935778,Background,1,68935778
1_4191776,Background,1,4191776
2_3977406,Background,2,3977406
2_4139701,Background,2,4139701
1_57687099,Background,1,57687099
2_57794438,Background,2,57794438
2_16222140,Background,2,16222140
3_28577059,Background,3,28577059
5_11349715,Background,5,11349715
4_72548262,Background,4,72548262
4_8426704,Background,4,8426704
6_10474390,Background,6,10474390
3_84783787,Background,3,84783787
3_4324759,Background,3,4324759
4_65325437,Background,4,65325437
1_92857083,Background,1,92857083
6_63720504,Background,6,63720504
3_85663150,Background,3,85663150
1_94942826,Background,1,94942826
5_16000760,Background,5,16000760
5_61665787,Background,5,61665787
5_58417229,Background,5,58417229
3_39136465,Background,3,39136465
1_112064196,Background,1,112064196
6_64780090,Background,6,64780090
2_2883169,Background,2,2883169
3_7761449,Background,3,7761449
1_8633257,Background,1,8633257
4_39726258,Background,4,39726258
1_104654169,Background,1,104654169
6_63924210,Background,6,63924210
2_93071832,Background,2,93071832
5_50865144,Background,5,50865144
3_96301420,Background,3,96301420
5_59563450,Background,5,59563450
1_112886245,Background,1,112886245
3_9203803,Background,3,9203803
2_23023299,Background,2,23023299
2_79924594,Background,2,79924594
6_6594691,Background,6,6594691
5_8707985,Background,5,8707985
2_34413719,Background,2,34413719
1_24870458,Background,1,24870458
3_91548255,Background,3,91548255
5_54606824,Background,5,54606824
4_17567402,Background,4,17567402
3_12300274,Background,3,12300274
5_61978287,Background,5,61978287
5_12461888,Background,5,12461888
1_91091990,Background,1,91091990
5_17997297,Background,5,17997297
2_79807068,Background,2,79807068
1_22818012,Background,1,22818012
1_5598506,Background,1,5598506
4_13353327,Background,4,13353327
2_89751807,Background,2,89751807
2_52371321,Background,2,52371321
4_35838731,Background,4,35838731
1_118893524,Background,1,118893524
1_18368384,Background,1,18368384
1_33283299,Background,1,33283299
3_79253121,Background,3,79253121
6_64359973,Background,6,64359973
1_107403006,Background,1,107403006
1_81298595,Background,1,81298595
4_61158814,Background,4,61158814
2_29608389,Background,2,29608389
1_100593957,Background,1,100593957
3_27227348,Background,3,27227348
5_56703350,Background,5,56703350
2_3402423,Background,2,3402423
4_49712056,Background,4,49712056
2_33809110,Background,2,33809110
4_30338681,Background,4,30338681
6_14145598,Background,6,14145598
1_68953847,Background,1,68953847
3_87787881,Background,3,87787881
1_96561475,Background,1,96561475
2_88139902,Background,2,88139902
5_61315161,Background,5,61315161
1_4401780,Background,1,4401780
1_254395,Background,1,254395
4_82001927,Background,4,82001927
2_80072837,Background,2,80072837
5_56474418,Background,5,56474418
5_40605514,Background,5,40605514
2_92500562,Background,2,92500562
1_114517219,Background,1,114517219
5_61672713,Background,5,61672713
2_24141230,Background,2,24141230
3_22361351,Background,3,22361351
1_20775485,Background,1,20775485
2_90805849,Background,2,90805849
5_64269519,Background,5,64269519
2_81835963,Background,2,81835963
1_123216228,Background,1,123216228
1_8125406,Background,1,8125406
4_46355639,Background,4,46355639
1_130134807,Background,1,130134807
1_122971901,Background,1,122971901
1_133081200,Background,1,133081200
6_63742342,Background,6,63742342
2_62367643,Background,2,62367643
2_5164481,Background,2,5164481
3_6195210,Background,3,6195210
1_110511396,Background,1,110511396
1_84563647,Background,1,84563647
3_91709129,Background,3,91709129
6_57208893,Background,6,57208893
1_100762315,Background,1,100762315
4_4004296,Background,4,4004296
1_9462315,Background,1,9462315
4_42168630,Background,4,42168630
2_25900722,Background,2,25900722
3_66005311,Background,3,66005311
3_38953881,Background,3,38953881
1_477849,Background,1,477849
5_58999139,Background,5,58999139
1_89272196,Background,1,89272196
1_83797284,Background,1,83797284
1_105531533,Background,1,105531533
3_93116730,Background,3,93116730
5_62184138,Background,5,62184138
5_15800558,Background,5,15800558
6_58051389,Background,6,58051389
4_81124260,Background,4,81124260
2_22286346,Background,2,22286346
2_5297981,Background,2,5297981
3_3446701,Background,3,3446701
1_104721299,Background,1,104721299
4_69230843,Background,4,69230843
6_39046442,Background,6,39046442
1_93341078,Background,1,93341078
3_12450241,Background,3,12450241
4_80500623,Background,4,80500623
3_66970544,Background,3,66970544
1_29386945,Background,1,29386945
5_67364480,Background,5,67364480
4_75674278,Background,4,75674278
6_67191082,Background,6,67191082
5_47122373,Background,5,47122373
3_86447950,Background,3,86447950
1_36706756,Background,1,36706756
5_53452276,Background,5,53452276
5_41145888,Background,5,41145888
3_26200629,Background,3,26200629
4_72186977,Background,4,72186977
3_61417790,Background,3,61417790
1_71644376,Background,1,71644376
1_5581625,Background,1,5581625
5_58875871,Background,5,58875871
3_68782843,Background,3,68782843
2_92671184,Background,2,92671184
1_8074318,Background,1,8074318
5_63022769,Background,5,63022769
2_51007430,Background,2,51007430
1_105627213,Background,1,105627213
3_27538817,Background,3,27538817
5_36334658,Background,5,36334658
1_99538221,Background,1,99538221
5_3665860,Background,5,3665860
2_57232349,Background,2,57232349
2_60509799,Background,2,60509799
2_56445726,Background,2,56445726
1_76864479,Background,1,76864479
5_58391040,Background,5,58391040
4_7493278,Background,4,7493278
2_93820623,Background,2,93820623
5_21370147,Background,5,21370147
2_92949717,Background,2,92949717
1_2609311,Background,1,2609311
1_83920829,Background,1,83920829
6_22454850,Background,6,22454850
4_20171432,Background,4,20171432
3_5683156,Background,3,5683156
3_54250696,Background,3,54250696
2_22883467,Background,2,22883467
1_64977985,Background,1,64977985
4_1980671,Background,4,1980671
5_49962798,Background,5,49962798
2_65614617,Background,2,65614617
1_4401934,Background,1,4401934
4_4486572,Background,4,4486572
4_18307090,Background,4,18307090
5_10899097,Background,5,10899097
5_52643580,Background,5,52643580
6_13862694,Background,6,13862694
1_132682722,Background,1,132682722
4_41111755,Background,4,41111755
3_83115884,Background,3,83115884
3_72964861,Background,3,72964861
5_61660623,Background,5,61660623
1_135713086,Background,1,135713086
2_47502716,Background,2,47502716
1_117577324,Background,1,117577324
2_74916662,Background,2,74916662
5_43279551,Background,5,43279551
1_35397152,Background,1,35397152
2_1050557,Background,2,1050557
3_71457777,Background,3,71457777
1_84728933,Background,1,84728933
2_94372912,Background,2,94372912
3_34533924,Background,3,34533924
6_11152849,Background,6,11152849
3_58259368,Background,3,58259368
5_24304861,Background,5,24304861
3_95421474,Background,3,95421474
1_82317019,Background,1,82317019
4_7133818,Background,4,7133818
4_45479934,Background,4,45479934
1_73112838,Background,1,73112838
1_119522139,Background,1,119522139
2_93191249,Background,2,93191249
5_11842268,Background,5,11842268
3_91769529,Background,3,91769529
3_91984220,Background,3,91984220
2_48144709,Background,2,48144709
4_9117864,Background,4,9117864
1_47102603,Background,1,47102603
6_2357718,Background,6,2357718
3_80084958,Background,3,80084958
2_14876688,Background,2,14876688
4_40610780,Background,4,40610780
2_64780583,Background,2,64780583
5_1954423,Background,5,1954423
4_54324211,Background,4,54324211
6_58532872,Background,6,58532872
1_101500577,Background,1,101500577
6_66593999,Background,6,66593999
1_120118667,Background,1,120118667
5_42145303,Background,5,42145303
1_6690083,Background,1,6690083
1_5865632,Background,1,5865632
6_17592897,Background,6,17592897
6_58754131,Background,6,58754131
4_25720169,Background,4,25720169
2_81843252,Background,2,81843252
1_77238330,Background,1,77238330
2_31200804,Background,2,31200804
5_59866691,Background,5,59866691
1_6414580,Background,1,6414580
1_111551435,Background,1,111551435
1_38941917,Background,1,38941917
3_76340800,Background,3,76340800
3_8992317,Background,3,8992317
6_1524388,Background,6,1524388
4_35068691,Background,4,35068691
1_101461088,Background,1,101461088
2_4728826,Background,2,4728826
5_3256417,Background,5,3256417
1_123208596,Background,1,123208596
2_358386,Background,2,358386
1_109384431,Background,1,109384431
6_22634913,Background,6,22634913
1_69064072,Background,1,69064072
2_63490591,Background,2,63490591
3_74410054,Background,3,74410054
4_47818499,Background,4,47818499
3_13864218,Background,3,13864218
3_54118990,Background,3,54118990
5_12468040,Background,5,12468040
3_96750928,Background,3,96750928
5_52138364,Background,5,52138364
5_4755050,Background,5,4755050
5_50787254,Background,5,50787254
1_39118533,Background,1,39118533
1_7447356,Background,1,7447356
2_69360901,Background,2,69360901
3_84711254,Background,3,84711254
4_75165051,Background,4,75165051
6_47654564,Background,6,47654564
5_4233925,Background,5,4233925
6_7880186,Background,6,7880186
2_92396214,Background,2,92396214
2_92461690,Background,2,92461690
1_41027092,Background,1,41027092
5_13052561,Background,5,13052561
4_82285637,Background,4,82285637
6_17237822,Background,6,17237822
1_2774789,Background,1,2774789
1_118622485,Background,1,118622485
1_13205979,Background,1,13205979
3_64851303,Background,3,64851303
3_14960104,Background,3,14960104
5_18834351,Background,5,18834351
3_65683321,Background,3,65683321
5_3770249,Background,5,3770249
3_70967134,Background,3,70967134
1_113480197,Background,1,113480197
2_43039548,Background,2,43039548
4_73009829,Background,4,73009829
1_87205852,Background,1,87205852
5_692992,Background,5,692992
3_76430107,Background,3,76430107
3_14936653,Background,3,14936653
6_50768435,Background,6,50768435
5_52708061,Background,5,52708061
3_4986924,Background,3,4986924
1_129967228,Background,1,129967228
6_52497587,Background,6,52497587
3_28609250,Background,3,28609250
2_43477708,Background,2,43477708
1_107398287,Background,1,107398287
6_2737346,Background,6,2737346
4_15916622,Background,4,15916622
1_9478204,Background,1,9478204
2_47922429,Background,2,47922429
1_5537131,Background,1,5537131
2_65942080,Background,2,65942080
2_31013030,Background,2,31013030
4_64802373,Background,4,64802373
1_92682994,Background,1,92682994
5_65314276,Background,5,65314276
1_124935437,Background,1,124935437
1_89567373,Background,1,89567373
6_8374911,Background,6,8374911
3_59877931,Background,3,59877931
5_29703224,Background,5,29703224
1_136079384,Background,1,136079384
3_14160522,Background,3,14160522
4_30964495,Background,4,30964495
2_93752697,Background,2,93752697
1_20836533,Background,1,20836533
2_90757065,Background,2,90757065
4_59566526,Background,4,59566526
1_15535628,Background,1,15535628
2_52187999,Background,2,52187999
3_95216130,Background,3,95216130
4_4489717,Background,4,4489717
4_82447670,Background,4,82447670
4_44901281,Background,4,44901281
6_64203787,Background,6,64203787
1_128972107,Background,1,128972107
1_132849138,Background,1,132849138
3_13873758,Background,3,13873758
1_104336807,Background,1,104336807
5_51970004,Background,5,51970004
2_88419413,Background,2,88419413
4_145769,Background,4,145769
2_35949934,Background,2,35949934
5_25025023,Background,5,25025023
6_4334223,Background,6,4334223
3_3423306,Background,3,3423306
1_136954865,Background,1,136954865
1_13645867,Background,1,13645867
2_28376423,Background,2,28376423
4_16970088,Background,4,16970088
5_61663572,Background,5,61663572
2_43081567,Background,2,43081567
6_63346669,Background,6,63346669
5_61688619,Background,5,61688619
5_1492244,Background,5,1492244
3_18901051,Background,3,18901051
3_6696057,Background,3,6696057
1_21754066,Background,1,21754066
6_66728923,Background,6,66728923
3_74515861,Background,3,74515861
4_8538849,Background,4,8538849
2_22609537,Background,2,22609537
1_11839629,Background,1,11839629
3_41791093,Background,3,41791093
3_21713481,Background,3,21713481
4_4309249,Background,4,4309249
5_61022905,Background,5,61022905
4_31399613,Background,4,31399613
6_56624594,Background,6,56624594
3_22290583,Background,3,22290583
2_62359218,Background,2,62359218
3_7352107,Background,3,7352107
2_88720567,Background,2,88720567
1_121635853,Background,1,121635853
2_5829197,Background,2,5829197
1_79028841,Background,1,79028841
5_44878409,Background,5,44878409
4_36343414,Background,4,36343414
1_7460896,Background,1,7460896
1_101511947,Background,1,101511947
3_14687765,Background,3,14687765
3_33127724,Background,3,33127724
3_67170720,Background,3,67170720
4_78843224,Background,4,78843224
2_91920550,Background,2,91920550
5_61655992,Background,5,61655992
4_62569243,Background,4,62569243
6_61801226,Background,6,61801226
2_78231384,Background,2,78231384
3_74963467,Background,3,74963467
4_83369658,Background,4,83369658
2_49405206,Background,2,49405206
5_65476469,Background,5,65476469
4_68722461,Background,4,68722461
2_88145427,Background,2,88145427
3_85534892,Background,3,85534892
2_88026364,Background,2,88026364
5_56809524,Background,5,56809524
2_89476263,Background,2,89476263
2_41393675,Background,2,41393675
2_93276770,Background,2,93276770
4_65260170,Background,4,65260170
1_125229747,Background,1,125229747
5_31883242,Background,5,31883242
4_68267135,Background,4,68267135
1_100591660,Background,1,100591660
1_23899098,Background,1,23899098
3_39236594,Background,3,39236594
4_3632718,Background,4,3632718
4_65137818,Background,4,65137818
4_51725693,Background,4,51725693
2_16226157,Background,2,16226157
4_55737246,Background,4,55737246
5_58853694,Background,5,58853694
5_25995681,Background,5,25995681
1_68968504,Background,1,68968504
4_72548097,Background,4,72548097
1_112047814,Background,1,112047814
5_51964507,Background,5,51964507
1_7433750,Background,1,7433750
5_25192452,Background,5,25192452
6_55766127,Background,6,55766127
5_51096129,Background,5,51096129
4_37571549,Background,4,37571549
4_4112242,Background,4,4112242
5_4184570,Background,5,4184570
1_119756555,Background,1,119756555
2_69010599,Background,2,69010599
5_37023492,Background,5,37023492
3_94998713,Background,3,94998713
3_25348372,Background,3,25348372
3_9104491,Background,3,9104491
4_68998076,Background,4,68998076
2_71720865,Background,2,71720865
1_126280000,Background,1,126280000
1_74542309,Background,1,74542309
1_12307360,Background,1,12307360
1_105373023,Background,1,105373023
3_9204434,Background,3,9204434
2_95559221,Background,2,95559221
1_2929419,Background,1,2929419
6_2742090,Background,6,2742090
5_47800693,Background,5,47800693
5_61648258,Background,5,61648258
3_6092389,Background,3,6092389
1_102120169,Background,1,102120169
5_4757319,Background,5,4757319
1_100932266,Background,1,100932266
2_78161988,Background,2,78161988
3_8676396,Background,3,8676396
3_87808608,Background,3,87808608
1_38367065,Background,1,38367065
1_15147053,Background,1,15147053
6_58376385,Background,6,58376385
2_50899007,Background,2,50899007
4_34247406,Background,4,34247406
2_69008247,Background,2,69008247
3_38818733,Background,3,38818733
1_2061564,Background,1,2061564
2_87487392,Background,2,87487392
6_37260200,Background,6,37260200
2_69538062,Background,2,69538062
4_51061781,Background,4,51061781
2_69182903,Background,2,69182903
3_96023878,Background,3,96023878
1_127212741,Background,1,127212741
1_125034303,Background,1,125034303
6_61535611,Background,6,61535611
4_68217716,Background,4,68217716
3_10635488,Background,3,10635488
4_12104239,Background,4,12104239
1_132009772,Background,1,132009772
3_66150946,Background,3,66150946
6_65677911,Background,6,65677911
1_36209601,Background,1,36209601
3_10949681,Background,3,10949681
1_110991909,Background,1,110991909
2_57121569,Background,2,57121569
1_101186960,Background,1,101186960
6_61182077,Background,6,61182077
2_76268444,Background,2,76268444
1_62998607,Background,1,62998607
5_60647096,Background,5,60647096
1_122628384,Background,1,122628384
3_22087034,Background,3,22087034
4_49188519,Background,4,49188519
6_53386973,Background,6,53386973
1_100609395,Background,1,100609395
1_6740505,Background,1,6740505
4_75633639,Background,4,75633639
5_24301974,Background,5,24301974
1_67443657,Background,1,67443657
3_52473231,Background,3,52473231
4_63667297,Background,4,63667297
2_76385477,Background,2,76385477
0_1937892,Background,0,1937892
2_20566015,Background,2,20566015
2_92504293,Background,2,92504293
6_67085941,Background,6,67085941
6_53156769,Background,6,53156769
1_107891072,Background,1,107891072
2_81510029,Background,2,81510029
1_3230162,Background,1,3230162
6_6355771,Background,6,6355771
1_26666492,Background,1,26666492
3_75883763,Background,3,75883763
